feat_0,feat_1,feat_2,feat_3,feat_4,feat_5,feat_6,feat_7,feat_8,feat_9,target
0.21863797480360336,0.5053552881033624,0.026535969683863625,0.1988376506866485,0.6498844377795232,0.5449414806032167,0.2204406220406967,0.5892656838759087,0.8094304566778266,0.006498759678061017,0
0.09274584338014791,0.09671637683346401,0.8474943663474598,0.6037260313668911,0.8071282732743802,0.7297317866938179,0.5362280914547007,0.9731157639793706,0.3785343772083535,0.552040631273227,1
0.22789827565154686,0.28938796360210717,0.0797919769236275,0.23279088636103018,0.10100142940972912,0.2779736031100921,0.6356844442644002,0.36483217897008424,0.37018096711688264,0.2095070307714877,0
0.1634024937619284,0.3794554417576478,0.9895233506365952,0.6399997598540929,0.5569497437746462,0.6846142509898746,0.8428519201898096,0.7759999115462448,0.22904807196410437,0.03210024390403776,1
0.65543866529488,0.39563190106066426,0.9145475897405435,0.4588518525873988,0.26488016649805246,0.24662750769398345,0.5613681341631508,0.26274160852293527,0.5845859902235405,0.897822883602477,0
0.10964913035065915,0.62744604170309,0.7920793643629641,0.42215996679968404,0.06352770615195713,0.38161928650653676,0.9961213802400968,0.529114345099137,0.9710783776136181,0.8607797022344981,0
0.11155217359587644,0.434765250669105,0.45372370632920644,0.9538159275210801,0.8758529403781941,0.26338905075109076,0.5005861130502983,0.17865188053013137,0.9126278393448205,0.8705185698367669,1
0.7786264786305582,0.5303536721951775,0.0005718961279435053,0.3241560570046731,0.019476742385832302,0.9290986162646171,0.8787218778231842,0.8316655293611794,0.30751412540266143,0.05792516649418755,1
0.7658344293069878,0.1283914644997628,0.4752823780987313,0.5498035934949439,0.2650566289400591,0.8724330410852574,0.4231379402008869,0.21179820544208205,0.5392960887794583,0.7299310690899762,1
0.12100419586826572,0.22469733703155736,0.33808556214745533,0.5883087184572333,0.230114732596577,0.22021738445155947,0.07099308600903254,0.6311029572700989,0.22894178381115438,0.905420013006128,0
0.935514240580671,0.5710430933252845,0.47267102631179414,0.7846194242907534,0.8074969977666434,0.1904099143618777,0.09693081422882333,0.4310511824063775,0.4235786230199208,0.467024668036675,1
0.8616725363527911,0.24865633392028563,0.1902089084408115,0.4486135478331319,0.4218816398344042,0.27854514466694047,0.2498064478821005,0.9232655992760128,0.44313074505345695,0.8613491047618306,0
0.8486957344143055,0.16631111060391401,0.48564112545071847,0.21374729919918167,0.4010402925494526,0.058635399972178925,0.3789731189769161,0.9853088437797259,0.26520305817215195,0.7840706019485694,0
0.15479682527406413,0.2967078254945642,0.9687093649691588,0.5791802908162562,0.5421952013742742,0.7479755603790641,0.05716527290748308,0.5841775944589712,0.5028503829195136,0.8527198920482854,0
0.2352038950009312,0.11988661394712419,0.8902873141294375,0.24621534778862486,0.5945191535334412,0.6193815103321031,0.4192249153358725,0.5836722892912247,0.5227827155319589,0.9347062577364272,1
0.31617719627185403,0.7518644924144021,0.07254311449315731,0.4582855226185861,0.9984544408544423,0.9960964478550944,0.073260721099633,0.2131543122670404,0.26520041475040135,0.9332593779937091,0
0.6116777657259501,0.9872330636315043,0.6539763177107326,0.007823107152157949,0.8171041351154616,0.2993787521999779,0.6633887149660773,0.9389300039271039,0.13429111439336772,0.11542867041910221,1
0.6342379588850797,0.2639839016304094,0.48853185214937656,0.9053364910793232,0.8461037132948555,0.09229846771273342,0.42357577256372636,0.27668022397225167,0.0035456890877823,0.7711192230196271,0
0.07524386007376704,0.883106393300143,0.9039285715598931,0.5455902892055223,0.8345950198860167,0.582509566489794,0.14809378556748265,0.12744551928213876,0.3082583499301337,0.89898148874259,0
0.7801162418714427,0.8841347014510089,0.4063773898321168,0.6206615101507128,0.15455333833220464,0.9298810156936744,0.864605696219964,0.9762060329309629,0.8107717199403969,0.8814162046633244,0
0.810749316574389,0.26680570959447203,0.7873745091354711,0.10809562640295711,0.8721667829060897,0.8585932513377816,0.22243371754566443,0.816586605596929,0.4603032346789421,0.30519086733860057,1
0.9668891040483611,0.2791249927218714,0.6414817386076277,0.39967838436006087,0.9811496871982601,0.5362157324787219,0.9392371403247157,0.11534175185142759,0.970400611022228,0.17856781617246364,1
0.6062088533061433,0.5114230596694781,0.38519543334472717,0.5765880434965995,0.25472250613858194,0.7087852838341706,0.0016912782186294661,0.9255751654990827,0.5384519970927919,0.7194299991448455,0
0.31391564505835967,0.8480152795063355,0.7197542630139502,0.3003222682112642,0.30928466220865325,0.40839290861921684,0.40240038705772463,0.295655202525947,0.12728779905915322,0.4204463337729083,0
0.0004059396972875273,0.2869137168689272,0.4298881499898346,0.579984781195682,0.6547056237030716,0.4649881902470142,0.4421597993048074,0.2137014009891003,0.47318618590932626,0.9011808258282542,0
0.8184234645366643,0.7511381375407322,0.672795670557167,0.22464066599728827,0.19912993272657664,0.024425387726826342,0.24484254407835015,0.47513634421880513,0.8497376946247319,0.0728282291845691,0
0.6560580111117841,0.00554481813803176,0.7509644766184729,0.7700461885740251,0.10658729656353894,0.4251461939427341,0.17588668170653166,0.9579660422795397,0.5179577504437408,0.05021838514064092,0
0.5954523184694197,0.9500396084431559,0.891425925810437,0.6126523227617628,0.7192739612759671,0.504778164824402,0.830569169721415,0.5478719506108284,0.8972081032332622,0.7436554421595849,1
0.6267484369817813,0.2745974469175383,0.07748335386473582,0.2857281508631525,0.2717151070821846,0.3197095684187623,0.5401522225184564,0.13837406151615572,0.23126147972818678,0.6939498122990523,0
0.4201435177734256,0.9048384783401769,0.5840794142042252,0.6955229864979681,0.8567320323039342,0.7655945761180695,0.38038102892771164,0.0058960835839930725,0.3517588026718247,0.7534751250593859,1
0.2205386943238189,0.21942163462143616,0.4358359760466366,0.02902481994671524,0.33612954369838244,0.6791418850283497,0.4043166691376371,0.16504473120350882,0.46739014923231015,0.1276277972811607,0
0.13569948723056424,0.4616984440515117,0.05028463348862755,0.37910386418813957,0.21166028421148153,0.32684580488130854,0.7612297078940271,0.3791262155641363,0.7520098235547849,0.8319242851552726,0
0.650144093249875,0.7812330496108949,0.6517546552438894,0.7542332040595262,0.9496117327159889,0.1993606823625329,0.020380017320332344,0.15238234578479037,0.12622097487420625,0.6694588446199107,0
0.7479256519552858,0.11453287137889767,0.8193011743110851,0.9647207730340877,0.10809874965760657,0.025678425497466018,0.3119572443946952,0.6773472868504088,0.9581728382058959,0.3966544415166273,0
0.8502932390887963,0.6004116148168441,0.12105506506731512,0.9838443515146713,0.7826353463610196,0.347203765308449,0.42837801323474445,0.3705708762180562,0.5059607896770779,0.3412311748612832,1
0.7073086437060769,0.43548714500767705,0.7337953040133919,0.9654737312380777,0.27008239638740084,0.8081992188067559,0.5381729064482558,0.4834975038831961,0.4355744930038943,0.7310262143051223,1
0.46470846660323173,0.6103317042305206,0.37898930412826404,0.02869999777008958,0.8509528363124591,0.1818398571576918,0.212119850179739,0.7978323568280965,0.34033884316428364,0.8803199797582254,0
0.48857784684878736,0.7581646534824664,0.690609339446523,0.6459028997409523,0.49082133507858616,0.7929328681323174,0.09305335055467168,0.22159640047253015,0.6917871552952018,0.3062060301300884,0
0.7028549421857689,0.27091642697619633,0.2514036762009415,0.12065588475230582,0.1925842934515174,0.11955474125505283,0.5358639653837498,0.762189609484103,0.18514984243766197,0.21638463987860568,0
0.19411757809107344,0.2274831634825547,0.17944154368540333,0.014148367256063832,0.5341350892676633,0.2743113267832673,0.9742949311027379,0.5533589667986083,0.6974173929101944,0.1262794929584089,0
0.18436367039008172,0.051376717183577836,0.9410635967681032,0.4777291872656877,0.8221156452994304,0.40070744225193977,0.07408217025563979,0.6294457069519983,0.05360907429253314,0.14919758447365516,0
0.7907408298434194,0.22568713706503463,0.5225725351302178,0.45051446488875424,0.44272100401932835,0.8601666658261801,0.9900312604667979,0.3053802443193604,0.6210273210721485,0.6096309122451303,1
0.17381354832643447,0.07506486890116792,0.002675722602885733,0.4505037046177024,0.5938111951195633,0.2912592890310276,0.23147623455602584,0.7069558298790333,0.7029875580937172,0.45403132640704325,0
0.42513896610421165,0.5445623787105787,0.6476347234024807,0.9084114452126061,0.8266311596500596,0.07140983685581415,0.16592278922072468,0.30761181261423254,0.7489577220696233,0.5692070493190924,0
0.4937952193450843,0.08044185189930098,0.03986078418361305,0.43202866416077257,0.32232158335829997,0.2503679024120039,0.0913268866309852,0.9619111021928367,0.8359586139061813,0.5751991092199304,0
0.47050082325163356,0.6515094894336864,0.9160727879267675,0.18148914722312592,0.5853296252778544,0.6347847194540869,0.49172580219101336,0.09124240629382718,0.34796105629465046,0.333308393665092,1
0.8135660347379726,0.5500966089717829,0.45482590860172945,0.3145171571701679,0.3232737862759947,0.9701847268085771,0.40417505700074563,0.5145962523291051,0.9881192147817541,0.657660386483129,1
0.759990536061017,0.20355823835027387,0.5492196390853317,0.9276727608444477,0.43811609507237825,0.6982500291221723,0.12142608336261984,0.9731468158216944,0.6088716670819649,0.23929746232765037,1
0.4614478941787834,0.11746614908955755,0.8321431737689012,0.49837550470719527,0.7166033259917911,0.5088720150695117,0.2734248967132742,0.8347239455766944,0.9802446326033755,0.24373090607513836,1
0.27624740282204097,0.7900061820031135,0.41494242355134514,0.9342483936825201,0.5077376758096565,0.8205494731855784,0.28283898328282664,0.2985558497717672,0.5869377224141611,0.9989023332293387,0
0.4553446168665011,0.3217773502290374,0.18865237370710541,0.6974984276205713,0.5717976419849011,0.2335624460578931,0.7755444750992588,0.04364729909730192,0.7447051515651959,0.7052278810250026,0
0.03701961134557619,0.5022911501329659,0.590180429309567,0.8697003133622154,0.8741903740543083,0.44030620977067714,0.5259510868075614,0.4569280744742422,0.7224438275706426,0.4099786197463644,0
0.6498366525792726,0.8517652923506914,0.8523413365658931,0.8593421841682666,0.38000939752265506,0.31666115393339966,0.718717425222983,0.7594018093343636,0.8723830173985363,0.03589909983768658,1
0.09844312638319797,0.6337478287807913,0.8725792326070907,0.4436785516617058,0.6940011627932345,0.903424062050486,0.04599096867721275,0.7961434651622118,0.2933677759652088,0.37484108977531483,0
0.8708395986448548,0.6197103685374153,0.24082979185631304,0.9128290160235548,0.14311772012850965,0.46114991335499755,0.2539773394135423,0.25532670815915404,0.009397431454871041,0.8046330769751463,0
0.6389387023600122,0.4243089384608977,0.25009822440770124,0.8453039251425987,0.19921699910889235,0.38469324896734547,0.4832080610592161,0.23720570192757462,0.5719226923507389,0.5748119301786451,0
0.6857994927340121,0.7446688411653252,0.04904425077599994,0.6064064930764745,0.4967272865238703,0.9041552908937254,0.28619415145919447,0.7988601195075987,0.607064998164266,0.35232095583531653,1
0.6282481036868983,0.9034037040729679,0.6463406088905228,0.3089328839526361,0.4408231901628116,0.5795738053684028,0.7323597679392383,0.09013337574621894,0.2951104516291553,0.7474808649383715,1
0.8304726195673974,0.2569700845632623,0.8246898125424073,0.4818478298737412,0.8064884937937665,0.746559350717045,0.3387152538018863,0.1151697074497594,0.9628932928688776,0.14075701500588267,1
0.3657750494055664,0.7906819685889375,0.013918655100901178,0.5365723082690591,0.45478602773387466,0.6728283818737536,0.6723407973510132,0.584560091652166,0.8224173012267743,0.9402918917795542,1
0.22136720007399002,0.06321704116019544,0.8238553513904476,0.909387638427892,0.30219017452925023,0.4082958557954127,0.13977701250722108,0.9462615328819463,0.3043645843560052,0.49262461897820586,0
0.9459740857794321,0.41912675341472283,0.7422690147653158,0.15452290240983502,0.4148845274368069,0.0990216347105285,0.4893470377896145,0.4081158856977005,0.9515215253810595,0.032716286855046905,1
0.5444658614821449,0.9778425294520467,0.35867384121231793,0.3981396427443731,0.18980856216107955,0.12215971908726375,0.848033188463681,0.45471736857051714,0.662768738061978,0.6417044672332176,1
0.0686101528243559,0.7651573758885845,0.2071573703466585,0.21595135191867476,0.8696954267695447,0.3285595534322304,0.1475541799414437,0.9005310356317582,0.0028355514800163517,0.8584061263801763,0
0.014860327230708847,0.7899846642347539,0.23793160609046304,0.32377146196202244,0.1742462014061772,0.05239901786117651,0.7417180569541495,0.5260855265978671,0.7456652750339957,0.47624596542325026,0
0.7832269959803796,0.8669809077598383,0.5214512147130841,0.45804252209768204,0.9640261831220287,0.06082540749450582,0.4789819109983633,0.4016172545125605,0.6860974960622327,0.4902688541442253,1
0.6330767243010155,0.5483564340483605,0.32518544331866794,0.9946277558609236,0.5305568374313245,0.4537154175754716,0.6054267915353129,0.09917846167904198,0.7017794185460662,0.852792737295575,1
0.3389316188351752,0.4534989029074473,0.41598965026149526,0.09508583927563086,0.426764006260958,0.6651078630603089,0.37430102343553684,0.15263892476872376,0.9229850357343844,0.06713330813664775,0
0.586465082739477,0.5615864139920724,0.32964598141620505,0.1222312853545593,0.35359807963376766,0.6653405200029154,0.7502842502514783,0.8680921488690649,0.7210606787461494,0.9683986253114745,1
0.10821838192726663,0.8453734186013451,0.36756105061535016,0.7626056319368497,0.5741000043314627,0.8072213711523444,0.8451551613283581,0.9745466021257082,0.8184268595406696,0.6135732805354648,1
0.7026987728656047,0.30898468882991015,0.33982465677725837,0.00610578940365869,0.8698627065364382,0.5663210947613763,0.40078434399951557,0.14187465415126865,0.6331720126555138,0.03065709838090591,1
0.776835619966741,0.5675935566143973,0.0849570399771793,0.05260882642552178,0.15740989710715314,0.6178381819260306,0.673968710613113,0.27210284354621894,0.6619386928082612,0.48566170489099625,1
0.678486254760133,0.4866327533642508,0.6671325587363496,0.045417362604427525,0.39526339608762895,0.5993249569444504,0.007687085899882873,0.3014193620184368,0.21123397922031228,0.137234805257327,0
0.7036712633826636,0.5002623465562132,0.8333542024198782,0.8062001865667638,0.07207549659215784,0.8617643620225885,0.04230226156279138,0.0187415365856457,0.9211624345024124,0.8621100136120664,1
0.32476817944551384,0.8013221543104522,0.6181252633042402,0.8320259130717071,0.9197697517413846,0.08812988129788468,0.8444843598146969,0.24331647482273366,0.5888712883029119,0.5239625430006316,1
0.11402663983855255,0.509952062322972,0.9059227315800504,0.3493752654723803,0.7273791056739043,0.8189486015248519,0.8150370057500141,0.23626884894672429,0.14644421827769438,0.19727180282398327,1
0.7544458252469858,0.7598771496077484,0.448905256995063,0.9241542583856593,0.5644917834027993,0.6352983190605934,0.6245217794418948,0.8642468748314162,0.6272174068997718,0.1509574013930769,1
0.31040785060631093,0.4519138637006822,0.05689005083395238,0.8316966316631215,0.076731001173455,0.8642500339252391,0.8552933714560903,0.6150083884155736,0.5070678173339551,0.4627116589272723,0
0.32152676288042836,0.4756290279430695,0.15086107669563853,0.061873700101100715,0.10350187727039162,0.8991268339557735,0.3434377758382676,0.7143155491674626,0.5045490015009574,0.17255891143636493,0
0.2828935786144179,0.4087693972473203,0.33836714684141955,0.5978858623829895,0.7892269315636647,0.6473053569693069,0.06591185427971746,0.09450594751509434,0.678379344840081,0.2841469738781137,0
0.14142838058431784,0.3498207875358442,0.9676965076927446,0.698479962811881,0.39195798433536033,0.5950412281515748,0.9380021995657608,0.30958188741596093,0.3766793060563002,0.7916619578635435,1
0.6460248207334879,0.4234063663221037,0.3618280963467846,0.3625976689820444,0.18026292287684464,0.21419266120890035,0.9476682675343469,0.4862709208727273,0.22654304653388724,0.1375653531770793,0
0.03774749235756125,0.33676437196428155,0.7663076044472416,0.13104904142950802,0.37671987082252467,0.1622472120884505,0.8313450566891255,0.7710978137309884,0.8090437196393011,0.1655391657440587,0
0.7485365180954363,0.44892796303334037,0.5340111496982611,0.3094678965627896,0.8086238710907864,0.4690156050322527,0.8351133927257074,0.3678409582250328,0.9471301702441229,0.9844397935315773,1
0.8012592241515476,0.1383985346034312,0.25000321158900707,0.6411790362044472,0.874116945052237,0.5545407454244312,0.10258973174840935,0.8458922767334385,0.8511660480847788,0.28506301405932843,1
0.2220380069069806,0.45112799022070893,0.3495850781386489,0.02667019080293853,0.05325688717107446,0.5020071146932354,0.23577807386343264,0.9945253512382912,0.3749126734177676,0.02818754552815006,0
0.8297615831528226,0.6960719885759836,0.1387926918181862,0.7055361752890804,0.4486014739822466,0.005251198305617932,0.07922577127072128,0.2559239284370447,0.834963099282381,0.5488042454438354,0
0.41982554375344305,0.7938991086394381,0.45711361663644867,0.110857895290015,0.9051468856619985,0.596739042818947,0.016435352205894427,0.5153757302094061,0.24193813442099332,0.14357684024626005,0
0.9746544909522217,0.06767932290884604,0.5260594453221705,0.5073276965797866,0.9883314855964674,0.5541519524181955,0.3904537325600641,0.470135078158486,0.63567079146863,0.9810394225515603,1
0.7715013741098591,0.7351869848123113,0.3325186083719849,0.044335688295208175,0.5460137452076915,0.8135088655560881,0.17508912705170843,0.7791425934782815,0.46462289974703774,0.6953892519960639,0
0.043806275659123095,0.19946983371518834,0.041905941930381996,0.9333709799503973,0.5153835892544988,0.9891227022961234,0.5430306976541859,0.2533137652026174,0.7532909188188649,0.1911034307339109,0
0.8894865170122814,0.7433077055196212,0.8946374949550533,0.38664476826069216,0.973723584315309,0.49620322653702265,0.4975233924936273,0.9243104666269636,0.519275853534942,0.8011480874017738,1
0.08006891107499525,0.6609192214581366,0.30649585609075247,0.6026216277305998,0.4261160728830454,0.6897648084454863,0.3515469837719921,0.042355162850129524,0.8700371750563921,0.3525593103084823,0
0.3633111306509823,0.8010959755621699,0.6794106078146899,0.9527893962796078,0.14277946836254973,0.6075729033208553,0.7813119697434665,0.034798965798542025,0.06723336306210881,0.7785153735068654,1
0.3720133784706837,0.7630844717985795,0.5739217783338957,0.5294598815362896,0.39803404595244996,0.6495607367060315,0.24961165309339794,0.11344861258501804,0.7356748594794277,0.4990439602564668,0
0.285576877698158,0.9164789095418814,0.4912001952542241,0.12263742190397087,0.8528262903843227,0.45204268524539737,0.8986790307862303,0.44511119274245503,0.08779074110473106,0.6819292602506372,1
0.8513620507531259,0.7118091040072126,0.9273244567231778,0.6377000225640163,0.7936963838450027,0.5087557451743008,0.12136245507845689,0.20098037117768575,0.13887687203836574,0.7903730608077492,0
0.08621548165193271,0.30929071752846216,0.9995950439343869,0.7188696598907195,0.5256956548303001,0.769164550374698,0.8233393995083906,0.07375071291123902,0.9723797315137659,0.6423385893863813,1
0.18196313655213736,0.9662646139341068,0.43261828648197487,0.9107122709468873,0.05541285001777707,0.12416112063901219,0.15301546681020062,0.16465707989012413,0.3226607511545556,0.7093321325292459,0
0.5508414154831397,0.1251702951269027,0.30282460610887607,0.5334780297683805,0.5025731447412627,0.16863590174770682,0.9416069878685959,0.15419426687956317,0.6587328733837543,0.720632768437273,0
0.6414537338243601,0.5767712314773791,0.6511299774855999,0.7669590009163111,0.4165867836632462,0.6389911922088705,0.49803806013611607,0.6271640102980843,0.2896716568016058,0.956650169954405,1
0.439605499920411,0.4842511301073592,0.2040230135633987,0.6066602628206363,0.31258249924693304,0.7183628851124375,0.7341997548045468,0.8607773657543253,0.9753741279148802,0.13076615155238647,1
0.09681165256057145,0.2902120049699015,0.38414983350160603,0.6153774441639687,0.2482702803811866,0.8653075017207177,0.15969966213016096,0.32743582080119493,0.5776870378935964,0.31271492086227304,0
0.9452328040692373,0.5054444630237716,0.9666866305524754,0.2151444225262411,0.35289508885635534,0.05054040462789189,0.4948942035251763,0.8823394763682011,0.6542600368896171,0.4705868533681957,1
0.365937352517563,0.4005816210147566,0.5702816438810293,0.19465530188771907,0.5532229266211517,0.07353174974284182,0.5042555291232047,0.7644041147072396,0.279720677623982,0.9890907006207226,0
0.9389485669553754,0.7549651722927939,0.19905788155244997,0.5091225162251821,0.5000779035706439,0.04530335246707473,0.1370363735675204,0.3330407053527672,0.47374415039519,0.45698855928287396,0
0.7393193605736041,0.29923434252831826,0.33637345215167835,0.8282893859573759,0.5323398298758764,0.7087398064354379,0.2997905647374137,0.8157488332438242,0.3683578098657696,0.6738063924730165,1
0.4745902140850605,0.9670706961720509,0.7829039914314214,0.7761620251720721,0.5776343958641829,0.7214001122963067,0.58352327704764,0.17051206174665934,0.6290252411453636,0.6197358055010894,1
0.018937367506612568,0.3136924834458552,0.15143125811934544,0.6905002609185255,0.41037740932270506,0.774972301807091,0.9205209498972107,0.8728177089123204,0.7358372712686814,0.06228128601443195,0
0.17318242385732774,0.9121241609240104,0.34232701768184615,0.3542869886448128,0.7719897841487408,0.7209245613272927,0.6433090999994615,0.6933133100298209,0.6100765800787515,0.1922641691367134,1
0.20727779485464026,0.7049882597401967,0.31704074501844803,0.3488031742013066,0.9337003747708006,0.7954053560023335,0.27345753675542306,0.12187410573271507,0.6766222457825457,0.3796941853743825,0
0.7141412874983953,0.3463635140956165,0.4423761118648354,0.2564439754734821,0.4790792630164832,0.20206800720059648,0.5385779237086528,0.9330239337833077,0.6961713006468226,0.13727295480092294,0
0.05249110683946279,0.4133013660482586,0.7173580562502436,0.1005449047773479,0.7707660580982791,0.00518144640713003,0.5503525657796167,0.9290996801699778,0.40690745154688346,0.9350320985961516,0
0.9079369587356224,0.08946072051151632,0.5741333531753733,0.5351522768936047,0.7231176782424233,0.936669379750626,0.9132297256698525,0.1750647754809631,0.8822449731648332,0.17578870753886255,1
0.926039697896443,0.8767431679179234,0.009267168480099786,0.5679618686644954,0.10730069077353799,0.9829938883710064,0.28456165235004627,0.9890994700887233,0.5433004835569749,0.49391242034181915,1
0.45891447103236116,0.2572648802295191,0.18619906912806772,0.736617895492257,0.7907676644252557,0.5677812224209393,0.7572827502575612,0.17549491383846472,0.8561465042734577,0.8970427617839751,1
0.3236016700850828,0.248047083667145,0.26078527706544385,0.2355212528015339,0.753756651781457,0.9540348226549126,0.3019458396916147,0.7228825284009974,0.01143573419416799,0.6536833670701987,0
0.8951183698162541,0.703557035102256,0.3109779483846603,0.11741574584477632,0.9161303858506353,0.2950376001562468,0.614625448143849,0.21912860093534392,0.13356878219680413,0.1531855646891792,1
0.6640944393396638,0.21841162265732594,0.24746542930857773,0.7547395497248653,0.8731350584877333,0.08187030647327487,0.4467479774964833,0.7037661251558726,0.07810272214744018,0.5641687222734748,0
0.520341541184787,0.11624002218466423,0.20540148553936155,0.5831476784410176,0.09094164445168784,0.5103753540328345,0.8086920831772372,0.453432300179782,0.5132478432016415,0.45679847571187604,0
0.7458044828318157,0.5783112650590354,0.04528980272782879,0.34452886656213455,0.0637599121120832,0.9941236604769201,0.9345827988849464,0.0690191461603138,0.9337755625849307,0.031734871023079037,1
0.9928565985808789,0.38247961885137205,0.8696202853107085,0.9067673115245726,0.3756455338019876,0.6827303541015414,0.6617925381254681,0.5393002639188602,0.653534098418702,0.34776988713915025,1
0.022735327321966592,0.29836298870298184,0.6734998577765671,0.5444453390250208,0.5319336084967587,0.8233604373757843,0.24751203850377557,0.34615973498762675,0.2756497277951273,0.9374103611350668,0
0.01564579636354957,0.20608162185021417,0.10089671309250703,0.03357627575428079,0.5977848967315527,0.7032862668649287,0.0486763212437491,0.7405410784798616,0.4022653508109063,0.23433927848756164,0
0.7315174831160183,0.318903696369192,0.5979176742772624,0.6725319014369137,0.32066511539298315,0.30176443514420326,0.14326043416332868,0.6602124238107432,0.22104274044603256,0.3005009537574196,0
0.49562078749302096,0.9722902353436859,0.9415864098319118,0.6713425247457223,0.785804595980518,0.3187344573163122,0.41632463342144466,0.1492176078251637,0.37646018850713203,0.7544160972381253,1
0.5623859495869091,0.9677861885466267,0.5572867581992731,0.13409275105907803,0.24285851608958575,0.2033367330600544,0.6467058515479447,0.9222261045112223,0.8471333859196118,0.09246399652686366,1
0.18816329393275533,0.76169641753721,0.7243052398521491,0.5588504762725273,0.4793942064709148,0.8694738515245379,0.3329643108188213,0.9570197605266731,0.015333706228492838,0.9371597632022477,1
0.2045131429778937,0.9151264595935564,0.5520792925478145,0.7755138820637703,0.38066174437292255,0.533650127416263,0.35925955555157574,0.2615616273853526,0.5128165400237735,0.49727729310098334,0
0.4139301705786246,0.5625247274643543,0.22127409831622524,0.14592271310254856,0.26077410990976957,0.9347582502963535,0.5791429260374005,0.4175780735551736,0.15241141018414328,0.3298652859778599,0
0.8215919396923563,0.9665082672503437,0.6416944543987072,0.4905955825807824,0.168233645951541,0.7949755143536341,0.16926571086018172,0.7203135307620937,0.4883163212541324,0.9168993896943668,1
0.6682155433931528,0.7643388435720192,0.4123922224155927,0.8425447168253485,0.2314333920774455,0.7071695637034598,0.009141461690661767,0.5057329196930651,0.3732006926868119,0.617835235876803,0
0.011850968127892436,0.5294176468416506,0.274740737197832,0.9774793482325117,0.0171425976024272,0.8131572209139099,0.6740329521192103,0.8061676989474289,0.9097733659987661,0.1070164286944929,0
0.39689642249807144,0.37305158346368217,0.40602740987388597,0.5650021824479691,0.9902330316397273,0.22585725262742218,0.6840416254703855,0.8478671020315357,0.6537357195591531,0.8582191590211872,1
0.17138357522104763,0.499858393112792,0.4339096519716623,0.7843763107901112,0.565856627951035,0.8579603133636694,0.09536183547073007,0.528159185641648,0.042551757617045105,0.21141705588454718,0
0.8993116508650086,0.5635098640479835,0.03290178015347189,0.9287663612546593,0.31448469322665096,0.9614691898760058,0.5870361040844884,0.7522544698468651,0.7127113999493597,0.398296020395122,1
0.33172983962182856,0.7556092645208923,0.1399505942351973,0.9884779579141031,0.7241635700943149,0.5007928516377251,0.9743233274359964,0.0536964319473936,0.43708825284349917,0.838674657613175,0
0.2733270286287973,0.9925858784507974,0.49060345611079326,0.3558111977058479,0.9411428449707254,0.4318479462395447,0.6796948580881589,0.6606719075148755,0.08569411763673573,0.6186158902598878,1
0.7396552889765946,0.31667822868153617,0.10655091771126113,0.005195222370030117,0.30826745513629805,0.3599174973468966,0.2697664432393865,0.1325070044941994,0.18739178352787722,0.44884367702145145,0
0.32443033057241266,0.3852379173959837,0.291847351296321,0.3877995593783937,0.08469951692852251,0.9011360448564331,0.9052075743133589,0.9781730640138873,0.5719604307495395,0.1695829233923255,1
0.4211023397725243,0.4842313139339285,0.07692136139515715,0.25169973778890287,0.24659006834700292,0.6250336877688947,0.5938063980390786,0.19554822488026047,0.106972367580902,0.30465799575125696,0
0.8154754700030031,0.8595084671008352,0.9742253765046068,0.1361244715782648,0.32066515537508766,0.9472789220161162,0.2008514887020717,0.31418328119544137,0.9645746230947939,0.9687252217466955,1
0.8164945154329131,0.3929351297394599,0.11388782361199812,0.5638505086287859,0.5922270342503855,0.5456290854508221,0.6817126331300877,0.5500991569974728,0.953004611486296,0.46162222283314847,1
0.4091415902449015,0.49930321528896027,0.6333360396536636,0.24202116767079884,0.6586629685323181,0.7152363912994262,0.7890767632200629,0.07396513558228845,0.990700614436968,0.4792346997726262,1
0.3595294930162599,0.8955015153608991,0.5369059860245878,0.6381803670108411,0.08498193405098775,0.7689540479200405,0.6576016445807656,0.3550088194484896,0.6469998479834043,0.044296693527849595,1
0.010547772784579967,0.25873837040365544,0.5106762405250447,0.5187977668493495,0.5805182955240041,0.5752353982704261,0.44577855150490675,0.39113416867750284,0.772342232462432,0.5885899565401472,0
0.11606933795897467,0.940676158146193,0.1416751768315483,0.31189034389754144,0.4553326352258771,0.2068673262083145,0.48292599877938847,0.4761625312091635,0.4381659382730271,0.6967632655236661,0
0.677139332890884,0.16435409285070324,0.9839004705882779,0.2439129465519927,0.17445323282413394,0.1601357112153593,0.5598489524898631,0.9584626217339497,0.23185554741141035,0.40504743628025286,1
0.5922031583603683,0.3888357803557071,0.7047356159597344,0.20578447936732192,0.7523254953604916,0.8087297886312608,0.06256375146916437,0.10175204872714239,0.8719793300098851,0.1869598356320934,1
0.5969708292829935,0.6113084211390019,0.587004714565218,0.3479246374367544,0.8455178026695592,0.617362679336425,0.8137382542609338,0.70598836094598,0.2974448346993519,0.6144845157129195,1
0.5108248694871609,0.4182391062112586,0.13786729853455748,0.383709962837687,0.18575369929276564,0.6355016420586352,0.6934329265293553,0.6452600950799504,0.999899552563092,0.5549125758324974,0
0.009583439563281226,0.1365347146624959,0.8152159406538618,0.9638290894149398,0.5054380197306704,0.49496984786640363,0.6846966705599865,0.4156304352741119,0.8398918021012227,0.48869951193968564,0
0.1682089774365737,0.45732138727344906,0.742518251929787,0.7659195549436907,0.5497261845380513,0.11321099529202316,0.11420665135896879,0.7751130278639955,0.8232828079975666,0.3668617721054209,0
0.8300707165425397,0.7513454947436722,0.29770893510289365,0.9993126692789077,0.44973234283041374,0.3485769768223138,0.8167285851164385,0.43906990338333296,0.9939576843186171,0.7756316498807736,1
0.1659816176902592,0.1392349659267761,0.20661965618677336,0.206942720751766,0.05935783363934111,0.35081547895283094,0.281085018790198,0.538768546047638,0.32365361585468166,0.7040537617551885,0
0.962771994993792,0.7856910482912973,0.9187687118298253,0.9924862256446744,0.8670475904337784,0.12688816861381025,0.8660787949911568,0.24967724193813978,0.711394848839169,0.8284818026986326,1
0.45199172255036435,0.6336277633502977,0.8801250813073235,0.0930947840426174,0.515613472087699,0.2782256878517837,0.9363361140885752,0.369071174075422,0.9502540788653826,0.3272892801609303,0
0.3582227293409872,0.06333068606017467,0.5344244643875649,0.21782993501520587,0.42964310068523615,0.21185146640773822,0.26853683831442254,0.828343617048808,0.33775515517078736,0.5779336402609515,0
0.7838897618405682,0.4595817626735669,0.12423717923039845,0.8576515999286138,0.4412859488764266,0.0006759315121042109,0.9580317693039723,0.20231820639739972,0.6885918819115103,0.13191308738401353,0
0.37184376764676574,0.9038002688356579,0.16552507915934378,0.3963415669322332,0.3055092448442307,0.6994413715245735,0.23414384148441947,0.655485228383535,0.7036980397640442,0.001086303691723689,0
0.8171090269132985,0.988154909464272,0.4223139337750599,0.13217515109256084,0.0708283054005121,0.3830699256757727,0.730763381763971,0.10242717044950667,0.3133514774409062,0.8809889949802706,1
0.530508276546681,0.008474741953009568,0.6500202131578069,0.44009942077985187,0.7224320263643224,0.6280800383409025,0.15137413084428097,0.4117098943596781,0.6865661698757399,0.85996252460215,0
0.31450366818216935,0.1398301888092337,0.2769676569448454,0.08424871599798667,0.5533966317847301,0.6000078672258529,0.6075930989155233,0.7789696525132599,0.6904760750146538,0.847892104439959,0
0.05456913101525296,0.8979125603569896,0.9546715113471528,0.49488771994326686,0.11274366260380853,0.49958254127265755,0.5939297681377231,0.5282865009361842,0.9776969478433356,0.9868825328431889,1
0.7627259378955857,0.9544529839408864,0.7703670492246139,0.016689401770856205,0.06753256927276718,0.2621852771620671,0.03982686193718976,0.06046885958820569,0.7892899989930914,0.506610604274927,1
0.616047055666748,0.2774677357345601,0.3099068856166419,0.5113046982953314,0.20319749395782782,0.8080600809706533,0.5363901728894583,0.3907315029683497,0.6342942473532567,0.8345264691847527,0
0.08621279839148932,0.4344835886060191,0.45337184229714267,0.6088324044274436,0.3092900638735262,0.7416935090575543,0.7406581802341782,0.11944300690788745,0.7079006071180983,0.7014996112238661,0
0.12693060748112484,0.7811239799369876,0.26876448640924566,0.886414759740656,0.7714302904896246,0.029356251172803494,0.8071078466573698,0.27198059502135374,0.06387198912314807,0.7123232482004954,0
0.3676877778568117,0.2551160810390781,0.1029049150218696,0.5739123051920565,0.7227783733258665,0.22840442315325105,0.5088248849106468,0.04403790726280954,0.8629284949026113,0.24455145035670345,0
0.913947669521129,0.7406658281065769,0.4193693043627985,0.32180201447206125,0.41625659850131536,0.7202879214281971,0.27125795800981667,0.07788706996691197,0.3728081667378613,0.5020409425595828,1
0.4650941779168861,0.28230687062090243,0.844846504261328,0.3273009217261189,0.5530913953240676,0.007969173557455522,0.20067115345295583,0.5638067408241869,0.30390930726808296,0.6227175238921046,0
0.7604822203216965,0.24512687437658287,0.006377882751804065,0.4100361095660199,0.23299774185974298,0.3464236977394062,0.8395740068961739,0.877198614251575,0.9509902621434433,0.0014620405355777466,0
0.4920288768498976,0.05989507565318963,0.9969592701075485,0.7116524747001027,0.09302663835808822,0.9212744029721064,0.8972874719314592,0.519759218492037,0.7008469096986796,0.37249197407408075,1
0.5678207282892083,0.4349828784349853,0.9642182747327408,0.2367717347418965,0.26099093892361,0.3150089154097583,0.8008168219994952,0.7007256063215421,0.735352868782368,0.3180577192661006,1
0.1643749806997682,0.46605511243666176,0.40651255190921376,0.5359245490900236,0.9646347222502287,0.20763622561035355,0.3083077182125046,0.2650079269147082,0.11991355635539358,0.1576153770655162,0
0.09121290379134861,0.24821878946125508,0.3557427555042837,0.5134596753787295,0.6771833769890718,0.2601667927212239,0.9906766204079072,0.031082093358759555,0.40439222644717465,0.4522011694010627,0
0.830372331894636,0.9825672374836216,0.13071523754397796,0.8236734151883558,0.37223974381599767,0.6302975486038245,0.6446850157085018,0.5823238014140631,0.25882065234652585,0.8127470916136144,0
0.829356177217418,0.33154989125227674,0.04269631909043081,0.4609949220019407,0.16798920872905643,0.5738841998067228,0.8216854015322838,0.3949986882219194,0.029482293000291482,0.6832129167516828,0
0.6191765488458958,0.24578477924524544,0.29510516299971645,0.41199220629616506,0.5506886652039805,0.06097906893284277,0.27977598743897136,0.1372360171320648,0.19945780666658663,0.884652516224965,0
0.35911210983756503,0.5445178060340516,0.4846794854405083,0.912677016598367,0.5023932555437417,0.3883812745693004,0.17981587369786922,0.31887756732937955,0.21902018807309453,0.8957647816143137,0
0.9739798617335022,0.10013433730495758,0.6568644213762342,0.26652700106568306,0.8162851616087348,0.9172594825704405,0.05590865585244975,0.9963920485064571,0.21941158604392486,0.8465050904651331,1
0.8062102253593884,0.69762656359958,0.9139800041285343,0.02820656972715907,0.7005608033514182,0.9475587350700152,0.5636064867831937,0.5631088908640184,0.18823366490525628,0.9880062104046431,1
0.21880894169157727,0.5264485141485109,0.0006834963838308061,0.9178961859206465,0.20146438335214112,0.13048954561918258,0.7169376326908161,0.918780787307206,0.8442840864376507,0.3235888113048372,1
0.9605587502757579,0.3735907800833732,0.9419232134680416,0.3955955623538543,0.10103217018068633,0.3017651537254691,0.13645166885749005,0.15750388601684584,0.9486935320263234,0.7918425249998717,1
0.7869917925955768,0.22323721398064245,0.5889501557831036,0.1753516299902208,0.306823229297958,0.6884984395989572,0.1273483647235355,0.728830955935999,0.9487881042212877,0.9486981598499029,1
0.9675316856159355,0.22089525043701208,0.5655502461203205,0.9366877935542542,0.14064336814856837,0.7453433281019824,0.23799592514939694,0.9823796549403568,0.16788741675158414,0.8853202533951373,1
0.2495408631352788,0.06779478006423378,0.2566579415427148,0.10803460121462927,0.001281157494689933,0.3859370979534099,0.7325844944987686,0.9691018251056852,0.8845519975872275,0.4930819934738476,0
0.6871604042171144,0.16265651174848839,0.07370938956137418,0.8457624840245603,0.29490861311613015,0.3187169079566575,0.9516621314341206,0.07420040176665932,0.1701052031511907,0.37545788407999636,0
0.4827367864884782,0.030993204052174983,0.9424422581019638,0.1649971947619141,0.8897532704040436,0.15710377733078407,0.10125781097333564,0.20555047671793714,0.18998425758838544,0.6971967038073571,0
0.5717698078577416,0.839854504845651,0.1535899345167342,0.36082892122727306,0.4276059574457135,0.2945494489662148,0.6620202260098677,0.6002155280137688,0.19967480076094635,0.025735692731685744,0
0.48909681212065725,0.6610400547460049,0.09113687755067923,0.5441260292196803,0.18488122054204725,0.8854926927495389,0.36940166493194504,0.4457752707944581,0.26329596668288424,0.4650579561546505,0
0.3437913865460467,0.5414490060060221,0.9707055371735758,0.5897264423036035,0.5536019061579088,0.8407971664302505,0.8184052148653735,0.41863207493445054,0.5355144119789297,0.8668940137055623,1
0.5021014703156048,0.9004550614715918,0.8004503367206857,0.6775348855760303,0.620273114349303,0.12028187475543328,0.7571887556391934,0.17287897280649445,0.9843679902491329,0.9721648783377569,1
0.6272262122323978,0.8341081186760042,0.25788635998777654,0.9108044857315942,0.9141739368985866,0.0670119530486124,0.38809915301475073,0.3973549943570359,0.32612680536973604,0.2762008199072493,0
0.4144423987689787,0.1481997412934446,0.587934133281388,0.758377387857673,0.9396499849871098,0.9249281667592735,0.5626837594773225,0.10099044282544867,0.2860928540488724,0.5356334811459167,1
0.2754141420347538,0.14385267062667373,0.608655264085627,0.693661253167092,0.038782532481795085,0.8895742139142575,0.3314940757342707,0.23757929391630717,0.7457498198391361,0.9208349829061653,0
0.6961828446749748,0.09821739027274123,0.8689000250991986,0.13438552096844048,0.9742194246033105,0.44311061333142887,0.8258233317797505,0.26941998100876363,0.41677272770538276,0.6455548114276443,1
0.8210173923984603,0.5152697026095568,0.15897244263900046,0.31112309328890886,0.5067952752365554,0.1356498210170598,0.8512953409871922,0.879332591359856,0.028948159320185685,0.19276344683155822,1
0.2739774984743589,0.8235062916891162,0.5051263749371638,0.635409809075844,0.12387285889069999,0.030563192381993565,0.3724667615353072,0.5940435934521513,0.17758369416386166,0.8704807719184628,0
0.28506937643476193,0.3865656707409847,0.1629074055986205,0.5722580610203007,0.9649176092022551,0.8571111874383023,0.647379891761482,0.6776952460909708,0.2690835792689571,0.4095071964955421,1
0.6011419504945338,0.008463727114871311,0.2523904413606515,0.8050855691954864,0.3054596983845568,0.9670244433683767,0.642740311290164,0.42380680065961907,0.37647545227100077,0.3487091992720813,0
0.5115137174683018,0.6623554525262523,0.8432839500857772,0.3742297631610715,0.6473421200645904,0.6090501046380168,0.29847592625329744,0.10810453058584346,0.06383705389710992,0.9883609658217671,1
0.14992929635415653,0.7654743883036231,0.8996870447454949,0.8054298226335298,0.8023637444528116,0.6000333011455716,0.660530323681129,0.6807557503873818,0.7212831975926106,0.6554005704624416,1
0.5720424340368412,0.1899151604113507,0.7265498765809035,0.2223631939762689,0.5346351015442131,0.784897055296117,0.9065265055050548,0.6718684759624088,0.5073148556068153,0.8454192442445952,1
0.8083438691424701,0.7629182183193025,0.18306835701259505,0.6797123692899283,0.33563246320511875,0.0892998220194392,0.3552833961198324,0.744209929342808,0.30708527133220853,0.7880904368075993,0
0.5835746197425805,0.944300984000077,0.07121573740407583,0.8894260614703878,0.5004773744927044,0.86749775469823,0.3816692198055871,0.29835575381746327,0.05406197064257512,0.8542397704033438,0
0.3163834576487089,0.715668456110036,0.7789411774338145,0.48758084574810745,0.6310327722626952,0.17682426656346073,0.634498969152671,0.004713501423993849,0.2735278622014996,0.7611932812149992,1
0.6334875407025942,0.4033934803979504,0.9653278401300331,0.38331642005346067,0.037725318474937986,0.19941425122811696,0.373101405427371,0.014077118724632132,0.32221313384806904,0.833228666566564,0
0.12893080042830274,0.3835504763076937,0.5886706881680719,0.16702018726830936,0.8238438296744104,0.29820225349413876,0.2908277918094866,0.7278319114468128,0.5963699186155024,0.33783515120793295,0
0.9480843537069427,0.9182054088414334,0.4033916445011253,0.2284182848358255,0.7271688281363213,0.13120577641718256,0.7340766193115209,0.5896928347992416,0.16898474189014712,0.3665914513998485,1
0.9946802336570648,0.6619699158378947,0.6535676184007526,0.019741766514145165,0.6897497483774261,0.41677556517954384,0.3802537629276146,0.5472823847289255,0.4743963383277372,0.15312709812443637,1
0.6056343369240041,0.13716352297980894,0.8306527204708898,0.10491423690009694,0.7187662245161679,0.11773456843723928,0.11401255268424793,0.10626370830639498,0.1986466617062822,0.1997493861463585,0
0.49635471336809267,0.207693984271615,0.9331243446518774,0.3306036161967014,0.0027379990573926927,0.6716331324652048,0.9068800442697921,0.8352321652632412,0.66902193050164,0.1491444926667661,1
0.9886659307576041,0.29602217871043845,0.4642773572361484,0.09980891505761746,0.1747018089453909,0.03944451996869358,0.29056717723767944,0.8015961026904473,0.31270710696276427,0.7385401957921762,0
0.3575274042377443,0.43771451678193474,0.6218070333325072,0.8784755373974736,0.0929513154374223,0.8149642895364964,0.18286942030364273,0.4007775142807529,0.962309930149754,0.27183309075019013,0
0.6961698735237949,0.058646395665177375,0.9424669879999,0.1593953974821649,0.41602771663089655,0.5907503029903385,0.8022647840450959,0.6783931362492055,0.1812605605373021,0.3797507791158876,1
0.9203979856381027,0.11293747937376741,0.41128426373517424,0.04597232537967,0.26161286722848986,0.3142379448738709,0.7045681764806231,0.6779289210201643,0.7675287182899103,0.5766490081233795,1
0.09524213845169471,0.661713262845963,0.2485769948507076,0.34574948745750367,0.6762955683574412,0.3848766174067143,0.8390330212297873,0.5583442367021879,0.9877916247614772,0.05456611522767585,1
0.49164796114440124,0.24089181669723114,0.9701450487834001,0.05035071452654394,0.22270652316879902,0.6433173148232518,0.40327699346172285,0.23499999999128718,0.4590945947482352,0.8012612877267221,1
0.10264332148015243,0.41233854767554945,0.5571310114048331,0.00016971547833644074,0.09089554691153223,0.6042032760617975,0.6190661537463823,0.30459795810364854,0.5083377403194649,0.20685124884989836,0
0.5601508451060682,0.6197579696770843,0.4731336810935889,0.6571672064311396,0.7159135002831553,0.11402335835573829,0.7593199510791171,0.22174710782019003,0.3413571145768387,0.8298838856344012,1
0.14044918732224887,0.7168561126478827,0.7215590954513159,0.106961505519519,0.6108517661386837,0.18754340053160334,0.9302162591531453,0.39289648991517345,0.4570460082929889,0.7814204036487546,1
0.7721451736372288,0.45050459695896405,0.6584566950002027,0.956190321625751,0.13463601443063278,0.49882864210261124,0.5303643475190842,0.04857160563190521,0.9353082808316526,0.8388161106789165,1
0.1283817820515778,0.387405579220666,0.6005460218054113,0.882695863558678,0.5041101193531644,0.3846626387437041,0.979500760205043,0.9159102416970992,0.7623746562617927,0.27359587995611123,0
0.7484268658779161,0.29891313495542426,0.701494310407385,0.860707546129158,0.7118743563951451,0.9355120774625357,0.6325832845072639,0.20088908232534441,0.6241675892053882,0.29057949547925066,1
0.6943119737273263,0.3223813974138552,0.11540525228362541,0.3522378024628774,0.4803699223906268,0.5706381942530993,0.6671572380522164,0.41747793312552184,0.7478687233765869,0.8413893024169117,1
0.6702541787669418,0.1999024172647168,0.7501850186700537,0.16093539434323,0.28661554815910995,0.250561007458183,0.8393818144651712,0.69059485036401,0.295140565961606,0.753593948045165,0
0.7424127358728605,0.5612705527908106,0.2375954725662045,0.7843071728708866,0.7988217524895704,0.28763865450722026,0.6644935685916236,0.9264848111687796,0.3875546486419903,0.9567019700118268,1
0.7809248928758854,0.8701180923213351,0.8299834819551445,0.9114863770737386,0.7046290688927878,0.6476323855500006,0.7551077052085499,0.5466151367012413,0.6033869772886415,0.7761467451223322,1
0.5138468527745739,0.3771982270526456,0.42850781440073427,0.5565986205953329,0.13006653011537228,0.5839860576839312,0.255016148132422,0.3305627887422691,0.7096892963163141,0.15480569779828623,0
0.4905509411536766,0.57267699055493,0.35808558816373937,0.7840314485705014,0.3178590053721895,0.21996201542755744,0.18386909753535896,0.06817646910442587,0.5051403504563159,0.4159312437704217,0
0.21844528578451472,0.7526556895545169,0.5304988956068246,0.9966310826043387,0.8236884009252022,0.9811331976152965,0.008803696295037411,0.6689384679943866,0.44566724628469245,0.9044964584876921,0
0.9449876704318376,0.3858759347840439,0.5402373129425615,0.28282899427939745,0.9113359266286181,0.8221090642399662,0.37495804216197914,0.8028167375082939,0.445556897571718,0.043851660910501744,1
0.537974830964251,0.007330586216845125,0.06547182210371993,0.6703351261430567,0.7735822663692766,0.8649508557126312,0.42420945194114057,0.10392680917367014,0.5377542140241612,0.7027428662675412,0
0.45922523526004166,0.3317153754672878,0.0875208979341986,0.054268070891441034,0.7942147869758903,0.5580842053178108,0.5749622942627916,0.22764563494165668,0.25864795899117565,0.38803260364477077,0
0.6183493589106022,0.7559605966951775,0.5856080133133892,0.7008820313830021,0.07258944479897711,0.9280477501663338,0.10613554186997254,0.78689189766257,0.3013507098448711,0.08650522143779271,0
0.1363814603295468,0.3909925654289903,0.7974846128334658,0.5457244686408226,0.9601342650804345,0.14407553745848312,0.6772890455050625,0.9141689163846178,0.7950171222324592,0.7293245766158447,1
0.5966548874533303,0.537152048554461,0.9469793892288718,0.3046911523495084,0.7482965867327934,0.9035463759745459,0.3438516498486469,0.41265449602624793,0.6459315035600874,0.512552694547587,1
0.8522511277674757,0.8513877224254742,0.9323698654031486,0.9943130504254334,0.4612652036895939,0.5496646096791667,0.29065266752008534,0.06736275740480135,0.09820240138037195,0.7255892573341403,1
0.9001185908429218,0.3177859372337254,0.450645978214935,0.6163424302594531,0.30567548940672074,0.5841699328451972,0.5655520079051098,0.36449343567862924,0.3163331594963291,0.4283073929595911,0
0.13430583238288885,0.7329727957514147,0.8778858295079616,0.46284837607561025,0.35874160211359674,0.3054717964453353,0.5516718261601972,0.17577016089522535,0.6066276660708613,0.8417929953382606,0
0.07539995679337663,0.018630294871235353,0.5071783112855739,0.031194231008309092,0.5818904904939293,0.40513446755111404,0.590036311840718,0.9063035773981832,0.5515939985261583,0.5434693239181185,0
0.733226827212901,0.2909991602143739,0.4647011421704528,0.5104119933437855,0.39678515764970745,0.5021672696664309,0.6626784893786967,0.8479818401038666,0.8065400569278984,0.6140359765601281,1
0.967735559837513,0.7359198088348244,0.48350341572743094,0.35879553884580595,0.21881911725902836,0.48764214837364783,0.0628611614134692,0.36943518544747433,0.04280844083864688,0.20677407471750098,0
0.3240711100639776,0.7037362528476223,0.5213729041335506,0.8296471556536503,0.8348722662173934,0.2633160693841534,0.5443500620883714,0.17384981644645003,0.6536753131338843,0.36529677799104765,0
0.3528980077597257,0.8677194218712473,0.4868615626741756,0.48211008971312597,0.6042109802856869,0.5018369844707418,0.13896830707712993,0.16560582242899213,0.07708822574124685,0.6434770023883097,0
0.81117262937296,0.720255658874949,0.48151664938948613,0.4788146427200821,0.21070395105176343,0.16124625986262575,0.8333649963952542,0.02244603815429136,0.043144331335165376,0.5734865113522682,1
0.1800375395762971,0.9582383364845537,0.5993575227949297,0.5636047023357652,0.01862003563723691,0.7195472995040887,0.6617450626291581,0.28345462640564045,0.08574850273574453,0.44920336161945673,0
0.8204531801304974,0.18188415187009965,0.6596487500578531,0.2645206985452897,0.7241867980777559,0.34267127456033186,0.45347014514009176,0.5905959909323073,0.22981378717877976,0.38546188274184756,1
0.09629857672320441,0.4758691854894773,0.6147481694803669,0.03903656361812824,0.7838682348387684,0.5033292081384595,0.11751640657477047,0.4822409351124809,0.13032884077716433,0.6034746508247105,0
0.043438283336481476,0.5298165189397056,0.22948625637905018,0.8023001960078138,0.7895555851509546,0.3812364961990551,0.5890480861412065,0.741394042282245,0.7615392270474919,0.6967076031574667,0
0.8767663131932245,0.4086467046872152,0.18902101371787072,0.7091488372061079,0.7894224823051249,0.5779871458004462,0.11782860398115103,0.007194052450581467,0.6545461208031974,0.6877667367777761,0
0.42356154743336316,0.3656440944364717,0.27556054287998877,0.6806057050634484,0.7549719006098334,0.4132281582959364,0.7837884169635375,0.4824677570068806,0.370212968879147,0.5549113562983286,0
0.659282849126203,0.7478141950798877,0.4465948774152193,0.6993114422950534,0.16179511770813626,0.21445814153808007,0.40056090642572284,0.3384378463093469,0.550576214596818,0.6970574087244603,0
0.9258617877978491,0.435377434552764,0.06408045636931059,0.221770244619512,0.08003973669580267,0.03775533828507893,0.384326010426022,0.9844481006312732,0.6139655907167139,0.5210055432205589,0
0.2017072428060146,0.6568842227068429,0.8039099091153836,0.2860065117086954,0.033609351396258424,0.5995149128924895,0.5158136315528283,0.2316709728180616,0.16948289181310217,0.03606113314434878,0
0.3951431170512062,0.5860801652096985,0.5177427009892949,0.736925540146395,0.06861717193705896,0.0901658575951505,0.2844937870363794,0.8297648024492998,0.915008973948154,0.34809524824824245,0
0.2611075056719391,0.40713462610720164,0.10646495639257658,0.07238597052670392,0.29425182446812004,0.9470154651776626,0.8029422425723574,0.9567093495852752,0.876113046243067,0.8131473496063742,1
0.9612387253016144,0.45884842933412395,0.4607204414645122,0.5868265171499795,0.027350697532073864,0.1162683014409226,0.06755426066125358,0.6336617975581885,0.9941980333654755,0.6769129760650999,0
0.24825760936207752,0.09300943016209173,0.6736979167818138,0.8210746894925302,0.07602882053368909,0.9313962398356627,0.4765554540892897,0.3535379262161711,0.8943162528702067,0.26907578246879904,0
0.872742498408298,0.20677863232200988,0.20276655878827332,0.24969543394695748,0.6185968991818083,0.15599556847615892,0.10668929010539119,0.9201881295329896,0.6758121248765265,0.66342407832045,0
0.492340377704212,0.9853613293244484,0.896999773193295,0.8687688356245534,0.4908053516065467,0.9843946826775545,0.9160068296725573,0.28026662318318707,0.22209278307981328,0.5766651863474097,1
0.6863386465303895,0.17480036211904904,0.9765071952370418,0.6982445680961396,0.46007059004643003,0.6892105490596488,0.011819978610448922,0.21075238570144772,0.5810082189794468,0.3254361999154264,0
0.3659241511219268,0.4987700166101968,0.21053248211065634,0.7007126268163008,0.37230962786881605,0.8543260872408196,0.27962953188068407,0.17988922872699586,0.13113916649872392,0.5758927292079621,0
0.14584373533753636,0.9591479207466692,0.14954805726548293,0.8056683615575901,0.17660727665961284,0.49959782611185066,0.9955617702996016,0.8493899153966604,0.5170069749205006,0.7205603295246306,0
0.0600363777240166,0.8138180692068463,0.47653942435213703,0.6298622123621544,0.44985481906379177,0.3346565385145628,0.36096202105512154,0.5603500348142645,0.9318445757777681,0.2577148254524192,1
0.649130951899575,0.17453883572945839,0.7803090980992371,0.3551090383908918,0.6731928401473501,0.48749374430436165,0.736526164762155,0.8896324491382205,0.38107099841284575,0.2865235765557891,1
0.5716375738737934,0.8489007719388086,0.07134407817655741,0.16199948894698535,0.22821793938787327,0.3168782416955612,0.29135635279441985,0.2674723908706379,0.6446442931551882,0.271248101351349,0
0.183886199103384,0.023101092316507588,0.7277724164324044,0.6620225478086397,0.9404373373379956,0.7006969284246842,0.08006473787554713,0.16691046503965246,0.10300931405688607,0.06379239959116023,0
0.26245226426498713,0.15527436200016187,0.6548326755433498,0.8854713170963988,0.3093706535499986,0.24739651931519224,0.284175280058089,0.6264806846261897,0.13127711062686387,0.8385177788928746,1
0.5405841613922832,0.27241442761231416,0.44484493237074385,0.9695422645545462,0.6976228769070474,0.17703663997971208,0.5975841988365607,0.6310475226410597,0.6358511364258357,0.5639844867212874,0
0.44186030557653444,0.3657833219483778,0.25980704393772436,0.30357291557308896,9.234639492805563e-05,0.8153797891608882,0.8479464883826706,0.34388491724999426,0.4691979552440262,0.0083171105963733,1
0.23121539351915854,0.007217985005767535,0.37364387652703357,0.4117358690661346,0.5605543586396154,0.3947520796201833,0.16326949533028878,0.7371178541033774,0.38972326985319594,0.37835806027496177,0
0.6846402903785193,0.28467685467345294,0.7429268921311517,0.8088086490990372,0.41290387651324734,0.8534820233916041,0.1824071790026428,0.28959529929128547,0.6368927095483468,0.6177294139025153,0
0.18593759814152566,0.10227348865653973,0.26919513288914554,0.715195942211275,0.727107070447535,0.23281049795595543,0.15068369369748857,0.4935795531957453,0.34191285386862624,0.3115766852030555,0
0.951644041732608,0.056038344401892815,0.7756529107125235,0.07138469474905684,0.47014677659871973,0.1921922929264528,0.8415392879402597,0.8172507239995703,0.8282520473943314,0.12196155618577076,1
0.46083463531227986,0.7709959677901886,0.5211391200572839,0.9821158514056141,0.4728255449915152,0.6814423200578532,0.31210936558406976,0.32306318848290616,0.6291642541306993,0.04218591559473106,0
0.8636576657496003,0.21778824905510286,0.11292845931623752,0.6329089659017447,0.3245134876300968,0.16736035640828606,0.2761000438384478,0.11964959201073866,0.7891437801948885,0.008929855889342142,0
0.1576984561973751,0.09140155230421299,0.6186448584379411,0.9308487845186271,0.9969731029835355,0.6251323302094067,0.059775131609422494,0.6445748966479184,0.7013281400230029,0.7914662443652127,0
0.43871889809659737,0.19296529905015847,0.6892499802840422,0.3581674972504314,0.13473217376095226,0.8986630442700426,0.48530213316251314,0.4375000041650592,0.2947145964408969,0.6970377749956548,0
0.9144740019780461,0.5545203101660565,0.06887658336115943,0.15502547807532696,0.29567266121073477,0.263349268895432,0.36711270700453946,0.0007198287242494716,0.6380260624435374,0.3790435696665774,1
0.6582894173798199,0.5389565215934048,0.38749084018073565,0.5240697688104523,0.49754915956954726,0.5514678072492145,0.6130392423505268,0.32260003991279396,0.6409039297850732,0.11046413403940414,1
0.4853702872366953,0.09875358664853229,0.571012181354699,0.8362995266064913,0.6579212582849684,0.5258213626144117,0.7013140215747126,0.25593853033397806,0.3663540200942962,0.60595362423245,0
0.8010199490108841,0.060700188286051504,0.5580198894700217,0.9382438576998606,0.4159532027097531,0.3690686508584735,0.7084337849788369,0.8236429662774005,0.26581563449666523,0.04065315227434285,0
0.5316610514024726,0.18946041310667572,0.5261920217936971,0.24876302905401337,0.625325053539152,0.17889789162891712,0.7491943579773724,0.41518460024974024,0.10551418189915573,0.638624299888042,0
0.4015571736148952,0.337512870561569,0.1581764558993315,0.9984335720532814,0.44301216999828785,0.35232407527033216,0.3151549961423973,0.9914629906181269,0.32465410862009236,0.37171951243537127,0
0.7657082196342848,0.9261469225926574,0.2540891271830241,0.9616517756313344,0.4474997889982494,0.3970905616894038,0.7263132783372915,0.9829564711785478,0.5957628266237858,0.5176093588403292,1
0.8219399224471144,0.689719183909427,0.27595713674360567,0.5536631532853207,0.5563230855067685,0.9259224502117323,0.1547147862187559,0.037736300083769825,0.3556557532854907,0.13840819347640998,1
0.9178818033444678,0.7342659538775799,0.723580526744515,0.7929041943142799,0.1729024908563226,0.8257052443848855,0.6895951010498992,0.5762324617766981,0.9076556421470944,0.5952312025595801,1
0.3479302069529332,0.8171417000465422,0.41652171261791937,0.8678310969512203,0.8697865141212199,0.2267176713621516,0.6527791831603509,0.6023016343165425,0.011434380962603519,0.7774186181440473,0
0.22079717482028516,0.05051981414582751,0.7315785735649414,0.3928827045190352,0.4456162359777107,0.5951321912948403,0.5047293461120348,0.2220856281514143,0.2897830291566871,0.39432240387806594,0
0.5018231156057946,0.7738251365562566,0.13037517489517414,0.13487076372595497,0.5592961773135403,0.4878610998043328,0.6522484389791688,0.19609930039322077,0.6159968375942019,0.7356677541453226,1
0.6717475534497354,0.42354060236564006,0.3483078568465243,0.32073836285266955,0.5938771490410705,0.024206830335269047,0.3048188475463931,0.9876519169637292,0.6162209944545034,0.9901591822713317,0
0.7577337825930621,0.8527641451792004,0.11237174078510426,0.054538013361754234,0.9489409150257888,0.9267296951091071,0.8687523516449686,0.8201339564299962,0.013733292693431376,0.6937952250561176,1
0.5232658814665313,0.2586580034255985,0.4830263303446918,0.7299235835097888,0.1413474209239418,0.6987552320082528,0.01838851255630447,0.5830049433264157,0.6635283419996432,0.04348200749945896,0
0.008334175248427611,0.3886451472369792,0.2713103790803375,0.8520829447572587,0.6601003733293648,0.8642822735599535,0.019078323934194175,0.8674104428544812,0.6494111447522284,0.23116862013781703,0
0.186417387417519,0.5006508228688789,0.4579862621477807,0.9263499730264335,0.02148845821434553,0.24739213974975127,0.5294153638551199,0.3335696346307757,0.39339981782727473,0.1570052505908327,0
0.8118928600997455,0.6257923637157631,0.8786772741911604,0.8904020860787615,0.814858637678337,0.02946589845520775,0.5549393515968055,0.28019384462820507,0.15170818076868464,0.8971753149691715,1
0.2274279774526755,0.24036080817057603,0.1527491541688516,0.970537173095217,0.9097353935641712,0.3292847383705465,0.5422337512058923,0.20675727466100935,0.1385765267985366,0.541353826851015,0
0.9956858002320087,0.9757769090685993,0.14515239489251186,0.9330299464229068,0.9171121206734174,0.31749621084193913,0.5573402980935688,0.9486015641647615,0.11838729071717868,0.31759758919121694,1
0.443004487049652,0.933768524391193,0.8941300931338027,0.9332500304158002,0.27379616463152356,0.7791078849727928,0.10677143284340107,0.18474649657456732,0.7624474837329654,0.611981597669024,0
0.6881412847327161,0.4766022200441854,0.5023245874504613,0.6047117596027515,0.71201912797666,0.37395940113050097,0.8521294324655851,0.4914455970663347,0.1375127223416147,0.19325982947851017,0
0.9882434174629566,0.7577765897256292,0.06613632423488935,0.9271032061777938,0.9856276395863681,0.8671290026386034,0.4899428985108636,0.3248956268040456,0.4575449294417121,0.24678384086158633,1
0.7424678547079447,0.593805801392789,0.5252305317028896,0.8757829718598168,0.7869198623188731,0.5206490912237487,0.45160959256366207,0.8270101016593498,0.042415916009097776,0.9958363715240481,1
0.04929544918127604,0.29117936223412955,0.3980398914545593,0.30455414782223855,0.8276210076057507,0.461347163963963,0.4224621824504414,0.6131342792438925,0.054546666815526446,0.5169696502661381,0
0.9378424576992394,0.6961141418397956,0.13530667419036257,0.4135593050976166,0.45088585484707433,0.17887857894361558,0.590315475289654,0.7126343913063027,0.20193200470915762,0.4546832076473508,1
0.11416493882407774,0.4493984180247218,0.36294338915725455,0.5238173060661488,0.3840873742615717,0.7910665942370252,0.5116664514845053,0.9497538891427194,0.37867863141257974,0.38060700926114677,0
0.17886676467326867,0.7120474878796226,0.4195816912357673,0.3095183054369818,0.7686304223609426,0.4462582341490725,0.6264528496615293,0.11755397840247983,0.13157103181208574,0.2028517052794463,0
0.8827029205371946,0.23787835401947677,0.5888623271843092,0.4757119898031539,0.41015136571135635,0.07940491736841615,0.6001021042955892,0.24471317143863336,0.5473416095831464,0.6197660388695853,1
0.8538292872341877,0.6669965429461949,0.838014435792606,0.29844154664211775,0.9203846982695362,0.049031362748799046,0.4169569238553582,0.1782483917574228,0.672090495261405,0.611089756048654,1
0.9314798193860057,0.09312628782176957,0.2992944815965134,0.3685694254750741,0.3789393515904601,0.06766667782099534,0.42732383939109464,0.5504710828134854,0.29283271335673955,0.13454578907805104,0
0.10930223443632625,0.7297285197626795,0.6289785990785555,0.9871892637585828,0.483662983209447,0.6886542782543451,0.9338916747881832,0.9862784423441114,0.2871873038042605,0.6088446069344726,0
0.5197058001844937,0.6318576074968361,0.4925044537185159,0.17990723165619127,0.6094057577306153,0.7085870675033931,0.9792576595660704,0.001580917225831202,0.023986797518176006,0.6254607423896532,1
0.5604155049178265,0.6375035435880566,0.011297267978029768,0.20118713893009021,0.2816267032505386,0.7901955028462117,0.3077725492438971,0.5066896270960092,0.3239238393830701,0.006131262435292828,1
0.33051483209301,0.337936855273543,0.6724729573660214,0.9161630531735752,0.7972543838289249,0.6456522206645748,0.4814955231203607,0.6272004877076889,0.8920583267899181,0.5369675449723645,0
0.7249641543492498,0.31550284143669305,0.535885475715387,0.20826247019616984,0.6854933003464287,0.7995353334858003,0.8880294695182352,0.3535955404208081,0.9696132924355931,0.28046002865388353,0
0.5951918670299994,0.8645936905022258,0.7515402086696134,0.7052661840455194,0.31449939839422714,0.031628215845655006,0.41386956786213647,0.4970544343966896,0.23764224627303754,0.45190632961286203,0
0.9133538461670586,0.4437740929871402,0.024934774629959966,0.4826631911468192,0.5000543084299398,0.19021167859521426,0.9236367678900952,0.7324410667559437,0.5236279615041517,0.7755332091997411,1
0.7245706322532336,0.459368410614045,0.7136773904026315,0.5223448732185064,0.004109869234124597,0.9323373440208282,0.6870523307332695,0.5942875807872049,0.08707589159376727,0.466875902482762,1
0.8921355844277566,0.3208803698461913,0.1925456396234585,0.27664953866806474,0.3191497905014984,0.44111562275233895,0.11765083873759363,0.14932072279971842,0.27363688584015067,0.01525671749039026,0
0.7043536961376878,0.28326769600870416,0.2448250738626344,0.07124287122024264,0.6132628835159771,0.3387388925297342,0.44364763834123444,0.13007400206470998,0.47073557900855245,0.6754959378425479,1
0.8361744038024909,0.699365499957176,0.6163153376849316,0.3124406511510319,0.8174419790368314,0.7128986847281645,0.6708702654339359,0.5334849288951278,0.9736818888990878,0.7557429355712851,1
0.6844779748053744,0.7102159020788482,0.4653965642343899,0.23169421365446052,0.22379445391686015,0.8610962770558958,0.6169420872483607,0.9128616106767158,0.39207691835875114,0.6996146210824282,1
0.3514408206839269,0.4612416837048997,0.17080154480231824,0.7679415147648412,0.6044402314326037,0.1273940019901817,0.10293221030895394,0.8175528922250351,0.7967577733619607,0.32586972829811167,0
0.5479490172790011,0.9738917312202949,0.38381645877703974,0.3407141581791501,0.8139157048915315,0.5909701990421748,0.7843139766171964,0.4353537080229162,0.7873267705902519,0.5445268801907684,1
0.5921631350820921,0.46290843431188233,0.5550877012137614,0.8220230523140447,0.17617400220063117,0.955883446378959,0.06960763482942567,0.10874463383487365,0.8140667199820683,0.7713433788706788,0
0.9032560047133901,0.6361328200238896,0.00018434045521698028,0.14672535405219633,0.14921643177400834,0.5312558210753147,0.38998266023078676,0.57793141489595,0.19566662017749004,0.6815167879866462,1
0.9825803035133921,0.34426462643064004,0.08928740458732076,0.008119252409717004,0.9864216484906068,0.40419741606441695,0.12755569705743475,0.294184662866671,0.3692228935739077,0.5488851366035604,1
0.23524117046382642,0.7022218822700074,0.39426832366894404,0.31812730961869395,0.38278961484158525,0.3815650450824949,0.5451187879682784,0.6624875603125252,0.47487141295573754,0.18822683807776552,0
0.13427744814457554,0.0717459965377244,0.015707799375026532,0.7213392323619774,0.48670133693461637,0.43673511575888857,0.9902176420075874,0.08466344428971606,0.6422428995813549,0.4158554662775453,0
0.5520500303810195,0.4500457673126065,0.35530723054514013,0.18579103369095806,0.6045732573228328,0.5779385007780563,0.8468038866736991,0.23674996727801856,0.5017288049254599,0.41083781366470784,1
0.48153290869100196,0.6904972648625307,0.14208747990567583,0.731293183016837,0.9835790981303949,0.9836683776272998,0.7788698172526088,0.46493632731549106,0.07823460193989262,0.8899154783045545,1
0.7980982406409713,0.3124997214454346,0.05277427214075081,0.34354617100233775,0.7785271332471325,0.4688688103410211,0.5126631103907159,0.46923239211712253,0.7338145474457293,0.42101610714878535,1
0.7269717140869911,0.5637062732908363,0.06141776315346392,0.4731605319540283,0.16907924095436921,0.05161988479137325,0.9903648293894023,0.8088957796795672,0.6243170054800665,0.28681565437287226,1
0.8578583840799012,0.01420301006309066,0.11154940429196902,0.17461384765901777,0.5917701254708113,0.1511356134649786,0.44665316767816854,0.8078406913235736,0.26125258790349737,0.7007748725726893,1
0.933941854698388,0.1541502985180483,0.4959482755717731,0.9935855747233917,0.7703677891430779,0.23794743910929028,0.44018500839173114,0.6375746664947514,0.21085674746153793,0.7343611109393315,0
0.3013671299536991,0.746150545390336,0.7524278530661705,0.5325208323721685,0.3798007941507544,0.7056078045820481,0.47458958076406377,0.14514983095558076,0.8702777358497257,0.011863040095509647,1
0.9177121410615247,0.6374241512553996,0.956183655889625,0.43178587861720885,0.9180420164172792,0.8583556731983318,0.3349674066180446,0.2670878157192197,0.0982767884086364,0.6543432815684141,1
0.3374066030809145,0.6902783289046202,0.17991665239088106,0.5476125554038433,0.6728018597399902,0.8316894998248812,0.011961411023503232,0.09769875947582918,0.10390728477760813,0.44594220333931156,0
0.6566055185643357,0.8354591370882445,0.9504889592482519,0.6380828851594785,0.7080751058295022,0.11997710977782583,0.8564408243051602,0.12990725320546648,0.6563946289111506,0.8998972151272433,1
0.9361820599117441,0.6387805078435224,0.922695390844698,0.2763835621577436,0.426983398886185,0.903391492870295,0.7698805091538996,0.3234041277865811,0.1619660316462166,0.07399706004029116,1
0.4405748327776676,0.49172178640530984,0.9285862982322954,0.6103018849539342,0.17844217006477092,0.49205729446135804,0.1438726003515135,0.768707323307198,0.21838649819766198,0.6433381669688948,0
0.44588205232295974,0.8965123928912087,0.14885427544165641,0.6403352692787918,0.9328937235313328,0.6646058364993618,0.2664364811152776,0.7000551993387256,0.9046175434539494,0.5746402517237048,1
0.7853817050911462,0.5401287170190129,0.0033073602946390723,0.9541553459261455,0.8179766593860825,0.4820663416475329,0.5672438855119353,0.935042187508951,0.35891832659721157,0.6818357356103366,1
0.080456784674388,0.4596393537555119,0.7665080896761913,0.6477925718063151,0.1766183045094868,0.039331182595438885,0.3841636751646853,0.19100316091530278,0.6958822786070757,0.8964606978503467,0
0.19309271890941704,0.7197390347449746,0.592945428479352,0.4892325504777396,0.06299263084485507,0.5405520472184392,0.3077308796322654,0.5339400467645663,0.8342502922697222,0.44930727754961053,0
0.8071037058074022,0.6673164183133813,0.45837036475606097,0.6780778234466912,0.8742553929728373,0.1489536295909546,0.5793457123114589,0.9248158117535223,0.03687766742303755,0.14159047222804055,1
0.17224900895849948,0.04995799738662199,0.307337334906602,0.7936971045828777,0.4561845929266951,0.17068938788288945,0.5910424892899215,0.8178001777639269,0.10633120025828235,0.49714349653555,0
0.6783978372961924,0.3242349410116854,0.9758532694286732,0.575967010452485,0.13732940198175514,0.8364270922891228,0.7931016699465501,0.7642278823672722,0.5930852530408475,0.33550372766868686,1
0.9256755305974618,0.040698894361934634,0.09996785067805858,0.8473667102470592,0.612441505313896,0.7776616376471047,0.01563032626827754,0.48696747482361347,0.0063495785536169524,0.17941285614771363,0
0.6923583308375807,0.20616021858966238,0.6398257037322949,0.5230868641318316,0.41203132450024593,0.938089610446609,0.6105379886304853,0.037621211977839186,0.18000046698152083,0.4998876349035636,1
0.11750782271179194,0.5301990209280809,0.09568385495931608,0.3619013045931686,0.7611282392351487,0.5397228263880368,0.21927613365811105,0.7703312831108587,0.6593271583922855,0.2764265839239136,0
0.670142635126956,0.04311560134610237,0.6448608365967353,0.285064520013256,0.4346716422690583,0.3342946292222987,0.805153674558398,0.7584080208327444,0.043317482653417394,0.7404168848131342,1
0.7214030805589324,0.5927066622656716,0.3259723143209984,0.1987513955465462,0.6768525458751079,0.3256849589203539,0.7789752789596681,0.32613222470717174,0.09806413380144796,0.7377478660091419,1
0.14494127196196582,0.9278871164428707,0.45499087257728543,0.38733030388865675,0.13640461458072206,0.7198212161224702,0.6320211169018609,0.9755558913178334,0.2022108907691489,0.1272117646939649,0
0.34357600822935663,0.8864089719590657,0.6036359828471252,0.7895469650221273,0.6379992138800035,0.6115280904291428,0.16993548406751036,0.9701358419117005,0.8550040217466823,0.0864743323005448,0
0.7300177546449778,0.7361788591191059,0.2466541770684081,0.32729594733006295,0.5794670300364986,0.8918226281365728,0.5917716320324864,0.14896970178004143,0.5737007848788186,0.005077581240026996,1
0.4792693392166235,0.7980175144721083,0.8212913207560718,0.4524413682169097,0.240511492513802,0.5584869664391777,0.012422991493045044,0.7317862838999784,0.9499338956028706,0.1327120017886585,0
0.8579221112309455,0.7472866966103026,0.024413473728453927,0.45484079766095153,0.7718350078063004,0.8741990380222714,0.405360372252358,0.7898587127890572,0.3704204606027227,0.464295787393317,1
0.42590225303834683,0.26978938056569524,0.9460954935290011,0.542435106450538,0.7944787532623591,0.7876918441404788,0.0809590415690482,0.8808472479559084,0.735760785134459,0.054811675211313915,0
0.3655711439731195,0.1752674031866539,0.5587904580300573,0.0670059141573176,0.7093371359525286,0.2047125930965379,0.9812516222516423,0.2386327053579228,0.1135576788264393,0.4784934650166337,1
0.3527116693402308,0.26735785233651077,0.6802267389217699,0.27714533399388186,0.06336918005953562,0.3452265817851621,0.4862269051481045,0.5266825991091119,0.12270943425717828,0.709825288742069,0
0.8087958766377302,0.9408758870000417,0.06562759122515893,0.8919032132922037,0.4578741199322697,0.08017040335150427,0.8979458598704027,0.2883726876844205,0.9566269299160488,0.10936492059205627,1
0.2931694419423986,0.9695746055424465,0.5414349580684413,0.13202736879814347,0.3467002467820791,0.4438600520618948,0.6446844415477089,0.29151679716304435,0.06294950859275916,0.8717937007694624,1
0.3263064137559264,0.5933572550554226,0.696863580719875,0.8419078703855627,0.4452563036829761,0.3040823382679496,0.13195425196202037,0.7893482618517801,0.17173712543597597,0.26000745763467203,0
0.16636307253413063,0.9241316404997548,0.7118121723481765,0.28524658219725263,0.9732060892534207,0.8393316768714126,0.6928592689686354,0.6663559659902548,0.15348480016927946,0.23790532437650358,1
0.034689088654169975,0.3169437645228398,0.3438470151122228,0.3729149360092662,0.5398665962775474,0.1625976080718856,0.30155976952232433,0.9204339759418756,0.4045623312225112,0.49941691583781067,0
0.3312806460801061,0.7054513565864925,0.4739106736777533,0.2898271826625284,0.9440095257324103,0.9806897788797746,0.5737275828934292,0.1470834746925247,0.5652315149347765,0.9068807879261084,1
0.30808220077153736,0.40162992192448665,0.8408769162026405,0.44597269115890226,0.09248113130306057,0.0550336361538708,0.6413126527901719,0.5834314415338177,0.22214385704162232,0.9356650767258936,0
0.5117875217975945,0.19445003934551297,0.3177578121660044,0.6050778218474674,0.9434021641019553,0.908446950217831,0.36106486914722613,0.1479459383783025,0.8538040699633991,0.3696299671092079,1
0.7278533569559817,0.44422036216801153,0.9925971658200753,0.8036855045147565,0.28863401833020397,0.805672785103326,0.970360673202005,0.42383219844554,0.8964288265570535,0.13956768688195587,1
0.06611578116679928,0.960095298220805,0.7561140535456866,0.08844827865525229,0.4094606387526243,0.9144104963043992,0.4145140139378086,0.5558138449648019,0.7102470067733252,0.7552437477921852,1
0.8345852016300578,0.30391437928453446,0.5592810566712619,0.4634518342056887,0.02684001469030639,0.0024466749580499547,0.2626770235610708,0.9560265961330772,0.8342430713516535,0.47254116925729006,0
0.11935466352640356,0.2772170341987179,0.9943329540686706,0.0667248263872513,0.7455655735862218,0.5810657700932466,0.5655745896404125,0.8683459181928004,0.627996047481245,0.47604071329726827,1
0.058510393993087995,0.3196811114329394,0.8783172644174325,0.13549739388663662,0.16330885181492805,0.27267035365971504,0.4195140051562125,0.912104621195468,0.35598432308968075,0.28985619762289594,0
0.7526285064752095,0.5437123352483425,0.8724431344584407,0.8268219966068482,0.6849671512833029,0.30107230895354575,0.6854437194613181,0.6883466419765553,0.09583340983405941,0.5800466414662403,1
0.9107879784928943,0.10241785807815351,0.15455491470830807,0.2211135017244037,0.188416784965297,0.8970567327637613,0.6134283594016195,0.8314161818660438,0.5256528246854971,0.5320956536572212,1
0.9234097526772275,0.4795182298735522,0.31157346584685663,0.3625685657487361,0.8170387032772444,0.8897263853816817,0.5976486394041859,0.7635895458617169,0.34204512962853273,0.7098948829225022,0
0.12534418113411216,0.13021825239888996,0.07860496211651757,0.6908181366549706,0.7840297230461403,0.07773529752199648,0.7746923080403721,0.7573340343776902,0.04251694080495083,0.10781738186473178,0
0.6675864235332041,0.7545502714552252,0.7823708141132708,0.9200980708136556,0.20540118655266637,0.9011748671533497,0.18478182457834957,0.3515336664710873,0.09077931303945908,0.8458615224525183,0
0.2418225221701653,0.5702353571976501,0.09910568460514024,0.578133678162426,0.01398431158690705,0.21699807581165154,0.1915475201924428,0.2818567914647866,0.9016602915079732,0.5371264890158841,0
0.5893805711353255,0.4396658291930384,0.957747735882733,0.18084853764431286,0.35482234493867393,0.37961505669423823,0.2142740004826411,0.227554212567046,0.11284547866440886,0.9846127503684183,0
0.04060856314188199,0.32811540733063815,0.11572260696277847,0.28361144257296445,0.600389508427489,0.31200691079383003,0.9761790472350282,0.4439558701654779,0.5539158911055492,0.2905893250179463,0
0.17929728338707862,0.9987233256858505,0.4916483735449275,0.10517188456930038,0.4380583504040716,0.6585482632854481,0.08500591009272518,0.1433675616593022,0.40062428783653015,0.5905572323320124,0
0.5949608299436382,0.9906613186321335,0.12276216769866366,0.8381091313414588,0.7252005003326394,0.27851833227885514,0.7134938073603224,0.5819186239961532,0.27297279057132406,0.7894927322937862,1
0.2788906331909753,0.7679995555775966,0.10803666801892264,0.25068986035392715,0.49727378212527773,0.6283710296631083,0.13460838071795933,0.09960339023022613,0.05285242073470697,0.06822867317598236,0
0.09633362859615269,0.07651725903958528,0.7516097465153702,0.7675721085979603,0.7927314152272181,0.20193175445171385,0.6620932333014834,0.49025036025639435,0.2616652737739541,0.3436156497112035,0
0.38362987674858806,0.31455919781978636,0.3763365629505824,0.45965623882398843,0.03285979611329115,0.5566665504828916,0.8603607027186637,0.30304457161352205,0.7060592037748116,0.4914796086451494,0
0.6853741671099691,0.5722102334336815,0.4759110552240565,0.8543514695488732,0.506685048757025,0.39138481962227056,0.49469113045219415,0.9708707584276624,0.6169396763778312,0.3527637702708748,1
0.742057134091608,0.026899842658594353,0.8913428904500081,0.3412565244777007,0.09735004922858015,0.3451430275436157,0.35736608067102427,0.35126926046944584,0.6612400058226949,0.24761393096016404,0
0.019711990195637963,0.3261168378396154,0.460909386409579,0.8633685217982011,0.568049404880105,0.9014098452118979,0.2666188852518966,0.6959584762878708,0.5879892335998746,0.9857647815087015,0
0.33596746248551745,0.5027685225863544,0.7649039005293514,0.33953942482640753,0.6148278735542364,0.3633343053566497,0.43599113227247166,0.49695171144190575,0.8473340941526536,0.7871496086964098,1
0.2258859770340642,0.742888025626101,0.09195783523996792,0.8441868840023372,0.09473361515897993,0.33683806116405823,0.06726977651140309,0.8011856714715335,0.47526836713482357,0.20973915865508075,0
0.2000769854658413,0.40230095573711977,0.6249638759744854,0.45322860532671394,0.7634422149327582,0.18060085088682598,0.018603322117357934,0.703331645699025,0.8627098067592005,0.5768432952404292,0
0.6144222978709238,0.7691191651436375,0.4337244848507339,0.5661164427296449,0.6267584715774779,0.5222695857334735,0.36427466915910456,0.14774368882457867,0.15047265400315457,0.6853066367322957,1
0.41243837972681785,0.8237107044983252,0.6460426536245965,0.2564466348801173,0.6012322696755068,0.40586593924822967,0.1135585766282845,0.19191601148027304,0.24558660981837477,0.8272288241277677,0
0.13643062881486012,0.2583968474691348,0.8035381829572616,0.658670712640182,0.17598522189478438,0.8525210175084499,0.9637868905251771,0.4858419655429851,0.019908741528744,0.8595840029158106,0
0.6574306032487701,0.09030629245113608,0.9431621420369332,0.7242344531621804,0.14056015190512794,0.11193236388991301,0.7344804070908466,0.9329354473996356,0.5219575588719333,0.8289815826745311,0
0.8066872456178839,0.32928591096650184,0.5843262205812063,0.38995066885532137,0.7483742292520327,0.23593807917460863,0.42286899848288584,0.1442779087037892,0.17515425543568008,0.9699234759401331,1
0.3164899464379626,0.42378131654004836,0.6827384475346407,0.9633153399656248,0.8794335408827159,0.9369722913571561,0.36299801226870543,0.7156712291221267,0.8213653661919489,0.02107421044556479,1
0.7888027107089652,0.23967582920925978,0.5527279033116267,0.3092685016911406,0.9584836117969214,0.3628550984200618,0.812250298896792,0.12205376874588936,0.8669529351322494,0.8576471391499251,1
0.822707725738495,0.23546045495139734,0.21038649126452746,0.8902467277662994,0.9158908012423355,0.6313527026562716,0.8794672475177627,0.7667409006091169,0.4062888159552023,0.03388168121901536,1
0.7173860179064124,0.8767612272392674,0.8202413104504016,0.8244008657361815,0.6984821875465667,0.5063345139203014,0.35185634658389187,0.6021159420105188,0.8134280484000423,0.7377855206040169,1
0.13609222324994052,0.40066184997614707,0.6282962732430364,0.3137218026504617,0.08223205142340206,0.15782243944409158,0.5163658910510237,0.9696645868391346,0.8306213814704162,0.7631627032912742,0
0.26067987958698735,0.6874668716864318,0.8267686093418332,0.7995286679401794,0.19866371962725327,0.414496424552795,0.1818892538062794,0.8763900129297377,0.9447571548423099,0.8843414304434549,0
0.9741275717498725,0.19826620267170036,0.7012611542033469,0.16875595636504115,0.4010349111110273,0.42890336811835117,0.26015777997114653,0.08906126736128972,0.3679201541105127,0.9472435084524966,1
0.11851234901311947,0.7135637119646769,0.19054416526893014,0.8619367242858739,0.7821219434306237,0.28796197285088165,0.4941681577419751,0.13019933127841787,0.8563377276555146,0.6000827864972248,0
0.290192961514951,0.261799463894111,0.6176802400572351,0.9073282349729386,0.3696377395309737,0.6842670861425665,0.45816411141856517,0.010320242262494617,0.13320493602338035,0.32324597965478274,0
0.09527942208200668,0.05875231364453293,0.33286254056591247,0.2348414396564097,0.9082265373639887,0.9967394367335324,0.9393219401746358,0.9672098443079628,0.598232065957531,0.7482418403763543,1
0.968057810457244,0.5595603886330499,0.580486909891458,0.26029165215690797,0.5037467218402014,0.930326941156214,0.877896751970685,0.13191953368222697,0.31731738679301413,0.5304238008926038,1
0.7478233677192941,0.9262370424724073,0.2829255081921269,0.8769363855065135,0.612931570631185,0.7615639189386135,0.26375794050822166,0.3130103158636045,0.8926718098296509,0.31554291946343505,1
0.05322218827098568,0.14862080704098313,0.2298605455692211,0.035862248169239774,0.2602239635851603,0.7059628625745538,0.43642986652272964,0.9952017433581889,0.9272063411393074,0.040791708540317995,0
0.123654234033855,0.0935778782049842,0.8681731096216772,0.18065496411140003,0.16829500161064148,0.5087377639306467,0.2727915537599279,0.8908945222432738,0.585677401813836,0.5835473909825425,0
0.6769085160963626,0.8873676980186833,0.025962168606230906,0.6813123448292498,0.6806394094377081,0.39416980276672764,0.5903384978260728,0.951219850078746,0.8369772085811074,0.15377546868379788,1
0.005805360745094079,0.9697705138016268,0.6561727570173506,0.9508959684752076,0.32491546830101603,0.7315452173338912,0.734319559535968,0.9574027791398276,0.5691584358313694,0.21136686103998747,0
0.3813909299116657,0.39885849695774833,0.17801080077946274,0.9650493098115733,0.8655155107298289,0.08918830767655395,0.852345833243599,0.1629406838752545,0.779492545145722,0.2849358889994621,0
0.31010130721132656,0.6849619418644428,0.13128666847232173,0.6655202962168417,0.832052874322659,0.5126532256593649,0.4896230358290852,0.8854130386418814,0.47643968662976766,0.5630570769335385,0
0.04043808961914075,0.341744847396551,0.4635248756143453,0.22423021232791696,0.6862365358593723,0.15506970085701055,0.49532225375830163,0.6295595813335879,0.5246777838764347,0.29070302447839946,0
0.8415379542757087,0.5230920570174739,0.29548163390558724,0.04772827439750971,0.07653251973764608,0.0450949036584386,0.10763217144199888,0.4249135212080136,0.09448436248791581,0.6608552539371698,0
0.6615783234155099,0.179552195863255,0.1822081345536546,0.39295733753784534,0.08329056513496902,0.8767553471355032,0.29764751578827464,0.587208388180246,0.454998148660021,0.6702598664905719,0
0.7470293192728324,0.6040528733977502,0.8716157948479709,0.10633065874724767,0.5343760029816271,0.0058470695833402475,0.11667826036590778,0.17173535120338923,0.4771198739123569,0.6918062299869328,0
0.36072878309087664,0.6738031429286421,0.6902933543555608,0.394997237657314,0.3026566586467261,0.12508948993022695,0.013875918021813649,0.11191250246739548,0.015885246515515705,0.9705203636603139,0
0.7900115366174469,0.19091445271740515,0.30091786958069455,0.4634255554390374,0.4739890875062288,0.02181682822450115,0.16610549317609768,0.15242223992035664,0.7025981057082559,0.9638668707389149,0
0.05092218021936756,0.0078742809792125,0.630409880337339,0.7130928146227296,0.9794869379377804,0.8486162610031903,0.7370783133705054,0.5958395505776892,0.5543045252489027,0.29077453193826386,0
0.48790149563480745,0.7142903287761262,0.5283088089452658,0.4220045475393783,0.3158501502369022,0.06351056894547391,0.892877196135374,0.41713745809451186,0.4733379715453143,0.4947888003490618,1
0.3438473898031613,0.23210311314192367,0.21970234504087793,0.9090701541675186,0.33915299863916326,0.6021001328040196,0.8424671345591482,0.6569581364726073,0.1311585670946046,0.2933940419777855,0
0.7997550589661422,0.8445312839897405,0.6218423784316226,0.28245721526963663,0.7492543018325559,0.6670564523554575,0.12909655402072595,0.19948422280187972,0.6057490072562227,0.10090372557552496,1
0.880906106984675,0.35704387483692057,0.1586054651045411,0.8279486884136622,0.8944574706515588,0.0319700077683891,0.06366558624606389,0.4306204625514841,0.6175629215440918,0.12068803282068252,0
0.26749123555658527,0.1511783737943183,0.6901355823404765,0.5153874427399745,0.6694858901511282,0.706404917317793,0.9266320984532515,0.4378267064615107,0.4571356398064427,0.841596974102887,1
0.041969437206579197,0.10541108375077168,0.6299261161540399,0.870869474153118,0.9109857705357554,0.15703254735730043,0.2921229877186071,0.44151791007790475,0.5058966167151256,0.7325518941170924,0
0.4157498387189157,0.7690331638350156,0.24531606461713729,0.8091452157025287,0.341320069780635,0.5050227282290294,0.08523386169981673,0.37243635740279957,0.7548452125117824,0.3606434064316779,0
0.41340941874697845,0.40930931939233284,0.4587530639159719,0.8523904794168121,0.7946073463722961,0.36177436965510434,0.029762927014966967,0.14558430589848648,0.009948713463736492,0.8062468656700007,0
0.7591923850558231,0.6601761722752366,0.64146575444156,0.9025111315738951,0.05780982954601177,0.6316075621548821,0.7133695170214084,0.6603616317794719,0.5197783632029678,0.29572442486364614,1
0.007902233503785383,0.27978074476278214,0.5277917356073935,0.9204505916451052,0.7002950638826048,0.4461890507033418,0.2051335713832062,0.5444252910044765,0.7883415789767165,0.6520370873968587,0
0.03697017235631861,0.3344929247349019,0.7250986823356191,0.74005222231057,0.1260056459938712,0.9919239695429073,0.28392785946827015,0.09281956785672607,0.5517858513612479,0.5213358651154404,0
0.7741577871437526,0.7265092463995954,0.9869547002410485,0.11044190624345962,0.05994573862540298,0.3729788680356476,0.6269895323179615,0.35447334590414925,0.0477328729373212,0.6509624193708824,1
0.9890000788986222,0.5655972265798384,0.8943388978953616,0.6277443518155853,0.5332886565066558,0.5955489146250329,0.350337135040772,0.2845354949453649,0.7847892628243508,0.7148544682023356,1
0.8228427229713612,0.3612675328128754,0.09798783173079229,0.7116404207474897,0.8284376294318806,0.08194716343468877,0.06219367254441022,0.8885092968498417,0.47625307153749763,0.446164087042754,0
0.498827305707791,0.4234221949913485,0.4400799549297828,0.9310356076644363,0.48954106667426933,0.9732724831769045,0.8238118303033916,0.1443461813463709,0.12712397787544427,0.7111505676635563,1
0.7464963060381985,0.9440695610569916,0.36933205963445714,0.9518217527774427,0.6016002137386635,0.40861985914659615,0.12086642808903725,0.5717647544264091,0.04028214158697052,0.15330451069580175,0
0.5896242441367877,0.048651046580230006,0.8942529283848699,0.8890572062394194,0.2155814557006741,0.8191250692282641,0.48879365624551285,0.12232790550244821,0.34864894351038733,0.8704265359392946,0
0.7200334953791161,0.6057097102165937,0.7619512314984372,0.504763861272188,0.4609361645704416,0.4499293913485165,0.4490747388376488,0.8663455525626551,0.3252162865498287,0.7998116211948575,1
0.8900431651107683,0.7359127944512299,0.6459165296594045,0.8659535733283666,0.7072086261570758,0.5719947936394006,0.7961587814360495,0.7073988490465885,0.5610443550732708,0.12378161135251953,1
0.18939587288020976,0.4758356921571403,0.8968642802436952,0.12028317643891573,0.9361818099905508,0.17974340142590373,0.018973583541531225,0.7867570460275187,0.2452866943902563,0.7056177022972512,0
0.861974335714048,0.023263248353872834,0.43701741978904607,0.41493642348093485,0.8596484104387593,0.31738243536659316,0.2571777931677184,0.1146446241422453,0.09933363304867793,0.1681559926670173,0
0.6144754287684212,0.325290696184768,0.027171192417298373,0.05850178225356584,0.38993971123355786,0.32004146384045884,0.412822811998509,0.3242177907968632,0.37551315830333165,0.8277413986586146,0
0.38504867963013834,0.11508137188320999,0.06063197790336938,0.4648235332453331,0.40707646359099603,0.48417150995810654,0.4074937897439397,0.23374045575957814,0.8861558960275563,0.26915973837729734,0
0.4067459214179385,0.0839083555808503,0.6357989944549827,0.20345690684677342,0.9679115127203392,0.3733052204582076,0.9853087154640877,0.7820236626651993,0.5375356298134671,0.4237524566155083,1
0.9720818040324872,0.0005429317070172468,0.9335068160430394,0.48218625987546837,0.5978677515006732,0.8394877216219737,0.38015351443917944,0.3514179203095933,0.6322069407459656,0.5851591664603665,1
0.12297696493937149,0.1396502682944668,0.5564790815027151,0.27945829837232294,0.4319624320480985,0.6104453094662744,0.9574171736989658,0.31830394181558197,0.6821009959683453,0.3426352563140532,0
0.45979934155190494,0.599513667288849,0.01587461616112462,0.6918450603911708,0.6464432919193639,0.002047513490816555,0.4765289500674549,0.9014449939845398,0.6727064041311742,0.4131630327983994,0
0.07752311631030828,0.03094752052852645,0.8320838646296903,0.6716130781559405,0.6722459131733745,0.3529947323504017,0.8127812473205956,0.827466835091344,0.35796574046277274,0.17718663691837921,0
0.22152076470214455,0.019781669664539314,0.2811344838183697,0.9213986896663738,0.3578210189306116,0.0899665192982615,0.6134427087399107,0.3031785324842817,0.71780952976009,0.23425794378011755,0
0.19608679402070883,0.8211234706523723,0.3960861795466134,0.86991623250654,0.5691022314155522,0.4940113214438937,0.5517851873768139,0.6598384211869152,0.5657070478213991,0.6823836013896207,0
0.22796517521890314,0.5230799595184539,0.7822527086312172,0.19185154771556834,0.6779787169629149,0.991951353623053,0.692985815388966,0.5329415173415583,0.25292107224971316,0.560115977250799,1
0.43254817161218484,0.9951064765965633,0.27403559626428553,0.6801734754316155,0.4665867276160025,0.3614718431029983,0.7590217146535565,0.8838024416656812,0.22454820608321313,0.27793303071254105,1
0.025371938871328825,0.7374441789509951,0.9780956111069691,0.42382025687229397,0.07444036690142164,0.24998416153249747,0.16448157525974982,0.3108058576497742,0.6259946869708203,0.09672609737420634,0
0.1078406533120313,0.23835921256842207,0.34080196792272854,0.05443286017800708,0.3335884550189602,0.7941111194844817,0.9435475772091063,0.7757494717833749,0.6195665556082836,0.7640985704635884,1
0.8476921446126973,0.06502821879570364,0.12753579066695442,0.9191157877623073,0.4419184033184411,0.3014710740055042,0.6261852117764874,0.0657902591066627,0.6775644574745741,0.559258051605546,0
0.6597240315676343,0.010606545607829365,0.3839200248137793,0.7951646777101288,0.8799381674841843,0.6192305542623842,0.33961647488863334,0.937584852246762,0.7829291375426357,0.4540767633707291,1
0.19361454177178428,0.5732121327965082,0.6373637356527001,0.256286102200979,0.42100700349658204,0.7246230365399337,0.4446243136072412,0.24315247787291328,0.7970255840127973,0.0604911828613337,0
0.7754956643702439,0.14740906260552822,0.3086744144806972,0.3429003156055803,0.3688299951722551,0.008081842345599721,0.5864399124508858,0.6783003743335633,0.057317646126354815,0.5071078674434407,0
0.785263807091145,0.34155192367252385,0.6678601389804859,0.6947815767812803,0.9819232558265506,0.599762303325637,0.3311454344690492,0.5784107488848038,0.9630648891304469,0.6161031372817724,1
0.0036970722583461457,0.22302508870676574,0.23027401020032723,0.6239200175787397,0.23901903987486806,0.7345861775305003,0.95258822899053,0.3315151095932074,0.740081387578784,0.20531636029714762,0
0.29057621538943135,0.19440344446401725,0.5856863924317715,0.7655327346914205,0.043904825861076024,0.02968557327332244,0.19782499435619172,0.17414660914946367,0.8853822295516643,0.7188366739026049,0
0.020993760462445943,0.677452378997531,0.3789227579151778,0.7874140805379415,0.11096900953638011,0.9361141041683955,0.3050723780408775,0.2401499328735519,0.8094877702917922,0.6609087152135357,0
0.14443224581124714,0.9241554672330221,0.7948981165114128,0.19168129215057716,0.3781955293890379,0.3742553019371003,0.5995491626079392,0.9769815402935664,0.24454963893453474,0.04619519236000158,0
0.7956119200592734,0.8728514919166157,0.8515026383718064,0.9683843075043128,0.8858342877700227,0.20923757349922167,0.08140770185489365,0.47066729360071724,0.6635021985686306,0.06487304096991964,1
0.3218231328762089,0.37387872133758415,0.6945096737392027,0.7156498726885906,0.4947920253407817,0.26833545849611373,0.40094607053775777,0.9211852236883675,0.5839826215038989,0.03660448794960669,0
0.5713703867585161,0.9354989069881409,0.37410735528565375,0.5505519739147939,0.13433031552748942,0.08402814935928593,0.44450531541422544,0.35157495163513397,0.5839622247304239,0.46525311106638667,0
0.382370926623927,0.1795657310015596,0.23379039962310244,0.6453548526457581,0.3590929351856995,0.08241851102201503,0.8426033891868957,0.512790989478319,0.6436543992024586,0.7858732959361743,0
0.32924129255133594,0.30271558273741106,0.8155647797024462,0.6835393298078196,0.27446455650510215,0.7056426376404914,0.9979957054396354,0.99840509783476,0.7523833566619854,0.7398210059339227,1
0.4057584838707843,0.5799537804559325,0.6553085074714624,0.47200399379500024,0.5126469730531769,0.7611605372390811,0.14928114313979535,0.3975052850513048,0.22692630233865885,0.749137075318955,0
0.7919148883661319,0.31307483349592735,0.1878465520500613,0.770131066008879,0.6979412691122879,0.20958475350350736,0.44997193554747195,0.5584468173243409,0.37470016732029776,0.5775084486138091,0
0.419147315813,0.6857628058837815,0.4033687171551702,0.7786434046217695,0.5376040063771397,0.3260795145254961,0.023239840325544936,0.7853578107968642,0.9221441905136014,0.15369123948546737,0
0.9801721154251587,0.2042046185485472,0.39063614654324386,0.5344905807557243,0.1883386781422619,0.10863835609586059,0.5695150119210641,0.45153532653304407,0.894743794982474,0.09324150660204633,1
0.0694910355757572,0.9629945560238816,0.283817620619329,0.2330394259922618,0.6595698932140744,0.0699794326325035,0.05745318061599325,0.5185316801894239,0.17182571684399295,0.8597073473767373,0
0.9550967656343243,0.8656994939333177,0.1299322833899339,0.20567700497625152,0.43220067633611037,0.7096716140567708,0.4747800242810044,0.603709448688413,0.9391542547219525,0.5874919533951046,1
0.39923691455162014,0.8075658324870476,0.5258565048045774,0.910302538940527,0.879239391468157,0.46020456003170795,0.5761327522924898,0.737290710889568,0.2879117849938506,0.8809940734423388,1
0.17512628745326964,0.2491348175673045,0.8999646203051247,0.7332439529305443,0.45782815206546323,0.9108330954542758,0.1834443189093622,0.5686152659023863,0.39355131759229856,0.9456873613868986,0
0.6980439925680887,0.722409389184674,0.2172548689599072,0.49348757722436,0.9923897218842863,0.5528238946291105,0.9953163815195267,0.07653363611844821,0.10522456097897015,0.7665390802883404,1
0.694485714104936,0.7497361411296126,0.3811555679414995,0.7459574371527271,0.8557731449187068,0.39667432783376166,0.0107373613909314,0.11468271694406562,0.9171369756495995,0.32711036257666026,1
0.1402557601838389,0.8204266896779975,0.8415625330907592,0.17058909564089664,0.018066127650354424,0.10051512105194182,0.29414465370887055,0.5346538330722338,0.3908495021496219,0.0775852998449813,0
0.6750441307745785,0.2161664995704452,0.6967423636299075,0.8365011411517144,0.8115118259405677,0.6410121892581875,0.7164104332032829,0.8970098801165318,0.3906183890279137,0.30832425090660665,1
0.23854032307852568,0.0913864300849917,0.421682730525316,0.989290624965429,0.3371166424492489,0.19215181976526619,0.6689494554934761,0.22056785195131035,0.8822860575959325,0.7969241651548823,0
0.5620541172235193,0.18954753596092278,0.20711931537335637,0.5417026534308784,0.9389232279947421,0.1208039613992582,0.21377998669360065,0.3565763259184943,0.17362155776466848,0.4021394897549805,0
0.3689799610073785,0.06733126853004134,0.21856085517329593,0.3015342486466849,0.5988690964846016,0.9831024929171375,0.10181358987488676,0.5361815302912873,0.9905312875078909,0.8504650337189813,0
0.9723668528452992,0.6937207440505283,0.33204654734828354,0.6353534516820034,0.8839670321913443,0.31796697510794936,0.8515542124686434,0.4821303789877406,0.33510521812475313,0.6085333221562449,1
0.23260590449879592,0.616348674587466,0.8967794263665092,0.30884862867292995,0.737913283918037,0.7572457435991297,0.6197662284924808,0.05992301655974597,0.37452362849359566,0.2966147303731127,1
0.7392556360165171,0.3286898518671617,0.27812644330813474,0.6436020716054057,0.7604938822955449,0.5208728595955652,0.9775675044573351,0.6480464250796328,0.28845510445945644,0.023693332292214153,1
0.24833804966100903,0.6873498387357446,0.7195022197249833,0.6080631976776255,0.38148592055940567,0.32163699108023547,0.4423608901335486,0.006042659764117553,0.8698667398962548,0.069984919977644,0
0.8312208786251626,0.9318126902310053,0.23631012817788533,0.0781645136046395,0.7249891047706771,0.3114629698109538,0.7216737657601853,0.24492495822918992,0.17643550489732052,0.24896943049952913,1
0.9725552004544581,0.3982444731721094,0.16776603811020763,0.44137607084734176,0.5052925542696879,0.734928104530502,0.7603244644096379,0.8196038078796678,0.7935586011558825,0.01981107713229424,1
0.7266482351399907,0.25729172215201135,0.4636512347001379,0.45360310586710084,0.3751468849341727,0.6060253566566433,0.07193964968051114,0.13665634926306724,0.46925848123219416,0.15472445574501104,0
0.9402849852640158,0.9704926367267518,0.3731448976996349,0.4895511143491478,0.6410487218761597,0.5883090054335769,0.40878758493810574,0.03882689768427949,0.9216032484507375,0.3848260114500638,1
0.5096083634281788,0.4886218431217949,0.6884893951429466,0.6964554120429204,0.650906334708133,0.9265187563303138,0.7356642056017504,0.24235286919568144,0.03450757206580446,0.8131264102564326,1
0.6810664843571737,0.25428803449433146,0.602149326937957,0.9517782454386701,0.8415158999072567,0.01233738747783475,0.7709721855245962,0.6443973907203187,0.9168828530933538,0.39766692151181227,1
0.2528712353992223,0.3022195659626038,0.9676834310084679,0.6584860599536514,0.38278861035466016,0.3079788665021467,0.41160899216281055,0.876400470169787,0.7276520793841627,0.088873439351276,0
0.3979702196941449,0.3081003427983843,0.9870254931479594,0.8163893780985717,0.0015785775845547079,0.06984149496066294,0.6963167072671622,0.5249619887533956,0.6545211917783339,0.7330422359030663,0
0.45066078429737777,0.8143704549414915,0.18563804180130994,0.05898206494685809,0.1827293992726402,0.7591646849504473,0.2593519164841407,0.9022732889027562,0.40879240215368895,0.6268373795820131,1
0.34215191773821896,0.5856464001147458,0.4778971186667259,0.6728045922557532,0.1008091420643521,0.06105646689296318,0.7517986964822838,0.007226658354120508,0.5824454485565957,0.9876188340921651,0
0.9321283808792096,0.4732317831882211,0.3370299682346847,0.4294536213319763,0.3707851222296058,0.8901521961620259,0.9994451352598056,0.8168471920460241,0.9409910467357234,0.665078285325105,1
0.6983082696930196,0.725220187272289,0.8879705512898945,0.13886302728712874,0.6019091764308104,0.8690052817063729,0.27946753018395554,0.699264621372817,0.8150517586509707,0.3684298951321696,1
0.9575471426690944,0.8126190477772323,0.01663030411137112,0.3602056121337003,0.04575428344009491,0.8075578118548767,0.32552519945747715,0.44430615926950157,0.606763016317309,0.40016519083980195,1
0.8571000002287308,0.905202762040911,0.7342777429883073,0.29386297320704013,0.1950769551988093,0.1431614448864662,0.5200544288473874,0.5718926249806727,0.8568026104321005,0.5046366157512795,1
0.1680528513819618,0.4462867003310562,0.11567864181226895,0.6626421104421311,0.24090161355850093,0.21164082117701322,0.7532525207415959,0.6597451023750678,0.08943181563518698,0.4348934068781246,0
0.2576285426760664,0.4763023179136505,0.8975108837381099,0.12309811015036976,0.13575643243444102,0.5345433029051735,0.7254144064482956,0.09044175442710856,0.6917845482587897,0.8719406070098743,1
0.7360024878757304,0.3816505048716041,0.6421022026619455,0.5618999448884129,0.8561410116923023,0.8084474819404441,0.22355083569209233,0.11568996527028452,0.08768034064309682,0.08913942679940046,1
0.9540686188652746,0.5769168416926107,0.0016784914642491433,0.061884936616270037,0.5356030403812055,0.8471185966442937,0.9798494981504864,0.31964298912347033,0.36502384243546526,0.6793021703803923,1
0.4606027701193558,0.1447007865916785,0.942889908677515,0.8372166545607465,0.49983266502604573,0.45578453054596,0.6014654135956825,0.14587069859400337,0.6653507042611201,0.8012917550485676,0
0.7065222678629454,0.4782827469041725,0.8286873043753583,0.4950255251787238,0.7041404766328312,0.37670862718531917,0.9811427951619787,0.333144546692835,0.8278846943137519,0.21061308568768156,1
0.48750465160157874,0.39180786385463007,0.9843895421550584,0.6592503109006312,0.848518246108243,0.9910632149991826,0.5479429095408735,0.3374101476552893,0.6778986861811698,0.9903142999731537,1
0.8562522198856624,0.3937724537947741,0.1309006834284855,0.7522664799636413,0.5803836797614055,0.8050717864492781,0.8498097206248002,0.7095875315671712,0.4575325001376419,0.16369446797041154,1
0.7353188965561837,0.009132514612568698,0.7259575117836988,0.5756820969428705,0.6783178060166482,0.988484187859526,0.14760545921739776,0.9503981544278602,0.42711106448952296,0.8416600910441794,1
0.6500978048032955,0.5933923902647303,0.969726973388853,0.6269725465964556,0.4039939958229736,0.033992827823776994,0.24085542110089053,0.48862589376188514,0.6879841059159895,0.9545553637481257,0
0.8648957894608017,0.6503109364368089,0.275216040256124,0.6531954738879076,0.3673230559498252,0.12000038561692561,0.08263699056246543,0.4892184409604171,0.668792209837425,0.5097484977911043,1
0.1810965939161172,0.4841914772983952,0.6445966489816977,0.43365647866102564,0.5714230993780228,0.0994412550719751,0.06349830116158828,0.9088805233106798,0.795224827062421,0.1848898485700079,0
0.5189011159326429,0.5847215394599868,0.7137491242500216,0.7900676924862017,0.12408932859829225,0.7529881910045725,0.9656810437037228,0.8976022982398127,0.1806641732305544,0.5991026065887204,1
0.16121026193962185,0.5624962095674908,0.8514501061519141,0.03500527951576049,0.979928434824326,0.5061483107401276,0.3635596406927418,0.544427150276327,0.4230513272963694,0.9452284847062778,0
0.444920287578218,0.5770714692059369,0.6951014944384697,0.5226662599353726,0.9860195219278124,0.3521171257359693,0.5382094868316527,0.2098395056123309,0.09900913136167067,0.8197632956857648,0
0.21603996747570586,0.3590651622220554,0.12849211490977108,0.6223127426357196,0.07435965947694034,0.25496737108137035,0.38178231306201915,0.9036599335321737,0.40005937558463023,0.08325407612875457,0
0.995359269031285,0.6968029338536502,0.1926274203840268,0.3721422595057051,0.6573180530054205,0.8205082082109707,0.6049446922841897,0.41968647257661673,0.15349140998989586,0.9924489914460782,1
0.548368784835795,0.06595935917912055,0.6401774889899354,0.3628194846901699,0.3335173486029427,0.27325300236291905,0.8688553705669743,0.22576546872889092,0.009863332643708977,0.37715598180506527,0
0.30654955348988655,0.8213432491332155,0.48961860012665803,0.5289601188071087,0.700455535740838,0.8653983494788163,0.5515422319699373,0.607466944300131,0.8965702432987338,0.17074741660055803,1
0.5946169784815694,0.8496300161082391,0.47686186874143865,0.12757220312253403,0.009497468819158805,0.5135654189677734,0.15549128247471844,0.1263683597942452,0.3788006646004376,0.7354223748100541,1
0.7067867626084878,0.18310452579677106,0.9862462755590782,0.7984688987483517,0.5022292456538949,0.27582297438842296,0.42776508272137237,0.941677009451887,0.8813877100036438,0.8140232505557247,1
0.07947486696163719,0.7299530300500745,0.9448669485273481,0.16511312555757685,0.057411522303410734,0.7434094569522951,0.5541597748517171,0.49285053318997407,0.8743529618583222,0.9621663313239566,1
0.8880805338353615,0.6978819528571634,0.4054714516840894,0.6162866070135236,0.9108864056423114,0.7459172607011366,0.7141600729896046,0.702591713773644,0.7496679525454388,0.24422624702916995,1
0.6073735464263859,0.9646473837534512,0.6745221684141856,0.8819305655636671,0.5235164158329264,0.22506857793639745,0.07512237405069866,0.839408935109666,0.513684484014597,0.952483602247436,0
0.539119622489639,0.7664139111176592,0.11786540068734241,0.29917799296322967,0.2935450394805579,0.213065944628673,0.7380257221398983,0.5688419445873907,0.21746319475066933,0.3048197994314804,1
0.4882664610258991,0.35574406389810964,0.615530248435988,0.3285518012817997,0.3538927443859283,0.005154411120129265,0.8901962766232608,0.18615770639529883,0.3545323238437156,0.10133777879777406,1
0.15563040054922994,0.6566334459940698,0.2260952328942617,0.39535882602862615,0.29928495261442434,0.4283414698555572,0.18218204033693208,0.8115438540986305,0.10869499288029405,0.4385720689317557,0
0.1984646179576638,0.18956706885173735,0.04025630752504117,0.3945460052866918,0.7439239869357162,0.9009978103012334,0.16031250108931072,0.19899192413967726,0.4792949852324936,0.6652428953567795,0
0.7643927095855585,0.8817665308704675,0.5018585825413059,0.9235612507305532,0.8430629136088439,0.38884850689334916,0.10973278401552577,0.107879584973402,0.021152206704941223,0.1555419887909334,0
0.7374315560462242,0.4343285149350241,0.2894666290448856,0.48592924388211134,0.760899897135436,0.24774729920635485,0.1524957249257607,0.5112398355220276,0.2494667863930674,0.7667276048289238,0
0.8099524684478706,0.7011449540440493,0.502333943628523,0.18118824950359003,0.9925516683971279,0.5911961989768438,0.634477191781447,0.22938419223175333,0.13229581267597645,0.03836643154816055,1
0.40729719046481827,0.3064459465455923,0.6333099751183714,0.23142764882575895,0.3361778514539886,0.47919523761682004,0.5098636927237572,0.6438731555018983,0.3042899899933855,0.2692460891870867,1
0.05213063702308196,0.7447547042492002,0.2119775510230434,0.4720581641805123,0.9084819749483601,0.10076169990679262,0.18484000304537296,0.9483281857616181,0.3635812426677506,0.30435669505244944,0
0.36138496356406813,0.7788083075650861,0.5288620636218324,0.37159228502401864,0.6502483433183055,0.21003330189233427,0.3840493566336569,0.8871937998113447,0.13048540524809527,0.7425874367493027,0
0.925500639517884,0.07487960116429626,0.5465790228471932,0.34289796875027123,0.7253506591483839,0.9896446150614918,0.20199911693898998,0.7207694661145833,0.04381110614412975,0.19170672758081964,1
0.894913027927369,0.4484822200973677,0.7173258745478759,0.9108491795966458,0.06770849587634664,0.41900416108789107,0.9313323270711618,0.5038694276726631,0.0218748984257513,0.5991536622803556,1
0.7407151968369894,0.3974938280509851,0.6846942792271811,0.87025571997082,0.9715384175999874,0.16551822005022265,0.7507277914082882,0.38415041984989184,0.7793721734750785,0.40084895944012977,1
0.7906468772351419,0.45544098692996615,0.7077540212912795,0.5250732023927168,0.30341017136331705,0.22033632767471434,0.7082547043898303,0.5521509209208443,0.17110909688420184,0.04561246584032319,1
0.7906213183069226,0.6424131242932651,0.24900807432484817,0.8234102667121022,0.5345949241234722,0.0013999614763668955,0.3474618988684034,0.605159535797079,0.3691101619941135,0.08324615617415176,0
0.05726343114640786,0.8159221560538424,0.8239317860862847,0.2192795927113046,0.9652274644351736,0.17673523914804457,0.9716047049733884,0.5373886947133957,0.9787623872457588,0.7781859929786391,1
0.6343055412496752,0.5508778036099597,0.8168470296426481,0.22063903752165304,0.2687935024791853,0.5816637995079208,0.8077329610155621,0.7528976976533488,0.1556414771531217,0.23172314263740101,1
0.86235217136227,0.18885992146773622,0.4905183832597364,0.729479992243697,0.6475642717036921,0.021047303901316372,0.1629186487589258,0.17773426933213465,0.3941973350000889,0.60782207688576,0
0.5267785499788171,0.7267646249416783,0.8079927266522386,0.6032935164848711,0.3778751297592412,0.020715915486481107,0.8265622482713465,0.7634457560667182,0.6444821129342745,0.04374004253878472,1
0.9576176910971157,0.10633894460179028,0.7361315102745246,0.33838991711080224,0.7074557549131303,0.20232164218448168,0.48042543053382447,0.5628512344687453,0.4443261982162663,0.16314444174904363,1
0.8249249014595587,0.10281531173469194,0.29673849122648,0.5115424162630503,0.8364833847827067,0.14183502645202284,0.9121669622086938,0.024000869890117182,0.4271354331477214,0.14737651015303954,1
0.1124086714671595,0.16955906145846877,0.1101356537977044,0.10173625466575087,0.955849068476366,0.3573079040370132,0.6156967679688691,0.11835097045074028,0.9233196074120865,0.9198736033201538,0
0.1502200357103165,0.6672733849820548,0.3015637667831649,0.8175625449940975,0.34838568326385444,0.103922562830845,0.916234355414292,0.6617317152702249,0.932881834100194,0.8107194148524451,0
0.32025600334838167,0.3905995744965627,0.7213434636358226,0.785546094002867,0.4784320132035744,0.06731363470229523,0.577842879499891,0.95958531444302,0.2784761424710439,0.09044701846728775,0
0.41394434572564887,0.7935015904650403,0.33346514506802905,0.8021409283878673,0.6539542222142585,0.24590812163937992,0.4186596315304879,0.4971022944059017,0.5337706468448147,0.5324744324103933,0
0.7482834996233432,0.7030933133307861,0.2351930689939069,0.0028661057597373363,0.9939053121998541,0.01715465160011076,0.5583744680428977,0.9576157713949134,0.9209041007619821,0.0595773898911619,1
0.8533122059069602,0.9718196014414858,0.9129539088985098,0.24249740847004475,0.8278218077464937,0.0558656658753407,0.13780131278362717,0.9620519853814,0.7039628561070306,0.37746078322143495,0
0.8374371945405427,0.8704769772155075,0.030185730359603924,0.3652442182695679,0.07899329248849896,0.077065296564085,0.5691831546356378,0.8137112588919316,0.14971722487671446,0.1824245115352029,1
0.7813969079021151,0.6952470243961321,0.2867690705602367,0.15588733598590487,0.8811571422402135,0.03211910727749456,0.7511329291282609,0.5032954227950334,0.010867576274206314,0.8326800944180843,1
0.709352815354726,0.4236702615875768,0.15680063718428905,0.9731223292048016,0.5215010447618386,0.977926283710249,0.125133356028309,0.2118642434507788,0.6190437604188682,0.21890641296126656,0
0.3131896604053672,0.6418908343099048,0.8272536797856543,0.16482435952627394,0.8033392606040696,0.646647195698484,0.1947305893146959,0.1084008820682768,0.07780857654438633,0.6031901670902763,0
0.756521440369539,0.3091201125662312,0.5516913771757924,0.6383889610260867,0.03236679166805112,0.2691680124777507,0.9766631466904488,0.5647968131666968,0.5637393220252839,0.7902257031485959,1
0.39813638851207556,0.19488370652848808,0.7518422707218029,0.7256881248640812,0.973850742947436,0.7026568105420948,0.09737983592836696,0.40728656125449514,0.7414513416854918,0.10100288318229544,0
0.29011938096003975,0.15153781087975182,0.4631062230374876,0.8852038728144223,0.09329086506976403,0.718462707337514,0.8844020680758893,0.8074760338772813,0.6542201499705211,0.7688257151734421,0
0.34141528939813526,0.7853518585204897,0.33902070888013824,0.36031635570131804,0.8559525530050779,0.4309014457465179,0.8906799309906548,0.7741750008081904,0.38763427167468234,0.20882064101852094,1
0.14262252126870534,0.8704574801738731,0.5471360524560039,0.9689471185012387,0.7814455173547181,0.08716768398070529,0.09411399405306464,0.31371870018331427,0.9340559713215245,0.16147248497725897,0
0.473260953862099,0.2560263034935769,0.8766578692350192,0.6502920830559787,0.1404472435998132,0.12396622428060056,0.5687334499378427,0.039592641319871724,0.8590032554166396,0.4009392142968865,0
0.3736830956003855,0.6822008968382643,0.5059424299753627,0.2628274327323482,0.8755364566389333,0.6825555864175824,0.6206137238251539,0.6438667852957447,0.7410425602688687,0.24481678530384066,1
0.07297867702730954,0.3882229989331877,0.4622785722401035,0.09350312016113072,0.4658775960541419,0.6424844826394003,0.9001265154651533,0.464852996983521,0.08582254633511122,0.7317781232919419,1
0.9964382320968018,0.4862950162040828,0.7022908385193702,0.47621946867053533,0.278375062753101,0.03828233886570642,0.15574111751119546,0.4699675451629891,0.6402163819482187,0.3201866192237032,0
0.4734096393989088,0.054077515091694006,0.8680206017415428,0.9526450094477563,0.6836714403548863,0.26984811016970334,0.635687292934251,0.0835912834237359,0.06925904954899331,0.40506848008713947,0
0.8305490915011039,0.09244126003203224,0.9016417371372453,0.3420191478980017,0.7531760506101324,0.1645332813159026,0.349276259108943,0.419101077926347,0.4754994178973606,0.6888304932702883,1
0.7830723739696985,0.5971286386144159,0.0778087133372104,0.6679624883717995,0.6165123741672727,0.32373257476138273,0.9863679470382914,0.9389690587994202,0.742836347410343,0.7367192859435574,1
0.9699761247183778,0.4063866381555996,0.5206916982105824,0.0036768912392750597,0.45055896746608415,0.8325108279084196,0.12571720506469197,0.44932865082410267,0.9694575114427284,0.09744605449204125,1
0.3480855540168514,0.9523768811759278,0.9717445051642376,0.5768364292018447,0.014371017890098758,0.8137793493553582,0.01619126872676957,0.8966549136263535,0.5020852000940703,0.8677581483479242,0
0.5231698227977019,0.7650811399208501,0.1133799994464878,0.1758138050051299,0.42838361392260704,0.1768951606210587,0.5948918101389492,0.5427628788044763,0.38156332287958206,0.8450916086107909,1
0.9953632212252927,0.8059397625717112,0.10381203956632268,0.6496245862277336,0.6162603715993221,0.4112796642160065,0.4964049290861463,0.7517267586575872,0.9272289093191455,0.0997020723933365,1
0.45462987982919745,0.3810798310823821,0.1955602381850975,0.4695742424618564,0.12444056086699418,0.9676161020528615,0.9140293185706967,0.4129347421824452,0.820417975223507,0.7038349567699071,1
0.2644990705504766,0.8384841747781117,0.7951382093827255,0.41471652443186047,0.2415544390988167,0.9001872532744635,0.4145566600015358,0.015530064897588014,0.15337534837804823,0.37440574050523057,0
0.24183111306830918,0.9734903230619608,0.19266040337285328,0.6444343581297824,0.8285498995451702,0.8013316462333527,0.5778536157988193,0.12887046440982597,0.6362734913111604,0.9773556346305661,0
0.5042570465681905,0.631441068477435,0.7842812939883185,0.8430307266277959,0.6273183816422921,0.2602301227848073,0.5529055085707691,0.9487003037512647,0.2037625766788007,0.09326540697843,0
0.07877250441755224,0.3824048491216441,0.7423396239740339,0.13054801511328062,0.4537062617723878,0.6315017922043036,0.3581213517975447,0.23972188422473306,0.8979092405867221,0.2969225063460239,0
0.274964824937011,0.9349758933765405,0.6274380089576603,0.638386569803937,0.5793545757751095,0.1034192302147412,0.45912772362827525,0.5958944419226372,0.10707665340479744,0.2824630384295781,0
0.49103695746840126,0.021956968409904243,0.0735759696849978,0.9592171730524507,0.07631268508952826,0.6873364107303851,0.3752543694504612,0.31358493591511094,0.9083023998951801,0.8085490551673147,0
0.9759158741147104,0.9937395777313688,0.4839109927037063,0.6140049964188997,0.5464827716724169,0.15838826836458253,0.7416968290098087,0.9265831792473317,0.19284525965236698,0.029555242776529322,0
0.3275397281241791,0.21976111146392485,0.7277438990146049,0.939848103572281,0.267590532255668,0.48157487213043515,0.9532293609676498,0.3485533796853093,0.5514971140915492,0.2943208773958962,0
0.6870574567171616,0.8873148911997387,0.28108276398384047,0.3928259246266975,0.5836482554164024,0.7664488672284698,0.3115851295415544,0.7940995261507615,0.9537620747242893,0.48783178950452555,1
0.4293129757025895,0.5671420347162746,0.37396048678379257,0.6326984675179548,0.06426625288578403,0.16724905289299552,0.033760010883937985,0.5113568101306531,0.5868692428604384,0.29347354623587496,0
0.32268116198023256,0.7908963723921395,0.3577445167699318,0.07264033120262736,0.6569546116267166,0.3719642843681549,0.7795145535055763,0.12230360515142225,0.31858914113262604,0.010901024317760855,1
0.6018019110871491,0.5272623614777879,0.10292019367932304,0.27804846850235476,0.6079043741991449,0.88336012368967,0.8599126388977838,0.07482419590613532,0.8926640201082089,0.421750140802055,1
0.9902597164691646,0.4212372460906134,0.12409267911899913,0.17113972903363905,0.326874759727501,0.38285751816944713,0.576413817862188,0.28503691418346977,0.6436666085072281,0.8561030669194365,1
0.9180344829523093,0.03912024451337648,0.6447756664177201,0.0694541146598261,0.09511981777735212,0.8025132821133648,0.7232536695971956,0.2746735462336961,0.75369227935243,0.40034434258764384,1
0.8486723128042901,0.9671525277977572,0.12141294660475577,0.3739060829408746,0.6179770015384526,0.02928818184148041,0.04783423859966196,0.010396027108538264,0.10513569409802825,0.32285904036006896,0
0.9028805832382915,0.9895650297771494,0.9341103560346458,0.8680148724652155,0.25968769105761746,0.7849440354338003,0.11080359703304898,0.9471448608062423,0.07504217523133105,0.3293289742463945,1
0.12628870695332195,0.8618948992192855,0.753034826994913,0.8877984125178582,0.9658362634143015,0.41329391775208446,0.44677974036511214,0.12237330914857758,0.5275889280477423,0.5778847223365814,0
0.29623418831364345,0.08279427403963868,0.5585152345563626,0.8728723320541997,0.6594807777340282,0.7352682788361867,0.2058912343901773,0.07801672872263488,0.9717652089491915,0.06026692846771675,1
0.5905230996132085,0.527644638075883,0.8584588342410253,0.7604879583744806,0.3118254297115829,0.4540219653791885,0.15399892514800262,0.5045114092950558,0.9141252646599748,0.21878483084363665,0
0.2778384344510285,0.16419632499118142,0.30714677983145855,0.8698313800785115,0.6483829625104691,0.14728973404283907,0.8761962362168236,0.7450259932145414,0.24056246144017523,0.8940980543259294,0
0.08406676616092645,0.43147363671709615,0.15062004623508451,0.5021903919491799,0.5079268241952323,0.05315707207724896,0.2725888667239299,0.09781269765745393,0.6486217482575962,0.7320016095639762,0
0.4335653417496722,0.6811605248590666,0.6463448572825211,0.9589717172911971,0.21957976456871553,0.053137771003383794,0.03568795751952003,0.26617824464117834,0.06584738591411499,0.1010319909115096,0
0.8795276708281322,0.2682669497666631,0.20570537575355996,0.7857276514438948,0.3476331132419348,0.2879925497312348,0.5963133967517213,0.7338822707765316,0.09424256671278786,0.5032401525063994,0
0.06945463394109497,0.1873444120001443,0.899869221860292,0.14183365525486336,0.01273482789122593,0.4746006908112954,0.3340541498424623,0.17751505206801632,0.2638321882580036,0.07697706796769133,0
0.24751042926734867,0.10938599739355226,0.8189264388188036,0.5672667300704587,0.9904131016929341,0.8353590311727499,0.5252691842850035,0.1673047375305926,0.14658295940798927,0.09391009882086854,0
0.486493313711411,0.36428933187388446,0.013561053780834942,0.35262637809763864,0.7101571510265683,0.8913724163013029,0.7745262955422477,0.8569561605537513,0.9021668273485982,0.5957435405578825,1
0.6593669130957652,0.1416331258207142,0.4978322314538409,0.24436780495631838,0.7410124294147348,0.9732905881905594,0.3594199285381102,0.7443651191091089,0.19384211242681182,0.9548144070638586,1
0.9583061253733399,0.5269068790596145,0.2653093331331561,0.6790663625958938,0.8879949028134023,0.3910262256052184,0.417294285783667,0.9939437082130248,0.3093232973707666,0.04109997734067461,1
0.792340512178822,0.28840853355966933,0.9694698900605356,0.498927018994339,0.6855266999239555,0.46631747246476307,0.15022775175561132,0.966671468986435,0.6237951335172418,0.6643203211024912,1
0.5930716181057376,0.05319328224931985,0.3058215007565188,0.43032282853316894,0.6602533149280403,0.0006417114280315994,0.25143346293061064,0.35021823554278975,0.28326553691374723,0.8590105436890813,0
0.19672741317786857,0.5852248364557313,0.0807179383248241,0.21885776543719082,0.4731777677903679,0.3546322379166521,0.8117090886719545,0.6370446487236084,0.42256328760917183,0.9669068150532456,0
0.3224799022404867,0.5781674171922829,0.6833211836789574,0.1995066646488044,0.13569075179332712,0.5542837694251773,0.3010622658207721,0.08559792710344594,0.5666650900775093,0.6283188273098645,0
0.3132604621635017,0.9348798147228604,0.7125985052999778,0.46837887431825576,0.42766917099470314,0.42050566495542907,0.4102586244142352,0.027672938351022358,0.5589091034712055,0.9574917537478335,1
0.1272748605973254,0.5432695515447289,0.5655746003821882,0.2933431867773534,0.7553351733469019,0.3926593223656404,0.40294212602137947,0.005952845981775257,0.8074810263737702,0.8749108725637814,0
0.09739906208172533,0.29057692412617353,0.48146790035510734,0.331307596447424,0.06086476982714739,0.7404729394958726,0.6744129993827706,0.7393634223710848,0.05302026645520819,0.20506444958049075,0
0.30089220872699807,0.3108908289607021,0.9891586298982143,0.006450800639516419,0.48495514410483775,0.6877746969513585,0.11470886369900446,3.5711772904400974e-05,0.6037906622879137,0.12103441744910592,1
0.12181141450944355,0.4045573360004985,0.9826962663534576,0.8202709573129404,0.8417208034375927,0.5467192475517952,0.8216864586827163,0.6813204470212001,0.8593138877910325,0.6171585181593636,1
0.7416647203238953,0.5466810256268906,0.4761583989893381,0.29003618873245285,0.6675355292858159,0.9590914144274875,0.49296413635715397,0.6676996594308416,0.39118922044203264,0.6976527035225569,1
0.011019643996194484,0.30276156987312086,0.6451089877666706,0.893220973440941,0.6198764625525428,0.04263179680785778,0.9070584353411709,0.962796525204953,0.46790710749048126,0.7230652679380042,0
0.7062246168036435,0.3906243258196499,0.0627657709605759,0.6559192475035989,0.3518670026655002,0.7192091089721602,0.33929107680530646,0.7151823331316105,0.7866968671980448,0.27834014434338306,0
0.47175231282295127,0.6589718101946602,0.576038954470308,0.9274122454746083,0.7753979985334358,0.5254339073540718,0.12942196948653983,0.32407661221066186,0.9551945968026274,0.3480952202118428,0
0.1062204353469155,0.934233908946233,0.476413006511773,0.7599092813695562,0.9813283962886282,0.8085554832016547,0.7326470523745189,0.23661718596094694,0.8997943094429032,0.17399795895936454,1
0.8468018528069179,0.07288169444746107,0.7633519498580851,0.6065333011097762,0.8406793551851768,0.9235508454894068,0.3211592145834937,0.6987257260792674,0.37762894580674644,0.9888708638950867,1
0.16208958204137536,0.8138377407828676,0.8086722179502562,0.19229581271125595,0.5821079464572895,0.6291156631695652,0.6686582497969725,0.20353961015670885,0.8100088472706272,0.8932910114916882,1
0.9109885001799726,0.6422323772918768,0.4961754693846173,0.8324029088577238,0.5703700693516115,0.47373287007846143,0.3521060523128896,0.6184788636845033,0.558697311978203,0.13787353636023314,1
0.29822698310697826,0.11792749538058223,0.23057350554674116,0.6014895851950199,0.33091979490624723,0.22402122483646714,0.9406175187967455,0.9222733291100599,0.2513818471910536,0.7032733139239639,0
0.9318090499285411,0.5000470080393502,0.3992196591097482,0.05664819885746841,0.697517908303502,0.11087447094002745,0.4709787066051876,0.917391337342068,0.2630530718954801,0.029978029670377992,1
0.7338726694107738,0.9241742622654494,0.6633361273431743,0.878270179497663,0.23561720172729428,0.07291190181420792,0.9479975965906395,0.9043238655477889,0.7030908304080624,0.765574222858902,0
0.5514252519516012,0.9466006765474719,0.2705084064850939,0.04174097704933,0.035600084786092556,0.5076042654011028,0.650336968528164,0.4315155631124421,0.30341835157231856,0.8498335024449959,1
0.8602944715275495,0.6819412163167824,0.7379235701121006,0.5524959600133698,0.05214041759911758,0.7656815154643938,0.6954405317100688,0.42971864865226883,0.4268335815485188,0.1377704301147401,1
0.05792250661678766,0.23203342476480304,0.5886174739155892,0.22712588617999463,0.7474756892961938,0.8883353382925319,0.7931808422224043,0.5680486116243877,0.9909387365115218,0.014898559996901484,1
0.34966746421468264,0.655208951908534,0.24424434451825028,0.2924127215870934,0.6061238452629644,0.4787013654230745,0.12237635744057807,0.07680383381529055,0.25019885553695365,0.543646195574559,0
0.9414269876996698,0.780208405490263,0.29268341413863697,0.6536438706830575,0.5268441877736038,0.2675352492843489,0.6977716873691914,0.5034454025654358,0.0539975341158766,0.9004253775688548,1
0.23053592670663592,0.7419086586904947,0.21076963188311493,0.372389985061517,0.816379709451944,0.1419612320949708,0.977909700834045,0.6983419391533539,0.6499080863907335,0.4537629854160917,1
0.08449329480320245,0.2790924821389782,0.6097477256054897,0.4953574986670052,0.8627728103294088,0.3846632498802225,0.04441555011606546,0.20573012068366237,0.18442679688279096,0.4310849646664555,0
0.8931693608777097,0.9226986827564058,0.907449582685029,0.8102436866858479,0.5909586266915808,0.7572522165428485,0.34094438497562907,0.8292394550258705,0.43407601018057973,0.4275491891996016,1
0.677969524915654,0.8585140927947398,0.9379760737326843,0.46350253689166165,0.5726025530637815,0.5683030543402757,0.5189128611989372,0.16254886955250059,0.3812910353193616,0.7456338703081985,1
0.24993261524542565,0.5428045563088724,0.3375323531857328,0.3946012037888631,0.6155472492744765,0.36169486693104613,0.6592299435325956,0.782426287628942,0.8102594969538146,0.6079991758789056,0
0.43990927941255786,0.4664395007267874,0.9658854928517613,0.48020790992485796,0.8443253305301697,0.21784249997594118,0.058584835973160776,0.9388342580165482,0.27644567114892804,0.6103285219628205,0
0.12722248008414294,0.6303381783850142,0.14690178536801912,0.6179493044017117,0.04957967424893717,0.1144465629354181,0.03850177812766642,0.6844413839781223,0.8605702775739794,0.5798907154599907,0
0.6783878195653177,0.8574903074607798,0.3533350418540936,0.7183192971701403,0.6005788388453189,0.34972965053590743,0.07747914274735701,0.4438126840679538,0.51103551743515,0.2369787112179541,0
0.14307948220293665,0.32654054170077096,0.7881644618532578,0.3349857850007625,0.4081375516756789,0.6519782124066025,0.4706850345617498,0.9735012001846957,0.6219163688358471,0.16031281924472685,0
0.5107961424869892,0.7808737512085095,0.5081822707017298,0.5814864986601489,0.34405274644449224,0.2148687197181559,0.8307267694375384,0.032599528558994284,0.7262597616767487,0.38108966322699056,1
0.5744392471784678,0.5482330302443448,0.41808011784380206,0.7330456608626422,0.8475950798279017,0.5277563989028747,0.05143150394485896,0.4723291595220398,0.5244480708266496,0.44101741401060934,0
0.36196495764621117,0.45582117374849596,0.7481882793634895,0.1154169193884218,0.24104647669946755,0.7327983301699798,0.8802267790580228,0.36188115983970515,0.3519846093688691,0.5056434428426904,1
0.8267839177455378,0.12528125886408192,0.5376158970962757,0.7764482714926133,0.40761743988175037,0.5847553362392086,0.13814015392620604,0.2602789535809751,0.28688518957474674,0.31384433893832575,0
0.8998724682622827,0.8764056969737197,0.015512251606367045,0.12078884555865521,0.2633761224561151,0.554578778977557,0.9301251655061562,0.7428539924397719,0.12639795146479305,0.03407566870643608,1
0.9042603926536342,0.3543677712042107,0.40231750679708045,0.5569407808887579,0.7119835115476838,0.11902964366084545,0.8974263207965759,0.8983538920927083,0.5914780021366286,0.6166295938772841,1
0.44975371465606595,0.8348046722687046,0.28929114161178515,0.4771060474225408,0.13460553983929102,0.18345077875038573,0.765955713313506,0.916341847331122,0.9366214462323038,0.08378949129772473,1
0.5086671912858872,0.5880808776564864,0.9447680992857093,0.096898602189597,0.2973485327757408,0.34111721104598003,0.5641313382810178,0.8973016256480935,0.5798282065110496,0.8440654272440341,1
0.7346257484136831,0.98920537330944,0.21068068914516003,0.5191349705923812,0.575137822922943,0.6154774972376778,0.0994665350567222,0.28479095671767396,0.11855107760312522,0.2738485000031867,0
0.9245158525681092,0.6664336120980137,0.14100312513095148,0.20684311205270467,0.838789995824532,0.7548647386495204,0.027350124704774714,0.902541302440651,0.9598567030626866,0.5398297498964959,1
0.5711651625223648,0.7320894185068061,0.5208938950760565,0.8310378153163893,0.2949415811746954,0.109614876778803,0.7063221999942039,0.8447441244120939,0.44440506315886785,0.4322659484539594,0
0.0790670793077165,0.793320255148722,0.7273615902241344,0.3271157157177268,0.5070601726721016,0.276108029883087,0.6306239421332012,0.5128441130524983,0.7770455708659328,0.706809801518452,0
0.8414310407502225,0.6611304271044957,0.8775735320603907,0.035636186221111865,0.6344971554524083,0.007970588251305588,0.1368746726687503,0.3762090569147081,0.9431623683885451,0.6733476310646407,1
0.8758639476352311,0.9508327582203315,0.8571567961818247,0.7494459764226457,0.0031977104717402227,0.06726126738407567,0.5577371613026946,0.20854697160415725,0.1781150254518742,0.41815934842811264,1
0.1800643345556382,0.3001005712203074,0.23189333733200335,0.29211591681820004,0.48505995042787464,0.7967461767049692,0.3922100558716215,0.35712787168780946,0.48095905255837157,0.09653323306836581,0
0.6624181898300743,0.11581917983438395,0.46473593232270716,0.3189059545145396,0.11353629341407545,0.6969685807681777,0.7048188010458488,0.7736817813081401,0.4837387341269912,0.8047213097215385,1
0.782827894456728,0.06080326111806411,0.7717986577987076,0.26160525288424674,0.3176183582188865,0.39137839383654693,0.4419515462607091,0.398679511701311,0.9123687301176292,0.26831723366309246,1
0.16653514307747108,0.20620082154536246,0.6252865054481894,0.9478777942676524,0.6133039713706925,0.3296841765136669,0.6049612055701562,0.01991991661696546,0.7222287209415263,0.8024128778218338,0
0.5186489985172703,0.36209775161350266,0.19843981404019362,0.15699291108659685,0.535698811676549,0.8597228357033468,0.2293344683214089,0.8012853947386456,0.9106537802061434,0.33150211284604125,1
0.102520730357612,0.39793740802514144,0.48489994587216645,0.15694550635732496,0.30146643537465,0.2300052391853593,0.7724116346841308,0.24730873878134796,0.272458245977129,0.12364283064749715,0
0.0738902427592103,0.7221128694973084,0.7623859922039421,0.41538002357001735,0.014741783906906614,0.8302515189476158,0.6048718610329521,0.15184755694535867,0.7358733980968281,0.7926200061375193,0
0.27404973997850446,0.20266669317840946,0.2642699552272437,0.6560507087126461,0.4714003531380051,0.29123865387987025,0.09306239502320401,0.9668863296980463,0.5609962588441215,0.4833495191069169,0
0.3727376666866271,0.5465814151956047,0.10830429533325392,0.22406086011141146,0.9751905949778249,0.3973486182928516,0.23211554770980236,0.3698216265202039,0.5631532677184674,0.6428185650006668,0
0.4898114621148223,0.249969058363801,0.14133056553598544,0.6164884704207658,0.4735146576419894,0.7230324137184769,0.5666392055197179,0.2324297581533562,0.7674084789560567,0.2520238489796115,0
0.005571769685632666,0.6903973386378897,0.7550379303277246,0.7946957907730854,0.5455887354896625,0.3130161759218222,0.6520086246411453,0.3218379576606454,0.7088681718930329,0.5144311156482043,0
0.756886705857698,0.16209311425640438,0.7481487625947422,0.1661969736022324,0.4376012598704484,0.9719162740831419,0.039061947803965436,0.4241822249828616,0.17072208692256285,0.8031536305292628,1
0.29422365665393313,0.9219702175276442,0.6766831597023281,0.5224801027952591,0.61510048724372,0.3716318127796827,0.6502207157458787,0.14151759661880714,0.5232512405889025,0.2044618413061926,1
0.927079593738647,0.7201302572800705,0.8523961747276906,0.1353392464238271,0.5243784540525185,0.8294080158611418,0.009821186346471444,0.41630294307489524,0.15034907661746022,0.0670480131604545,1
0.06110778916606874,0.4686941027228121,0.15645302136817574,0.3504527929152811,0.5591560891519723,0.22602951038597108,0.6288217530707231,0.9278794988441517,0.27458061489602603,0.8207544305288099,0
0.5410169932365368,0.6593675703003117,0.07747612590073882,0.15242180304956643,0.730658078316163,0.2799855334932003,0.262937617031185,0.10232212488877834,0.7968844810300901,0.5873170617582658,0
0.871336583911532,0.6684969135316442,0.47340683794995175,0.16809938850008532,0.783364916084938,0.9890872256192822,0.09133826888760255,0.8033538283029473,0.14649165528515973,0.16481838729578246,1
0.6648422291255673,0.3270893641006821,0.5003751051426487,0.1172964963374502,0.5601451351735491,0.3773095516407461,0.3855298586655005,0.4744780015572282,0.3117618325252043,0.52198570457825,1
0.7113476778781711,0.8398761036786678,0.560485865486017,0.49009350460097,0.7889650557230341,0.6853675851243719,0.5579050846380154,0.4354133729047486,0.3481804890782565,0.025295554594236824,1
0.9979001128718717,0.9394071488900781,0.3824574155673821,0.17900560001427257,0.7476284950631739,0.010672421722382919,0.4420805674865199,0.5260025947905228,0.005614538387867851,0.310390698376682,1
0.2749514180546556,0.47873486875216664,0.04391738769216713,0.6954990752359068,0.2530379539294081,0.625270411798559,0.9711406944109567,0.8233257087351865,0.8631853216739707,0.9275748392254806,0
0.8074306853405183,0.0381935936922867,0.028836970127526507,0.8942651354768161,0.15319175053864398,0.7361961690851127,0.8709132213215761,0.1316482058377908,0.41957258309471923,0.8458031350331512,0
0.19418237846423103,0.6140037904490055,0.016674454008526962,0.8372735282182017,0.8482300259148067,0.3164802856574689,0.7093089533538635,0.9057247488667836,0.5868474894921148,0.9443009746540827,0
0.825047543356516,0.5015256937407996,0.7289570664363796,0.08396870026428416,0.4433988708593579,0.2755254552403764,0.19868340111312788,0.5054658309314513,0.17296821352317704,0.7468284282246531,1
0.6962921849347296,0.5661892885735098,0.4630053720486309,0.11626169024416122,0.09056171910838007,0.7295503771783236,0.185658889394263,0.5911485301451752,0.9657655955859077,0.7667225686411249,1
0.837308322495897,0.6423173915047751,0.9014791985197805,0.19108605941689327,0.7558325435080414,0.13273481510942475,0.053335304404127926,0.7059139630725723,0.17800403594198366,0.1404260737079378,1
0.6975581604212397,0.2645451433391277,0.48988566067183836,0.5786961642176895,0.34885919669546583,0.6418259108293259,0.4496731447391217,0.6310264072346677,0.8317304415291148,0.03673109374690886,1
0.8109083226473461,0.7962714008144215,0.20744695769385368,0.6996538264191929,0.5037652518720269,0.8298576827580614,0.7942950298558928,0.09075750047916509,0.7734089956486373,0.2582138495017209,1
0.5868207612856549,0.37228274765438896,0.3779101569824278,0.5883907817399121,0.03384978564360763,0.7012882836506736,0.629472079566748,0.8693291015999322,0.00789830206893749,0.4214077627323264,0
0.1861607264879731,0.02174996911740823,0.8092213318989598,0.45644567604046127,0.5759652010686579,0.4349684769731377,0.3993334805486505,0.8340964111953133,0.25257476958164904,0.3732147783111178,0
0.9008655244625092,0.5069607578803249,0.42098598499517303,0.7740724479359461,0.9539819402805566,0.4007501273831431,0.028555170923664885,0.5122043502806479,0.92235359773474,0.8865952461723323,1
0.33314711443014,0.9599132988885052,0.970325127917518,0.3092735394303756,0.7658231119920383,0.8014896239794973,0.4587135195433636,0.16534208104452286,0.0008432094649121202,0.14749100953643413,1
0.24473252262277845,0.6847135764013843,0.8456683961719909,0.37425781045067885,0.47734408944345863,0.3447118632488956,0.4708006944494625,0.6867864384803719,0.6987797484732559,0.9128330459617521,1
0.7630442972128272,0.13352626860054995,0.7732604393892871,0.8980212903260781,0.8197910761442005,0.7303721075704976,0.42459243980749595,0.3938503603198764,0.07165679594030361,0.4883093287786593,1
0.33985095099699436,0.8232381418465937,0.6105665236649676,0.7516844600303527,0.9145860007201853,0.6455772685265054,0.1380799002941674,0.18797054919785194,0.21123234407557478,0.43540062824525194,0
0.03482666061088058,0.9585127454624851,0.4217368899249878,0.1635428771243701,0.6823397764366013,0.8342324950280081,0.46492270235887867,0.08264047165428745,0.686065619682302,0.10140509647033058,1
0.45469206580213195,0.48613938431305603,0.9599210520848254,0.4017033906464059,0.7713596601375288,0.30295451302067333,0.2586490492676571,0.6341171794828654,0.6036360472971579,0.8024183951930021,1
0.7854947237583961,0.980734507918843,0.5317116287321655,0.3834718232625297,0.6747189095617019,0.15038722013649886,0.3371156897261829,0.9341770761278623,0.5901530180710297,0.19761304940951074,1
0.48962141171284546,0.3671041209256165,0.8891659349153058,0.6863876385189326,0.2523268045909891,0.3374617448076328,0.2961444539340864,0.8191693426931674,0.5427484979274535,0.17872818032830717,0
0.036612350726638154,0.7386803060487998,0.248626717740548,0.08404685955483615,0.09457257483940285,0.7267874043035828,0.6329200230050853,0.43110054651436713,0.2746962334616949,0.971852775350443,0
0.4584195691394879,0.0765361437692379,0.3727953287831498,0.14675044722373398,0.9768433326766655,0.6378144831394886,0.8820368878627025,0.3819129952239414,0.9802664870425989,0.07876486582884734,1
0.6528954337737329,0.8829253619855886,0.8368533172633248,0.4334352833417061,0.11642543072733869,0.1916436372018987,0.26097574826269154,0.3032014192311575,0.514039572620076,0.8542436494955679,1
0.7468697927062458,0.7783089741000047,0.276853811007463,0.6714396405647857,0.6046225681801932,0.9097464098130197,0.6782082489498891,0.27267940346189623,0.407182791882279,0.018718948826570547,1
0.22132368553299286,0.018072923339966684,0.32460883424474085,0.06372245856662295,0.2878313118827638,0.7120336041548561,0.8269749765146087,0.5879141645190475,0.6347726627828982,0.3287520150948906,1
0.46194755177465063,0.7425711564643281,0.21063739457905561,0.6977253643424317,0.6729859515284095,0.2556925967554615,0.032266509985167446,0.8522916776784754,0.9677236086026468,0.631384063411791,0
0.31533808597549184,0.6745013703955718,0.029564568071816066,0.6248626976082987,0.16673430520493637,0.351626378036234,0.431530791635759,0.9958258402715635,0.02340834402582348,0.9733570686272358,0
0.8496681908033341,0.09697982218675083,0.21830538072664407,0.9921309062140641,0.5707450158100499,0.1786224384970463,0.15911751811857988,0.7775246797828578,0.7344607113219537,0.40111650936357934,0
0.10563877719815495,0.8847578666124036,0.9602394002163602,0.7617531317190264,0.31777509676147,0.5356270487048357,0.3921733664356113,0.8590565875468102,0.49483321425935756,0.4639139420262234,0
0.3340548482755936,0.4640214864625827,0.17227066817396708,0.9072808854156962,0.38335342392442984,0.6531042413271956,0.9742473916580496,0.4102938040262084,0.6364168750423267,0.6188759671464011,0
0.325020310355816,0.24994075422330841,0.5693061472884947,0.4719135439720977,0.09096644037847279,0.3702959121966325,0.7429653748969925,0.8835124804815639,0.6541160448591364,0.5520573594520647,0
0.9371408873259464,0.9213856846078134,0.32272420177347994,0.2929819156588078,0.8944456579602491,0.20700727088453053,0.4611795876860091,0.24504697087162053,0.6032489869270711,0.9897133278987083,1
0.9201558151012557,0.1592665854458768,0.4622122326645721,0.9624740263062884,0.00688331386900376,0.03232256831246305,0.6768723756547771,0.8670627140981518,0.9955345501766295,0.8621689705946712,0
0.6470893397123277,0.5341708117333368,0.023720126141020037,0.4808075638693111,0.7260317508860399,0.2929630712543606,0.39839673659434716,0.8223157579090485,0.7687615159146969,0.36337326764635314,0
0.26249909965649554,0.8252285911128817,0.7535778566570471,0.11178373338277792,0.1689534661655463,0.41289305431050805,0.3398346240963793,0.9129745903839817,0.7955530992343351,0.2100849841870941,1
0.25999955343040004,0.29529206968243504,0.4446720654566676,0.7873739484725606,0.6995616723442208,0.5682311898119671,0.5944281297605085,0.7613227377833499,0.14802397431268755,0.2884304301883316,0
0.6338945798929136,0.4752848424991878,0.4398623531556033,0.29487961645753147,0.7437331661969322,0.6950825164359292,0.14652614003009656,0.29233287914952355,0.3842266742684376,0.636762330144033,0
0.7454572384821814,0.996117521202698,0.4058446323646182,0.618459991365701,0.1704101262420662,0.34421354266890525,0.15587685694646403,0.8526104725978917,0.3142962345729575,0.37436258329435235,0
0.014232595777100343,0.9469482531007573,0.3423669951023547,0.3093082845690046,0.22430998943812042,0.27831554866314845,0.7780143598374859,0.78927424639159,0.6499966621171102,0.35650146379165526,0
0.524118333295991,0.22837132022811368,0.20252998444110393,0.6642440857949892,0.39849122335316256,0.09884002023956373,0.3295150809542574,0.06719772719944683,0.5532844808821095,0.5347538728014053,0
0.25607207266442367,0.7394357784292448,0.6896990383888292,0.6508072157019571,0.24508705160275046,0.6896374502582872,0.45606605095737185,0.040232792343031454,0.6091377084386597,0.5519756546428543,0
0.06086511319676069,0.22758624884441936,0.585677391005162,0.5812704375183754,0.46427129282258617,0.5369336447241955,0.7814125869503825,0.3188583388180741,0.6339057018835436,0.19642582892104266,0
0.5693292693019097,0.581713545544115,0.8611391030623677,0.11152390182004457,0.8865174833136932,0.7773958641486417,0.1947987645040269,0.8057658645133119,0.6144132819439697,0.4562544375079698,0
0.5142002350371755,0.9514356974160644,0.29963726747184916,0.8672609666898103,0.24902200207965286,0.2752883484798859,0.5612643175055256,0.30880401749850594,0.44004380040966007,0.9772289973244981,0
0.06555947482912095,0.43201491738093034,0.3046409792793391,0.9252953370066723,0.44319833325171254,0.6378829753917376,0.5385900946152037,0.18265567119118198,0.7787917935007191,0.7628526481375306,0
0.6095266879371697,0.5710084264866057,0.15459764990035763,0.15638772541213075,0.7663973822909592,0.7858111275119877,0.8523572844113645,0.6101232294931318,0.1571326578086708,0.9567069822286538,1
0.4719816739434747,0.8562375369253682,0.30361812092953266,0.14498652745956464,0.33372216468088056,0.3539335714968389,0.7452139356385666,0.44970787546051205,0.42529791268174644,0.3935422060094419,1
0.9749857593841084,0.7670485993788191,0.019479623575009875,0.7043389097021006,0.20860904203396002,0.7166726980800131,0.2947968902628998,0.37347518670319757,0.3218457954190548,0.7909199698448652,0
0.10683457608839053,0.24313781529976386,0.3254830369565572,0.4796826984099608,0.7212639793227632,0.4698717590573829,0.9711331721149989,0.04599995003065416,0.6594182356451675,0.6878009659031905,0
0.6396286662123496,0.27604622049551986,0.3694488289812532,0.9236060923653493,0.11103079074502631,0.1342847338382135,0.7498262083082553,0.32454551739378834,0.7752429077956752,0.41377737987272956,0
0.5727331679059948,0.7627871607295482,0.26071913210060016,0.5310274795987456,0.2914193845508257,0.02185180887928273,0.7721007151149651,0.06800390683654933,0.7859007097724923,0.7114026899565625,0
0.46832639893652706,0.4608036902711078,0.3330120980663983,0.6776688022273679,0.7040603105651275,0.2553577766091889,0.747650280093262,0.023138308080061787,0.119190436916353,0.4107789503584126,0
0.016201269371171167,0.43720691647868204,0.032084017692418754,0.5042115589460796,0.798278244786486,0.7901375035852893,0.4920094704825164,0.574815469486658,0.6343738441698958,0.734433807995562,0
0.08773025552872737,0.922496881100884,0.6100314829511493,0.99294972561961,0.7519073491773274,0.7671152851280059,0.4309467287194413,0.2768649121054646,0.4512885875206871,0.8805405869659012,0
0.6925861667056278,0.8202085267640925,0.4323971710309161,0.021483528624967163,0.5747378415898515,0.006353956637455083,0.8282226427640579,0.01887165016336667,0.22522993625986798,0.42714964710544734,1
0.7699278281742687,0.574438414911602,0.35464531103703023,0.8803117403008376,0.8672431228820687,0.15260478249823572,0.7729920010885879,0.20614417127133655,0.1815867208011187,0.026224490504131004,1
0.3153362492357604,0.2301038552684116,0.208807253850262,0.3029295069224306,0.42428363852950646,0.2710779401136848,0.9363022664180268,0.21723580935854714,0.3553447650916609,0.13731216548113212,0
0.7399127647920276,0.38041656501005805,0.446812387097976,0.39917820095000955,0.2056322676761726,0.3805048882232397,0.8144994163859585,0.09285181737872794,0.1750967838369557,0.9132832108311618,1
0.749682590330821,0.31687958102768554,0.1909811437899429,0.9851521036832852,0.7997912131764753,0.35985847918673564,0.25528453669499795,0.11199235875082636,0.4569537491809238,0.0072555942835593745,0
0.43414888490692216,0.8478081572950023,0.30069443754374103,0.999706564107641,0.08445147164488309,0.6435819552106367,0.3896862110193209,0.47136145841963606,0.9513091442304437,0.2747161293747209,0
0.1557583148793903,0.6950702106193654,0.7622878405376584,0.061181460292670686,0.8023802728192925,0.8663450609136314,0.660952190258239,0.3717040391084181,0.41487637030520064,0.15748269423275552,1
0.8790774116289205,0.10939157595155224,0.16237371437236758,0.4975553915208346,0.3060648173366062,0.6253124875812539,0.908980852674134,0.26518134491081213,0.32107273510454726,0.7832688989179584,1
0.3770367708988658,0.5985074767658316,0.5252046001683193,0.15817257836546927,0.01493846139808297,0.8971886949442303,0.0921238990119313,0.9881915082508752,0.11241058981962793,0.4756893699201443,0
0.31143088248553474,0.4694869808819069,0.9028829504315675,0.1281986111616824,0.656374272256986,0.365582726574729,0.6136095722647901,0.7163152925401798,0.4777898452639706,0.7487189161113601,1
0.08218898432839838,0.09478918997398067,0.40383853228613564,0.8869179235027325,0.10522820986642534,0.22622340359293447,0.18462675608717105,0.6593693591736863,0.3286257588152621,0.973956744835892,0
0.42202095221557234,0.66120182831005,0.5793685595423752,0.9346244100537033,0.034225312977551936,0.9060145303589954,0.3850300135603564,0.048018431620261426,0.1978961525822477,0.1821724699014554,0
0.48384486032784313,0.34390176972559283,0.6287129213625627,0.816989488682,0.5772014812056485,0.4521041139416305,0.2148361910372495,0.6213125606090175,0.5458794268955514,0.11781912852049192,0
0.8069884991047613,0.48735514858370854,0.5489007864618003,0.6632480703033761,0.6680126850024937,0.3423750233893791,0.5190729220424841,0.06311777071620717,0.36542224456753214,0.6422926934466807,1
0.2957134330742005,0.8733067389400619,0.30703040549579874,0.4361641075707863,0.9843116994168507,0.08296724383750964,0.8669674915945512,0.5047237216130821,0.3975580991806582,0.9412497199000736,1
0.3539364973125956,0.6009362994129783,0.15177119197609268,0.8599261979055519,0.5250452238842488,0.800259989002021,0.36265615030718745,0.23042354504536644,0.9471634998707089,0.5308700737860311,0
0.7511041813797202,0.1520510803224262,0.9421919878954473,0.6096655534507016,0.8582951963111469,0.2784213799902213,0.9590567646112023,0.9488991081779662,0.2964964314533203,0.9009566196929556,1
0.25132924101010745,0.555757378549279,0.311605350738427,0.9230521524955368,0.6131172671465942,0.9592757528037935,0.05922222700096336,0.4103755290828889,0.1437915673921415,0.8224412512798082,0
0.3909996643022925,0.1933712977809704,0.8343290265679906,0.07053163816262076,0.963357343890146,0.27621787146061905,0.8926385000455419,0.12347142194195804,0.7396549849653968,0.944341105761508,1
0.3111605906802487,0.10261221059902026,0.6285457357648498,0.47110933238402875,0.6604214343299865,0.29882221536517417,0.12486449287280044,0.7429117307814634,0.4543674301630005,0.07040273308922995,0
0.891116747673246,0.11283757259620975,0.46652568449013354,0.584978574279368,0.8762423225474407,0.6914369230382601,0.7944556138463624,0.7584595329396943,0.22463341446846208,0.10305016553828827,1
0.83670911715626,0.963244419041852,0.4216741178680399,0.6380599074452377,0.8651672435547827,0.28020356478039166,0.7240523676011162,0.2758656360561501,0.2516708049197899,0.5078235516609971,1
0.24274421919721445,0.494976082603545,0.5910844388139771,0.665628487361626,0.10396545378344157,0.7809219272901179,0.708529088555738,0.5606707603234098,0.8374120262683934,0.37582234000137316,0
0.9540714777900035,0.5756255246319887,0.11747336362845895,0.7640306743876212,0.3607008276888881,0.6726093941130138,0.903789606718762,0.42182932656469596,0.393745099889405,0.7443097758283087,1
0.8131606713326319,0.6281183491974051,0.7776307719334762,0.6690683656042912,0.025640571236904885,0.5669299973602421,0.024144423235366252,0.9459497580599951,0.09880420038310311,0.9206696928452246,0
0.9735795629440888,0.24870108274096603,0.44600698935769345,0.04779911283040339,0.45820457264113734,0.9909756901473352,0.2631736976549859,0.7936410245343455,0.2093810182696414,0.7708089043459512,1
0.8566463596289564,0.3337632667407743,0.6164027269053068,0.7398593262222086,0.8362356496297093,0.2275709235409955,0.8286831103700039,0.10129816766210875,0.7219406671109235,0.6394517377470825,1
0.35059390468151297,0.8058974999023161,0.8957802307714761,0.7547708463610512,0.9593083349506795,0.32275977742617823,0.11148060254595982,0.5818468355426757,0.908830326096112,0.7002283010058681,1
0.0905422174309608,0.5979693823657728,0.8769330506264431,0.40463708976066715,0.26337004561547517,0.7158881004166897,0.5328277524843785,0.39675673941546885,0.921258325764836,0.10362602654851583,1
0.9994388909997407,0.4425360547463151,0.04077284221279309,0.5479872163758561,0.667521327679435,0.2737882958826362,0.49449292737594686,0.8332479647925428,0.9832622946722445,0.24535173829746204,1
0.6122205144410825,0.8379307198446235,0.4145258408510859,0.5512261539576395,0.5680857017058067,0.4123235656772407,0.8479047754300488,0.5808956131310524,0.6272551087696616,0.8886041410441896,1
0.3702285018899628,0.9000528598241941,0.9369221719705001,0.32015472308076254,0.3570741718786987,0.9580910928040672,0.13449280203627456,0.8599446999091497,0.9862557925465316,0.24689535644320448,1
0.313484781271276,0.8072535680703353,0.6040915863798888,0.7201062466825752,0.7175645359020268,0.6449659614003673,0.5540728257676775,0.9850770847794696,0.46528643570194717,0.5742591532812521,1
0.5599587295090278,0.5589960414936958,0.057545765458357545,0.34760310110916526,0.8675771482758895,0.14788012254071847,0.6820070099414309,0.06541275944362757,0.7188687941140709,0.5697536263764803,1
0.9862065940815659,0.21520413951427353,0.4521117233471965,0.5383957005829063,0.6746676214386602,0.3305332454485025,0.5698573648811603,0.8759686984714488,0.9462677866752595,0.14423306857273166,1
0.35834951391404624,0.1196833832161196,0.9773538490460321,0.6138504599305148,0.5297719792553144,0.7303803426117242,0.7325563370780569,0.24879953250126496,0.6015254689286217,0.7588210030614598,1
0.9461471393969303,0.5740028895506903,0.9490298903387268,0.3874511406191732,0.4075741870797478,0.6964150553525057,0.13850950335909085,0.34329533713303206,0.09586329990025888,0.3551569519744139,1
0.9856360230388139,0.6330073258397608,0.3397201705852708,0.7518153868170669,0.5238672737610923,0.020400761658707633,0.6061594267256624,0.9820101228142409,0.05914620073668719,0.3731469817123586,0
0.905145045877089,0.5633647022756637,0.859358624140838,0.9557117013066482,0.18848209557296147,0.6208723969623547,0.18178670507083827,0.21837385725806924,0.34524796230320465,0.872097094976761,0
0.17749201139307558,0.14884975414247414,0.818995449283022,0.030341667101402625,0.03877428125808413,0.5375898472088093,0.9580313696984013,0.9407040113231768,0.8072048346269723,0.311665348224584,1
0.6035033699516401,0.9973419056325525,0.9199991400345913,0.9378182623883119,0.9286064703649878,0.5479804339391747,0.38884584444807946,0.4479355807901255,0.11638162783313599,0.5544618447532026,1
0.35832140638399257,0.9166105015750649,0.9211246481569364,0.8109073627263409,0.9096680630718172,0.7076374348596597,0.8390622034008295,0.0987803701145511,0.5198438025336971,0.6635125998765538,1
0.20093208761931625,0.32031642001476635,0.44790457012893714,0.19804151574491813,0.9442472802574878,0.42631919983206745,0.4351388244112353,0.08238888897348451,0.023834150219257166,0.10431850196059411,0
0.6989016537004377,0.5275501298253029,0.04163254192530286,0.9467798552601597,0.3071198306388596,0.5874698590327156,0.9002763448005535,0.5427870316308644,0.6409324281934918,0.7392570528980793,0
0.8253942555499476,0.8737052040830556,0.7385400869576247,0.523984438547647,0.1782901175971745,0.3708239248479409,0.6991831142062,0.9106621013171461,0.09865073455299245,0.9499643011816247,1
0.015592709520711567,0.9220863385609442,0.20602983907104055,0.6893895202601776,0.9243122360888248,0.004738784614173985,0.240387385037498,0.8136377477291598,0.8313040385451219,0.9844019649703633,0
0.24617316292050284,0.668532805578301,0.8819447899027003,0.4228406003147044,0.5705397330982418,0.8637433789826021,0.6261904113720301,0.20487628087604626,0.8786810461680319,0.7366335683594359,1
0.8167246414663295,0.4882164914416185,0.6001296267690487,0.6265370971897478,0.39546847374587757,0.6960017663771406,0.44912820405429776,0.6629630304090631,0.22297459148261212,0.637597055095288,1
0.25649916347352564,0.6809056007491303,0.9306193194912317,0.3982045373678712,0.5362600854518932,0.28470482569566435,0.5701083336882232,0.1084920522644317,0.11940070535917757,0.8228774807274314,1
0.46895698814704856,0.10934389465605188,0.22864507912122645,0.8330947338645447,0.18447832825487864,0.762541411024457,0.8064091136112836,0.24175184544882644,0.6153208268501006,0.43810856147368493,0
0.2104313576587301,0.3179213109892449,0.5688013509974713,0.9485894154959211,0.3413474921843972,0.9504143986910742,0.9218397749627307,0.35011721746649904,0.20064929799409814,0.6441351701053094,0
0.6580122166960022,0.4388715924718206,0.8713373127619214,0.0693828824417464,0.24577612133070859,0.5285566023573766,0.556853131660059,0.14336345007362472,0.9641765379723426,0.0567131274295285,1
0.3703721466543527,0.1434864767008991,0.10379259798166607,0.23366196457968358,0.3812133893625509,0.5627116565288419,0.8137060656214301,0.7686954331916181,0.1196420927122459,0.22451807381344024,0
0.6447901531014945,0.28246845070727156,0.6160490914193327,0.44967120818973383,0.7480694073264974,0.6828811726761038,0.6126085016879611,0.3451462535569898,0.9879774796716687,0.45498428105659094,1
0.1743531596887088,0.967370006356029,0.9991404805869679,0.8819374901079882,0.3680780957639632,0.020937125621263486,0.8054504789401417,0.14398377420421604,0.4599320695576924,0.7106858259424941,0
0.4211406550081207,0.41772562608556096,0.7334492910825595,0.44389288836996355,0.388442855056503,0.3635602618590096,0.3260109846694277,0.3988830606126388,0.7233077103639898,0.20591508035367068,0
0.9003543292237515,0.5482055162075063,0.763976579845535,0.40820808987927903,0.6440000482417567,0.213513682729226,0.14133148990744682,0.1086501817615978,0.6522374410355076,0.30032027441766895,1
0.15671934678890898,0.38429050100685636,0.5175008582456694,0.18031523334383426,0.4429803417908802,0.6939696088914072,0.3859706712319918,0.6669935373391269,0.2733199818702977,0.7459716996597511,0
0.4685797635145371,0.8680300991122848,0.13055508406922411,0.9312524682781471,0.316214603262827,0.9330202174439476,0.6123248974277683,0.7353176223344029,0.8759165706880512,0.6761894084294483,0
0.3132938812044459,0.9018037569276717,0.2030070702998661,0.15060293643144207,0.21301185568840675,0.8406785135419896,0.3629400627555823,0.9092456051371993,0.5834485210814709,0.8282545093194918,0
0.1520168942455704,0.415185869622532,0.5323051803576312,0.6182888925796739,0.15828042150783583,0.5523212077370471,0.4695676766325727,0.9833030200096563,0.6899637121557795,0.9036516118749215,0
0.38094914311776373,0.37936975417196783,0.17045795744015346,0.019954119519705826,0.6881214975399751,0.8179517042814509,0.930942181057755,0.5848912043266762,0.18183366542557933,0.8939880432177831,1
0.06888999176945887,0.13494340050243658,0.3001045411629465,0.3936157518384159,0.1494859986824677,0.9928968022393351,0.7909675386578917,0.6689038663888858,0.9615751105116513,0.3206985838141252,0
0.8910476981872524,0.41773866110817937,0.16906015847039202,0.8512528259509486,0.19202314699756196,0.2802458404156296,0.520431607248484,0.9159250559169377,0.48960905014401335,0.9058166531241083,0
0.749997623228257,0.7597650636486216,0.4580875237242171,0.08024418602078298,0.5512741135908201,0.13064985626965775,0.9782486626993503,0.624169655223771,0.7346412656728372,0.019212158789563616,1
0.33563491230304454,0.8031460308476106,0.8536266609553476,0.7841203542390035,0.4071950369125643,0.3421286875928947,0.9429062556195191,0.7191171069561536,0.552382649428423,0.48883041949302797,1
0.50879128199681,0.11352527158712933,0.810755082432373,0.8062266540681076,0.10704960855067536,0.0744146270834447,0.37338829088925696,0.15400612780383827,0.8014570566784242,0.7788766778065791,0
0.1562437905576446,0.6261263785186733,0.8713493791901301,0.46076299720259684,0.8734014356948482,0.7861316328118597,0.10583273777786772,0.12197839510564812,0.7041476304733376,0.19952131001652895,1
0.23307574697002054,0.04999863145484906,0.07941195657030453,0.32040495146402515,0.5293334811377419,0.4760441095944563,0.19729975393591537,0.9879295788355199,0.6054578252604155,0.18606488011189137,0
0.1758509127362844,0.19772049980805506,0.14389277158809188,0.5419984353738582,0.9727237164180397,0.6999670201838784,0.7028680947547147,0.07577975979595264,0.18704805410367475,0.3214054462036955,0
0.28540301485552055,0.4265233073454334,0.8244685705360698,0.7354431542811594,0.5305508450193931,0.6548421672773068,0.968139042582594,0.25166817219144944,0.7542970937584651,0.06465333746090207,1
0.7644338078695512,0.716109711273998,0.011998943814394258,0.7442686980553055,0.08823168514965507,0.5881386233224429,0.9163333841746797,0.3614797867691216,0.6810808152370665,0.6781955507345206,0
0.49969493076389404,0.763412479229923,0.31347467411992613,0.9990974273157817,0.19028505107843596,0.5872291264724205,0.04269948371398902,0.352894964886698,0.4649448162315387,0.4616402188268882,0
0.14208289040520183,0.7505520834443283,0.4195971634211697,0.024479820380819972,0.13943202635843532,0.3167234985638957,0.989762133883316,0.6321930374904269,0.3994182524510477,0.0139501648722683,0
0.3912916442177312,0.14989982747204655,0.3373152181339002,0.021680671701747367,0.3922318976992095,0.30352213106884174,0.9551957611278791,0.5493286347215592,0.22773929081817013,0.4865347713740542,0
0.9614394166023396,0.06690607929937775,0.3232825004013188,0.4767002508626703,0.2893218557646706,0.23515241979630808,0.9433379880654185,0.8036220462352324,0.4163454137035226,0.012967593646472042,1
0.12942807770994835,0.28189712271911826,0.7247567502659163,0.807124284569282,0.864097536564868,0.36956754002964254,0.9704307054990756,0.06312499208532107,0.44707820840186263,0.41700057868741336,1
0.9725278725936091,0.7868061384598265,0.5549957479592958,0.5772197976247818,0.3310607202226634,0.19437777177882054,0.12713284764791943,0.3218327520906561,0.6326817316731435,0.9711356826974515,1
0.01939729089632658,0.5109604662711036,0.09558265942441924,0.7501923229422827,0.6236069971446315,0.08130766845670012,0.4909404774210546,0.602599776539434,0.8909105729098936,0.9582727456675978,0
0.847772782875294,0.05902125294317995,0.24658561664322998,0.6330698207248242,0.32721437779194684,0.8248367802847364,0.48255312116353133,0.14612019645932517,0.2727575671424539,0.32003566983862,0
0.5975871876260743,0.12036241811230453,0.73341991797509,0.7354948810098446,0.19494308176265795,0.7988484986434076,0.28245625829865384,0.7907093046308227,0.42299132571105724,0.8185865346543566,1
0.07870967215770219,0.46493948083964654,0.9098066240026038,0.14761474316332557,0.6258898703904409,0.5552643623722971,0.5938450652669316,0.7584615671194122,0.10774487209992833,0.27355205607371946,1
0.12391494253593294,0.8677376980076583,0.552575122394424,0.3688219945263329,0.3152687313542093,0.7205012468623299,0.5501271190156434,0.6288903387953312,0.6463283175519423,0.39553769810496586,1
0.8832596131541458,0.05585918368977805,0.7172702306036958,0.13186675680187798,0.06387790238074009,0.06789465352826884,0.1515699260104687,0.5227805835260579,0.9401227885026767,0.2350135973979488,0
0.5451113809805397,0.5246793435242244,0.641818708104854,0.39599016826291833,0.15498400887919594,0.8228459513893255,0.8143641517106783,0.4484981459309194,0.11524914773377826,0.9114243750919778,1
0.22551986931780899,0.04239483209085371,0.21900090395307348,0.2326656501737685,0.1526307460250036,0.8704831386929237,0.5005838745792136,0.3229502542877589,0.7559630769068791,0.6702630027816353,1
0.0401300206789702,0.5896686616242348,0.20883660934497406,0.5827391854782779,0.007152373711627136,0.7018242111848848,0.5815832159045856,0.3681182303216206,0.8985789703505983,0.16417917905138046,0
0.5108796238036437,0.1598633217425819,0.2015859168333669,0.6076185126325355,0.3344857409281464,0.3270580835486063,0.26034184837812513,0.11916766055272987,0.2853817302856577,0.02881747816162883,0
0.8046358161175967,0.7428134078762199,0.8742343202649294,0.20014263510524688,0.570206975457836,0.7472730375722779,0.8329296983014778,0.6742063329692365,0.8866521536801618,0.8178602926684215,1
0.5110993834123948,0.3099015654054309,0.21642355493893617,0.1809191469874829,0.3339320138570122,0.4995927136152615,0.7199421032411732,0.7199692750525384,0.4578843339102676,0.39075439126650224,0
0.9378251749911788,0.0776741252569132,0.10726158979842326,0.00027073810012190336,0.031199936712359877,0.050028039940938185,0.011211908957266092,0.2742313215893464,9.479399372236408e-06,0.44506061361298643,0
0.7418464860055196,0.37282096651270613,0.27997868074094523,0.653625972735841,0.2974699271503365,0.03499275370330879,0.12007651703097011,0.141838083138508,0.456927649156196,0.9322456411075738,0
0.8802905673611392,0.9320431759693086,0.17458128939825324,0.1125867671228592,0.724809029957673,0.455244577450989,0.8864400057478026,0.6949185770559669,0.27313455395450315,0.022558947674011565,1
0.03716116769182254,0.4324875237826348,0.46570158312040755,0.17502289245208436,0.01326906365722924,0.8974081132116445,0.6566100274250674,0.9594288823718804,0.8763758263053217,0.709901744735007,0
0.689675200343051,0.8103539273287995,0.9958374548717008,0.04412310476244152,0.5632119688048398,0.8569982158790863,0.5589443963180961,0.7029469347635479,0.7919637727105683,0.7155693236623448,1
0.3732674617961148,0.9018208933716436,0.7261986028479341,0.5407670151121593,0.3207112381994348,0.6393141846864502,0.4070016456690634,0.580211791409397,0.37210991581890107,0.9835127915996098,1
0.9613864155986259,0.08644555957728539,0.25320030662992854,0.13764149198535136,0.9247190755506507,0.6454641406726477,0.4507687446005889,0.5392117937043306,0.6803376686891626,0.8897409069743434,1
0.7447938930945691,0.851097857942697,0.5736925910377598,0.9772319780011341,0.7922777995900272,0.8246855042369277,0.3963501757513239,0.823443371198893,0.8807230153074856,0.9905039332910153,1
0.7397112639753693,0.6840106897782755,0.7877242441095391,0.48917999205679696,0.3254872987557552,0.8364687844880893,0.37332212588526825,0.9369280665737428,0.5231210265822104,0.8193608998715857,1
0.4536540892399935,0.8343492798055919,0.8952343520024338,0.18833113250286793,0.000596120157715152,0.7935939950442348,0.5045110866422594,0.10780086737277295,0.14435554978135,0.07220667373342349,1
0.8144943504855526,0.02350561332866541,0.03109744411546045,0.12107553487336187,0.18571411689860073,0.7760678505933397,0.07133615066872423,0.25343390146344413,0.9510126569789121,0.421917527503331,0
0.4285238803867829,0.5896907964315689,0.4784394847990542,0.6148031770686521,0.04187488316832044,0.4913334695772339,0.03151803836222622,0.3196318473778438,0.03104032021598646,0.7006315028190425,0
0.3510549213671855,0.9713623500231516,0.4903084635335081,0.027328128963465148,0.0386715752092619,0.48744839995391265,0.9058754152568327,0.47487178632733507,0.5437349534932437,0.0829646829172187,1
0.98400024674296,0.03434214981550354,0.30981357807387233,0.7771637715700275,0.8546421934008522,0.2165553541013393,0.4106070927899611,0.01029395076501205,0.1283841549860616,0.8627166872862181,0
0.3881781086423074,0.924980473039023,0.6537023166144708,0.04871487806144581,0.5856610619848114,0.6982165613527321,0.49109900127290684,0.9022617448249901,0.2933894757446278,0.1627461838708556,1
0.4862474519688089,0.005692499781427274,0.7757401149312464,0.8068026576479638,0.905409963254866,0.7724626688414783,0.04387467579749693,0.1826777996377844,0.34007041056130516,0.6830331354109184,0
0.13920530775188655,0.7403563930004606,0.94667242918317,0.5627707542753085,0.43809729439128675,0.36667564358068516,0.6989211993662525,0.020537605199283382,0.5251752205020894,0.6938120899221919,1
0.06517534022959282,0.2627755766941683,0.9486620326690548,0.3576425870852583,0.40132697304422826,0.919274451160669,0.9066162402023953,0.875532978307659,0.1210108773716485,0.16199532215578494,1
0.06681888528812951,0.789998163702061,0.1855101852276959,0.4132557668972747,0.5596665817480964,0.23224829288160254,0.14738723114388508,0.13321482201399015,0.701473902096672,0.011193620948929728,0
0.8803846449513862,0.13706179201252155,0.9207316580688666,0.8605856856732753,0.8012252912935692,0.1886670117380943,0.47475955246594126,0.47873435328992076,0.09904701391173876,0.3878575381117503,1
0.8611854743996115,0.06799401698774388,0.5133845879872658,0.9873617147847271,0.5661574092859977,0.247067821226574,0.7534137473516808,0.8397709475876651,0.36172251356846497,0.22534204891305887,0
0.6716559806950035,0.9307799814170765,0.39077622778585797,0.6064365121451947,0.8669354261809665,0.7486085065268568,0.1273263505053952,0.6148957755371026,0.7904675938900357,0.8887441412101077,1
0.43274152725802195,0.03091401172665087,0.06633397610252101,0.08484266478176683,0.8916504664499164,0.1455637870201324,0.6414001214500408,0.36952112821779715,0.3932673430504908,0.46450709290926795,0
0.9484959428750863,0.5114399603589438,0.3860938530967958,0.8711590531431712,0.6884516894039593,0.6952495616688406,0.9234539991779908,0.6052048176477989,0.6610088257924919,0.573988110849763,1
0.25159293881894174,0.2682116250258748,0.2712512006964647,0.28894696082497995,0.5135179104495214,0.3130516329915809,0.9058108204913463,0.9072176310376434,0.5660149245803547,0.34851321557418014,0
0.6591111286606847,0.7683140532154867,0.890550395748715,0.13927767278436132,0.7699090293670607,0.2950152992454621,0.68710338090345,0.3614869394348639,0.5427759181924402,0.3211424887512958,1
0.20573382525243789,0.789945025991233,0.8303892637593453,0.1830778337066863,0.6474773348091355,0.4969556881114737,0.2456338136764633,0.4843433180230964,0.2707404936290079,0.5681893859735073,1
0.9838675662359667,0.0032670726369797842,0.18892808863514043,0.9341219980628107,0.9278057105470866,0.454760565867655,0.9908537533182217,0.5835836069372164,0.2770916634136319,0.5674536408520727,1
0.3868846916641442,0.11944477364217754,0.18110472800520505,0.3613349330434532,0.8012997880145161,0.05450214476164139,0.8471747120490668,0.27735602190689457,0.5484906996430653,0.26841428970860026,0
0.009856098230421773,0.33760589343932457,0.6243600228396948,0.27717380437395045,0.42980264306575255,0.23048833176819683,0.6183119014178312,0.5706171002367627,0.266735776721325,0.5526157941933828,0
0.8251193715875744,0.2031412090488618,0.6162966342079681,0.9544733178645057,0.09117775090962843,0.7404561088542063,0.9786724967813939,0.26972915835343547,0.48625707719149647,0.09568365846718063,1
0.10738690944886475,0.23877074324460024,0.3084942358374094,0.5796375711328927,0.5997163344144042,0.3867032933694512,0.21338781142369456,0.10036661362113208,0.08199713683526666,0.712425011725225,0
0.2717233017469105,0.8818063041069445,0.49151982692368534,0.789587757551273,0.5239353801480586,0.3220800162905142,0.4990321510103295,0.6156378342799892,0.8382189530297329,0.6065539360453902,0
0.2071309105897572,0.31421178097475677,0.40510228480504273,0.2487656601885988,0.29067881329694834,0.23089547738018668,0.60043563602664,0.4697130245019129,0.02427597855398178,0.9352655303724788,0
0.3809709326959708,0.4909574719987202,0.7241784888902869,0.9091880353103415,0.08946090517463046,0.2549257304387543,0.228556836166394,0.36659475350080906,0.9970990811277858,0.47853075085653507,0
0.9791614963221854,0.364571839928467,0.7607102411134554,0.08997250130105416,0.9158499178197508,0.09237678062505983,0.6953127946915032,0.050065072256260446,0.07925536129812794,0.9320100937422017,1
0.3115983468788027,0.5205079694597341,0.23181563520290038,0.09227098242152221,0.05214653590775309,0.654621912413096,0.7842629542337944,0.95383888383811,0.9415087829611818,0.1759439281243308,0
0.7125290637988408,0.06738210300234193,0.10151030323687282,0.8172897605832188,0.17873059610987696,0.12413728072538455,0.4625371288764376,0.7608602819512083,0.7232084958175121,0.15271860758704936,0
0.020717959857829538,0.5045097462448342,0.05685007120524099,0.1349491042420362,0.04834446660479075,0.15590941046578521,0.13229098351244295,0.8616882906032286,0.8342799199163231,0.5738645030793358,0
0.754513614194643,0.06707403051001048,0.3774250979416389,0.0005733913719839778,0.46077270454833685,0.7988380528238156,0.677525414185662,0.39501692019638224,0.5414689535367111,0.4038984618246011,1
0.7493433013945714,0.751631261791511,0.5234704161947228,0.40767829244506004,0.5031525482082876,0.4997266987431037,0.8048387247057011,0.20689301247460445,0.5997982173764302,0.36750126512308423,1
0.19870284758740198,0.01604154121555701,0.43553753774666826,0.6384536754365824,0.14717016704336128,0.8651971786501251,0.79052430211571,0.7492253120232009,0.6490713193547765,0.30197213885456897,0
0.4652047035959893,0.8823834374896616,0.4632993052185632,0.41580002724840015,0.051346251706525625,0.9477254312152972,0.8970388668777262,0.9227467261350515,0.2954180864545378,0.053119341660701536,1
0.5125615041822695,0.4771080988684625,0.9339771790903617,0.8686290371952545,0.47945851138052087,0.3524824331063954,0.19347930185751439,0.9219852872693356,0.16594539590966828,0.9920995615519786,1
0.024139847221662514,0.40341205398768876,0.7985111744174811,0.4602909710029195,0.6217726716886808,0.28492716973995813,0.05091634989696703,0.5169975205184606,0.12329779478559666,0.4383978453166222,0
0.06728918104353931,0.9681294571856409,0.9329475821905804,0.3779249886434678,0.6606162616183695,0.4398614595193403,0.7225435199976317,0.26710584866964426,0.1422112417378184,0.914994814964639,1
0.19449344589096207,0.5692948787932415,0.417589052017567,0.8259221232173338,0.15164645334267235,0.5470559713854404,0.25514788173456704,0.9160712600545285,0.0005669816659874538,0.06622826429748108,0
0.9248217841432377,0.4934822329449431,0.0799695303247655,0.45960628100998524,0.8994053106213892,0.6167983541482828,0.9794581336685745,0.8505938311586253,0.9556684267261903,0.25808336270632926,1
0.6677518612292206,0.8353586548310823,0.5897795820239803,0.6826014316004858,0.8061889603275829,0.7782961122437575,0.24529653956144215,0.8149318547712653,0.43387336644080254,0.2721885318171502,1
0.8016737987333976,0.25764227737856504,0.8240689944324788,0.5550140829654425,0.8444881944617364,0.21895255804617808,0.9561767969186455,0.464347577878644,0.15325825606324994,0.0985972337229678,1
0.16244547533287212,0.4811736713982494,0.9284098495757753,0.06632059644882404,0.31395700518879666,0.8893065009780454,0.43562342528942744,0.8150608348262884,0.15404594253169668,0.47317413969605127,0
0.958274263116305,0.5884232238980276,0.40531769715328236,0.8494500609868119,0.28646759125021004,0.6105727240780704,0.16489442688309608,0.15919200031446035,0.3271428986895534,0.3768476460367336,0
0.09231504749040487,0.9700602128624124,0.8080984927518926,0.647969761132357,0.9918372709405258,0.0020872613132606466,0.17757307017359603,0.13348330029415356,0.9837010640172644,0.36676698683753395,1
0.33014173880198083,0.038942247601714164,0.5828635028179421,0.9881846684181221,0.6143633425251626,0.8214297810386949,0.19224814913826194,0.16993439120841125,0.3908641623272815,0.9934811256107694,0
0.06494251983118471,0.6061677325695413,0.25998222200121013,0.6434640271669265,0.6999427267528433,0.09612018984865778,0.606483587799906,0.68903202774895,0.03203373695458078,0.8521564330060601,0
0.7056574286120982,0.40109402997769106,0.8069658646769605,0.23512508566869417,0.9845986727410767,0.30932609488260265,0.32660965033283296,0.24068127916221882,0.14872091787483255,0.15521907833812865,1
0.07344215573724544,0.7703667084330932,0.6877258071299671,0.5792703050319407,0.7186404800534006,0.4353348345300597,0.12261850334609492,0.6443110232671301,0.9425787305209091,0.552120236526284,1
0.19148860383842614,0.06605535037005084,0.03137951225877811,0.8530675828727139,0.2521819575843145,0.18656249204664532,0.4976169277988668,0.6583294493448177,0.3974896355250833,0.7091417302383065,0
0.9154932405912437,0.566568738729759,0.6998552470204374,0.007438703396723811,0.7832066801501745,0.954289572317901,0.4158010340721632,0.48689420428515184,0.9883688415181359,0.14816777439434425,1
0.41787019400633185,0.7708599419089044,0.6315379616672361,0.7113652180356009,0.8002086253082523,0.37302389247104384,0.002737306837717002,0.48279836603677284,0.8243240413760697,0.5010768935211988,1
0.8895863706524308,0.9936310692912921,0.6124637866510318,0.6122245058168546,0.4349376616605507,0.9498169402127793,0.8002794462399574,0.4549525004933962,0.7191072075886662,0.5471231810017919,1
0.7918382813244943,0.47451756767595377,0.8782343746516489,0.9290484075512221,0.9141052058664546,0.6087604580215934,0.23094523640788722,0.3151795479267997,0.5908936651267077,0.4492713381700255,1
0.26536591354224837,0.5307428183348539,0.04054414646179172,0.9520085887723202,0.4492499324603376,0.3969801813531697,0.4300107586962264,0.9586374467321165,0.8023911774403141,0.27363470595521944,0
0.6400196536480921,0.3062041235633258,0.6002449740716382,0.05119569224592735,0.9888683898760098,0.21341455380685626,0.661288585903937,0.28755713835116326,0.11587165933276622,0.23483341131828084,1
0.07967689133267719,0.6468429807245456,0.9465785583843627,0.020690896358042443,0.12987747737081323,0.7494102472887678,0.25819321847723886,0.6574571675979839,0.6718108673177099,0.41557564706997174,1
0.5423195413616112,0.5486806678699151,0.06858976987172483,0.982813605335121,0.8732211598861283,0.8530302862607152,0.0033282187103146343,0.23955141802118918,0.7786648703391807,0.79442652134931,0
0.77953752528572,0.46529722594305567,0.12209751070471009,0.6679983780858367,0.2783005668632462,0.08326810118749028,0.7890000275673724,0.353240163448442,0.3878806815043233,0.1893001611925993,0
0.9921229784446431,0.16229213137785292,0.3421011877085255,0.5220867083610441,0.6895298029095621,0.1941704413197215,0.9911135354989311,0.7573143588868547,0.3513825836016916,0.34018077592183815,1
0.19014368668999582,0.637489233042472,0.7734633802350943,0.7477343432408176,0.06690056604249217,0.9930222462464218,0.22675119962179036,0.6570257167055921,0.9128827585336976,0.49437517343057513,1
0.003721740625346359,0.35542146129251506,0.9876623948259668,0.9339200509528621,0.6487168247902811,0.415533682329451,0.8375191167551115,0.9695837297675771,0.862006846543262,0.08522526274680797,1
0.9961356785267932,0.7259036806343793,0.3407033318262773,0.6249465481253661,0.03248009671379781,0.8352267119145415,0.3170669097158132,0.312058177121591,0.8221645759466335,0.29345131694479865,1
0.3795811608380134,0.15303676039478242,0.3399411950240805,0.41202983246229785,0.07439725082464177,0.5309623283429834,0.07511166109358547,0.30838513179591587,0.29982013558500165,0.02273223568609184,0
0.8515698917219238,0.3625321620209081,0.09515726547419345,0.26419985121487655,0.333785156297026,0.8884083861390275,0.1826189575822007,0.21231046752801674,0.800371587863854,0.23151937908737885,0
0.5489365006626346,0.5773618807666034,0.6904822181617067,0.2972064011269764,0.5523667459033408,0.29754605964150804,0.8953258127246035,0.7523019308655512,0.0407374300948693,0.9188383138028104,1
0.5883042589128721,0.10682869621666047,0.4769770878741506,0.46922311789915394,0.3611281991451135,0.5419644125319342,0.26428225009744566,0.5908538545642582,0.5611904702709951,0.7941071186034065,0
0.016845490562287457,0.21841788089833147,0.7081614965696739,0.16936958385900902,0.9572915570600005,0.8638252964798221,0.5096844527020047,0.9896468476050383,0.005286490033650337,0.5229751234879548,1
0.21100751767499704,0.6668822868797267,0.19247179348040644,0.5277811459653549,0.3442678685203977,0.40452059338779367,0.5907701284553335,0.9107462359840549,0.2876627539795654,0.2490306766061845,0
0.40554496341003,0.19116493870903273,0.2529362119086084,0.1281910358117223,0.18435793231760134,0.640820559711785,0.11997723554949724,0.6710237730203579,0.13244857423803347,0.040206195643958775,0
0.9593998127625402,0.574574723860753,0.6518529967233908,0.7172365047840351,0.8299707077162275,0.013759921590654756,0.1069536532562746,0.20633344685341792,0.14438369979700105,0.7243142101761947,1
0.4434117724233846,0.20154894037363102,0.6350515719198844,0.20678146473475567,0.35317818960547953,0.8699510743160321,0.8581135865059879,0.6623035538402833,0.48991333312476804,0.9491430094383466,1
0.7483243156876237,0.5242819956620999,0.20383987883779664,0.11041648597498677,0.28720993653459737,0.2834461724708086,0.17706007827931847,0.7690535635781856,0.47323396642279036,0.7626333350657847,0
0.8394679686191321,0.9635081767335154,0.26963949323041947,0.48035028741185104,0.43812929022913083,0.13348673296828395,0.7810078131736886,0.6452203578196657,0.38458164944405016,0.9864931177237283,1
0.09883459859946442,0.8620024074486927,0.5164805263240735,0.31021717746856003,0.403714738937464,0.06296777402725706,0.9571541315675424,0.10711915225703839,0.8987756690592567,0.25209876753173877,1
0.9218274815600159,0.6275193355756751,0.9774517456317529,0.0033708374879978242,0.9586215169695768,0.32737667686114547,0.689637778473545,0.5538723872581582,0.567951063374402,0.0014605185465458304,1
0.5861923560460411,0.6288470432307844,0.6698362815522404,0.9606539875386083,0.5652156737746448,0.3568875051743532,0.37992151433121013,0.6246192246397491,0.8902570698029105,0.324715055866565,1
0.5624352769287777,0.6897292962392291,0.10319241557388714,0.8959253068044464,0.23130443253170918,0.8665515560200567,0.20495935132416243,0.412359874956166,0.995956053872521,0.07260396408002934,0
0.09685618457656997,0.25645653912199895,0.918203455116597,0.40913818121163137,0.9913155829937077,0.6430192261086868,0.8898015651839739,0.893102736838791,0.0934829588295093,0.9235671627276354,1
0.24120999905594098,0.47601246602085745,0.2770815010448928,0.1670377303458528,0.7573263995041613,0.7286645919558152,0.926228216603747,0.48954944921333643,0.9922569559243213,0.795722286491163,1
0.6963790830147177,0.9346548270948206,0.753327387961416,0.5562868617172465,0.16429435481801158,0.7389006994479237,0.9807049008250717,0.5717042239111766,0.6672985946778799,0.19254462549141216,1
0.2949999679688745,0.06127515928194871,0.44946701247710863,0.6186462129243838,0.03149090050068659,0.7257438444513175,0.7240618929577142,0.3666424127454352,0.7565893894446369,0.761092605438781,0
0.1713751507888409,0.03512950638703749,0.17509574207991085,0.8429077110655634,0.42035665443930337,0.0848273095817682,0.1575343252106396,0.0732130270729936,0.41505283943146254,0.434618459859916,0
0.9009138564173306,0.5916829176170755,0.9618911066438098,0.5856204702288472,0.330049290406616,0.4530551594301846,0.8287755399735097,0.5942695925596936,0.6605166239089788,0.21558758581890236,1
0.9262131134675025,0.7983021123097056,0.8356237040462177,0.19626964931053037,0.29553421866540697,0.772558067258058,0.4648683885279862,0.0910247480476255,0.5814025187145733,0.7966017998346508,1
0.39460705153147113,0.6496552793730969,0.7124489749790152,0.8167043487371366,0.0528316983428182,0.17979259445537155,0.8757990839466484,0.79894289468547,0.24048291078210815,0.05075817188930487,0
0.09353652789934142,0.26114019253906495,0.5489074299944933,0.8281101076179002,0.044018562344615875,0.490508354084529,0.8379014298714724,0.1397124290680144,0.7900281341411756,0.6987755197007163,0
0.7601395943898142,0.4608992052423554,0.6813389381491487,0.9927518877925415,0.33768148742586457,0.033106124143894355,0.011529615372773638,0.027321806366028212,0.6648821360683704,0.024207211009307006,0
0.08263260638681347,0.19042201698407435,0.953088654617766,0.09826059966518763,0.7836496822110883,0.5390313390459694,0.37153949631189975,0.7874657856736036,0.7484717441249167,0.6048707740444038,1
0.28986179644263776,0.2921379302501981,0.1592744520682129,0.5457752333042463,0.14794361293575375,0.6681435672669486,0.5400133540986354,0.28718380250885467,0.5222221606243669,0.7679871028408697,0
0.040383163892803164,0.43468992015207386,0.026251353652375964,0.5992116484705593,0.0027955894323967723,0.26128529672170253,0.24561284018975293,0.34535216269394686,0.34148914433038646,0.3614667409948946,0
0.26940928035738,0.22784475230177892,0.3216404197332732,0.6613239053562128,0.3662106417873976,0.8215782133507404,0.7851399077238529,0.37532552875280145,0.04187315369057143,0.7142881083441972,0
0.6180911016097446,0.7865232229138986,0.016994362863648416,0.6243981404499247,0.6362449746810305,0.9385970224153722,0.924642358167632,0.184766427619507,0.06451451823645649,0.2678106859474906,1
0.5292896310873793,0.0049717296779737685,0.6255784089362993,0.2586616274874809,0.8569457578940497,0.1774450730344479,0.9484452193501723,0.4984472236071078,0.9308997858242343,0.5156633495826736,1
0.06553055451438539,0.6966445401317077,0.6190746849619079,0.29515111242226966,0.170871135009255,0.5714204284935152,0.669495177768014,0.7305517741106197,0.4076412118791545,0.15859286502532188,1
0.21387431848118366,0.3095850345550004,0.7782948408413672,0.08216827706966756,0.8734441924153182,0.8220369174345142,0.29162532050499945,0.9822083907696032,0.3898808520784378,0.3546760823290177,1
0.6757509065348477,0.3399307172258884,0.6831833957653888,0.2938331007336977,0.9592184265365304,0.9114329496714941,0.023264100169124946,0.08460685960823333,0.3772711329738011,0.41119162583421,1
0.7720368968387424,0.7307800733220963,0.3683717939365162,0.5560903228626114,0.500969831040106,0.17845462881338314,0.9822999408500879,0.3315512293986578,0.9724761183131773,0.4656826973713579,1
0.8529653868926782,0.23881710473179718,0.9164859072575976,0.20893717534640344,0.7650464313025591,0.3550634622151323,0.8285255769358019,0.2577170922392722,0.31507380964964804,0.7088780561251969,1
0.5262114142362029,0.7212517252459864,0.7873730817718714,0.5443779159212881,0.6064564956396092,0.19861888320070742,0.5933177030937276,0.630873595765106,0.1979901529295821,0.2167822579645139,1
0.9562105915238357,0.9181303959343018,0.6118751672011136,0.5048864446332036,0.7583983537681473,0.32744106643961335,0.3893406696268006,0.4617131274993712,0.5006835077582185,0.4071974961378674,1
0.9972631097636162,0.029398222163992238,0.10674578945777169,0.7786330164598129,0.11201462559208597,0.12790701417324501,0.5971966648390125,0.9243264795327201,0.2443858361869804,0.3772911230761703,0
0.7247776382262769,0.41551090714836203,0.0030741086772178017,0.6210581040391382,0.21370176517785644,0.3679048464428083,0.7920825358166736,0.13392630134436445,0.05794504341670825,0.31122785511382967,0
0.2258440869402103,0.3970021346948185,0.4773468847792617,0.8380652295528065,0.5865570838696781,0.7565211876998311,0.4072790234886551,0.17060068856884847,0.7229540508812524,0.9416001380651116,0
0.09222474139293524,0.9337778764701102,0.6954170819075083,0.857277279576117,0.2939483831081722,0.5196802432544904,0.40724793032309203,0.7471453178141522,0.8295830739053782,0.6304779575858578,1
0.04635840296253002,0.6936863295434812,0.11651264687137985,0.12878644784179316,0.7803067628036213,0.017968832990864048,0.04215852129346098,0.19293857272587034,0.9902582619740624,0.5202565631638268,0
0.1539918160804219,0.4556287532499388,0.32037821367613395,0.7451612965230155,0.0999457460104427,0.17550815468724545,0.21860407482107658,0.8974936257342502,0.35579533913770367,0.8173976796105015,0
0.561370861859254,0.902417861987619,0.6211786658380821,0.9839198777414272,0.8313915376647044,0.29040082357573016,0.9631290587808329,0.11582856805697161,0.30400619578630095,0.5545307174694464,1
0.9127242755166307,0.736658117873407,0.5286079580820744,0.407457247720067,0.21196074957957456,0.6451355768315687,0.614508544831405,0.12413712630719198,0.10247473915685523,0.3705628249908528,1
0.06483992787664028,0.28934960280183264,0.5740874944759758,0.9349615947587288,0.7146527692330146,0.45310793811003935,0.25524401353969495,0.8073248503029423,0.4028550666288935,0.5978503652376058,0
0.6567712001235162,0.8302821856193138,0.641749319468886,0.7594946444057724,0.7460190112125735,0.6759086152782983,0.7610843999775927,0.8542021621480752,0.08965468324088588,0.5222124181356096,1
0.5653398715178964,0.29440750197524845,0.7722995020481823,0.8873384096443153,0.5694815339057416,0.7922985551867913,0.8568346365872843,0.9532884819442305,0.8905396773694138,0.10835486788268822,1
0.5639151376474556,0.9606280322188812,0.054772521613680514,0.6222178690111457,0.02296067021804038,0.5579085459782,0.15500081627066264,0.6402394705840696,0.4571814966484279,0.4177036581362974,0
0.2281103545426858,0.6067310737103025,0.3257780870061111,0.6625433236539371,0.9078600135579833,0.6501895878014101,0.8985218998049598,0.5202085237094988,0.6572591803749335,0.5611532908455447,0
0.6635828846529519,0.9815980504636188,0.9022485069568682,0.5662678376585767,0.434148209850041,0.029939894000084566,0.8045852620078007,0.7840760510209379,0.40623093091333007,0.763105268468873,1
0.3447174236694346,0.6303528329193901,0.9234614210517309,0.21663210552135925,0.5617940610790928,0.8087421389367715,0.0982527782917888,0.830614184481435,0.8822868775257285,0.766491004752268,1
0.7772186120379496,0.398670491140098,0.14895203888863917,0.5876112118086484,0.7731448509599469,0.8497635387557093,0.2719014557156062,0.8989939022106086,0.854636922698126,0.8325299617590199,0
0.907339020708455,0.38928628759536854,0.9984434921678222,0.11678394551359317,0.9796505478266921,0.387187432526792,0.2020586734641845,0.08121410510178684,0.19333289425308808,0.6118898640188647,1
0.6482851973119905,0.08010443518336541,0.629862022448582,0.07316280050454149,0.7377303490146456,0.0543235350633926,0.40779104660193854,0.1771892075456566,0.6295372361079433,0.1958995153892088,1
0.279800223336529,0.016817904231834935,0.4952687951970811,0.4426949441346206,0.2815009533668903,0.1623122845454662,0.7143153693000296,0.44902508620497217,0.139730503603974,0.4032192287070032,0
0.8724483437247135,0.7249881671770638,0.8260060286085259,0.9228289006983725,0.9230900559402637,0.981982455856888,0.5654213704115175,0.9324851676955684,0.06679411060447338,0.7777398769821664,0
0.4538664388068996,0.08918684674234456,0.13266567106688942,0.9313866221472632,0.35787893619327915,0.9306110454443729,0.2026185717041873,0.9158193838671909,0.40131229988271955,0.4671927880099819,0
0.07859458478485915,0.16338281333792537,0.37982954913839717,0.21887107007457074,0.4218995588866843,0.8251673691965223,0.9795442124428814,0.317755938562425,0.46772770952990705,0.5461127875256213,0
0.30709824908225736,0.592555024096252,0.7259866443368631,0.16869357872424995,0.5788065219150682,0.047785625911139884,0.8641228258281092,0.29401650659940104,0.04300125668256405,0.8174613199719506,1
0.39835957788227516,0.534181819172819,0.927683950526813,0.9050427933276077,0.7409164591948451,0.4996583064442601,0.5133907882147892,0.9151705293852711,0.07517856369922693,0.8339578595867524,1
0.1933853943727788,0.5194244901134486,0.9736783908297697,0.171619620714484,0.5461250717948194,0.7345479714106574,0.4913058488398383,0.7312285280732753,0.6064940872634277,0.23386451421587506,1
0.17721660840147546,0.6815317421847213,0.31844163245279467,0.0291569556181972,0.2289082897635203,0.7502712268355731,0.9597673843710531,0.022918682491973597,0.7856076859147796,0.5886115919396159,1
0.4026593406565787,0.9381943829094201,0.2359499178850093,0.4050846883526248,0.779885864314479,0.14654417231754246,0.7924040110071139,0.365086307857454,0.0022514639505507583,0.5406206484409383,1
0.9921508013707158,0.6787471240270935,0.659555147335235,0.01483215225701462,0.3350510190358349,0.9888733733242923,0.9370587624974617,0.6867474933334335,0.40493468619459716,0.15034051785237823,1
0.3979304430553059,0.4567257222157941,0.5941711660838962,0.03943481711690433,0.5906327108611129,0.7725708907981366,0.2685174810530184,0.42996107506332537,0.6089612658460262,0.28880408989898354,1
0.03391103410273777,0.6051665298029278,0.7296367900803615,0.6623135793340496,0.5422823237862502,0.9750093349753985,0.5982228868957687,0.6914064306823261,0.5073612330039263,0.29186761117257665,1
0.6472707546056369,0.2835659336058748,0.45186365862239775,0.5456923880244411,0.4578854513349383,0.8102593924937723,0.9129187169358095,0.6952803630741899,0.4414055577789672,0.356937869814406,1
0.6567267342415529,0.02621789227354787,0.6155828718245507,0.27490004435515614,0.7802479272931206,0.9635236383529321,0.06348109036243499,0.6278189842678025,0.9733573828742352,0.49489825673723165,1
0.7185397434645241,0.15391532210294157,0.8340880954972469,0.32011627790418906,0.5768042742919444,0.4939071610137217,0.7497644799812132,0.7905280116446737,0.532140667127474,0.681562733086845,0
0.8830204608283769,0.6635701126956696,0.8677875202920828,0.7555671482866483,0.390154431618297,0.7276886002685067,0.33187693123230644,0.45663544959719093,0.03831579559023779,0.6730112442733756,1
0.1825560400950227,0.5235848754135769,0.460685816359482,0.39406700578411846,0.140354159124344,0.8264684216322494,0.6113874189120819,0.18568888782189197,0.24662479485533395,0.95163985440953,0
0.9406052246285066,0.5461820882594189,0.901517889825785,0.5725944707880639,0.10310261204977378,0.4049010587068016,0.2607284045190136,0.684469257895123,0.9159971276512792,0.18660179177701652,1
0.9686279935795342,0.17185718866923005,0.9460647373581248,0.22165212682138602,0.6945976780524137,0.34332504518137064,0.607937572760005,0.686437475458174,0.10222072320843967,0.8604502006726658,1
0.518934989443789,0.9562589778473904,0.9495770771065521,0.5586849028198149,0.015632410421102083,0.32044141557803674,0.48776838014277246,0.6801030657239612,0.824861990375124,0.22420670842828094,1
0.9263186218768144,0.11319689388484055,0.4812173440978008,0.4842490864158786,0.04688983558973525,0.5215425925927201,0.7046861151875192,0.5819769593776614,0.26913378233798957,0.037690543279127464,0
0.3277661442927806,0.10722222340550913,0.7289324713759844,0.36611012085809946,0.8860988856439858,0.8175388158819356,0.4758556315887098,0.8458754118578339,0.524524778853192,0.23814883678260246,1
0.6971259181518765,0.6433120429693351,0.10910469504802522,0.9503867907059146,0.7924542657072621,0.0351921899343558,0.3538595078686233,0.4566329746166794,0.6157187635392852,0.9479751512228958,0
0.47801382099633305,0.2716820266916349,0.12977589096881392,0.8447021880317909,0.5267830905154706,0.8564533946438575,0.3483162552281738,0.16278952278334835,0.13684976797680537,0.3308932226703061,0
0.5064394355976035,0.7922955956629663,0.4497796709754682,0.44220148980273366,0.2986501743092588,0.16758985920413627,0.4927118622221175,0.3378905244932201,0.33728533225621227,0.7408018774775487,0
0.31732728174036573,0.7126761514065887,0.6136478207113789,0.17777511106454702,0.12889684218571862,0.9580051199673304,0.9104867511887682,0.9676343953831334,0.8124178848652559,0.4281072764499939,1
0.37250359832618407,0.22957338829585405,0.6473400509238818,0.232089564746232,0.9584613236518297,0.13112789871283237,0.8773717345730769,0.8830840661466131,0.827076219884556,0.7993121022431454,1
0.6330051379329177,0.5555460508030289,0.18214903534945048,0.1003693810396602,0.3032624295678955,0.8511221224055365,0.5247918934889776,0.3830675586001995,0.5864335046705772,0.9951004215831868,1
0.6373218282224807,0.44106382667542077,0.9494575060357763,0.6431455940997559,0.1497046854116031,0.006365382147852761,0.36629410718354016,0.5153140201031414,0.7387484588003479,0.16770894765288458,1
0.5433647171238746,0.8163560264249234,0.7370461757013632,0.19042371836556982,0.06291558687609,0.2001810938610079,0.1432126080890299,0.8411670449759654,0.007084284923314699,0.30486944782784475,1
0.16015079769460128,0.7175445821340828,0.46318608779465476,0.02422538796449536,0.16505914007823919,0.4716607436837654,0.5186813004774353,0.08709189046291488,0.4560274718473938,0.7869229479183644,1
0.48383335125197946,0.37890960391428263,0.8627377344013661,0.9421377258948518,0.32543423877988575,0.618611515240625,0.5109281675269305,0.7755180362975534,0.6697842310510675,0.4535732819319723,0
0.4395365190532101,0.12092976752981766,0.4687724797096028,0.06332193655644902,0.6874828429152706,0.1983211893059187,0.7872116544633683,0.7283034564351284,0.9257949781751993,0.6553960858475746,1
0.5668746151748413,0.614809201762814,0.7409945757086595,0.8815587101220531,0.9553419731617722,0.7328051285974685,0.7994029620807968,0.6572471026619334,0.5851767366779064,0.6403575115144144,1
0.24452117673569684,0.577605157015465,0.8945216502261426,0.20318650692853102,0.55594413682592,0.3080614154545833,0.41787539513525773,0.48910322580327137,0.6446064894126909,0.7371149342034757,1
0.2610379298436133,0.2538962481737801,0.810763463028352,0.7749309576907558,0.6112128400466657,0.7250297748780169,0.1804604671394221,0.4468267232448415,0.8248690429921736,0.8606142370571627,0
0.9010725959829672,0.4685110133867385,0.5270000689526161,0.49770091264519556,0.11251308928606796,0.49032749763070527,0.895382723342629,0.32687676800992604,0.5795785557570753,0.5583122517600975,1
0.7932336283051019,0.397131686875247,0.7905857468106546,0.8629781607858137,0.5479794754716788,0.1732663291518174,0.8833714801405788,0.2653115671947357,0.5542100182842122,0.606579965433723,1
0.21058573345333043,0.7399811202439999,0.7049528947361953,0.37219288697352926,0.5143345546526035,0.18465620455738785,0.6374271328373966,0.39434576723204984,0.06088100968816912,0.8378544518541352,1
0.9225446610737674,0.6454068428427716,0.8146727276792072,0.85518562640435,0.5738523179347376,0.1094808389262465,0.06640843560462784,0.8351840814339013,0.16300474818121036,0.21005141639714398,1
0.77922051345454,0.7297668452697064,0.5868795122897497,0.3482475479245809,0.024029948506318455,0.3027906581672988,0.4779687395482076,0.653754702716,0.734922122295059,0.19285127562797544,1
0.5934849642207118,0.09292922622484856,0.9674146034953753,0.14518405048414695,0.04841646278866141,0.15093172141727373,0.15178738620549137,0.20724561927768992,0.11807921429522994,0.6867859506904148,0
0.7460210746037789,0.08923658814977031,0.11270958470241765,0.4026962899007315,0.12950248206619375,0.1807069781560534,0.1209567905776795,0.7216706874364417,0.44649100404967934,0.7229993592421631,0
0.7296809346533508,0.0370230249584631,0.5718838437828762,0.43144855186554487,0.3373131842047118,0.5361484588191588,0.6603372184845633,0.4553432513075062,0.8768725146736487,0.8112592198063817,0
0.7898369994639352,0.6830417170731998,0.6253483930588989,0.14061121584422132,0.33715562417986866,0.008742157939296558,0.6649234840768521,0.9819838414686489,0.15012807843329945,0.28671296220702625,1
0.721574205014822,0.8396460621876687,0.06601757414985154,0.7421120534537974,0.6551563888880317,0.8053621570073124,0.21461816665286815,0.6669505578940368,0.5962027486058978,0.1282033307792163,0
0.2754619359281393,0.42386212151623404,0.3590160723752899,0.32663894101708624,0.36669060876495196,0.30694515826234314,0.9240200454766572,0.21201261018471496,0.027042152429798683,0.9415126597504988,0
0.36182257990726197,0.1619538626023419,0.23080679444617325,0.49485708980210696,0.06030896429979671,0.5990668059842644,0.061518560671169786,0.7188409844156167,0.9639940193695842,0.4312218906447207,0
0.9011200003850436,0.342390323575103,0.2610618543096963,0.8640551727905753,0.8277676394476531,0.6844486939291263,0.6420409828989019,0.2218369074255302,0.7103317220989936,0.28545579338359073,1
0.9142065552503801,0.6398386839887024,0.36856609898201464,0.8930425330015984,0.3082593278803408,0.06488238551384207,0.44281226836236487,0.677068470257374,0.9980395387711534,0.3719697988409072,0
0.25109955267418826,0.4341848716343345,0.11056023123952441,0.5549414013281351,0.7691568741091309,0.7972590534657285,0.5141830229955674,0.038730391913797346,0.026645413086539005,0.9114678854993213,0
0.16187435704324593,0.5162799138026195,0.5443726331973747,0.516851925085696,0.8123361671474804,0.6701944721210292,0.44776120861919333,0.14813214237054717,0.03048205277646021,0.7197926127030075,0
0.24650300334306863,0.46194616491065355,0.22918900349839988,0.07970757759195046,0.04779838631299993,0.8702291718700923,0.3611211327461098,0.5306941341898405,0.27554779121304396,0.30023656934123133,0
0.5316916917220096,0.5281223258105376,0.35533351784065237,0.42590839194810204,0.42948491570472924,0.25376065445076035,0.02968404594482399,0.12049637408001612,0.005466679735203872,0.19896479695855618,0
0.43947623611963726,0.25422113268323765,0.43747487581995503,0.393624070560998,0.8231930743821975,0.07893341297830436,0.5851471875911545,0.5246159154217528,0.8306930373476595,0.6994772542547406,0
0.33033174743382365,0.5893141927192611,0.755096048621917,0.795103394362923,0.05057755445637835,0.5885142869178479,0.6665365283739464,0.12432341958529791,0.25231662420444734,0.019647857166995575,0
0.75728723183225,0.8579203166626945,0.6310745753082488,0.26955625842637454,0.003026890121750281,0.2492905234374827,0.9974850021878549,0.06577882406611668,0.7844576922962112,0.04229692560077969,1
0.9292610281152719,0.39500021028016397,0.6061091089933209,0.989697892165366,0.6388815956091934,0.6480269138896364,0.1986637820545416,0.590317155711482,0.6851557129642213,0.8136653036965151,0
0.21628358576413553,0.2866550307910618,0.04910417262480693,0.4798918781505368,0.2661741245407,0.23329888158229328,0.17419542195048254,0.3223195406563111,0.18301533319752972,0.736967963642509,0
0.4460679799840853,0.014660478137400679,0.7114868895899203,0.9110708405383953,0.16514272900987403,0.430787003398847,0.9880451482218086,0.6603222946790351,0.02630695115284798,0.46726847477988,0
0.1583584745284613,0.6653579820637692,0.02742940657455195,0.803249505612553,0.6277700681946536,0.09507804996981739,0.9308888383353976,0.9365127350818191,0.9437141565474829,0.7991858354485655,0
0.7800394265704821,0.44858026430631026,0.14660589320545514,0.11195670130476942,0.9760113019083202,0.9625192286253955,0.7309567320069691,0.5375018157336825,0.625960674789901,0.9645821920764941,1
0.8941635881367007,0.30411407750177344,0.13824064404306047,0.7578326696175551,0.45129134466352405,0.8801773330825667,0.3560508603002599,0.5131453405130324,0.9271022918309109,0.5710876284752487,0
0.2595006789274139,0.04682232751539028,0.4743076363220672,0.47327525665301107,0.09369706979997927,0.8425926206993308,0.8421187638410503,0.38024990680388426,0.0851280339029108,0.5956803888323121,0
0.5904299413443812,0.7914632869165348,0.599901710975262,0.4234745171642966,0.9038116224459313,0.15043701576709045,0.7262054439794761,0.3921045331552325,0.9432701617408404,0.670276164488606,1
0.25865144211591407,0.7904708541068209,0.7901165975702906,0.4235227935946956,0.35461004396639506,0.044021192896034345,0.899586987136662,0.64232681131446,0.17702928548683805,0.28411746527397963,1
0.9310101677495203,0.5810337498624933,0.8589933202029135,0.6586311583968137,0.6411769047242267,0.1817252508763214,0.6399986225751606,0.8847674697991222,0.9262270958843268,0.7020110312078446,1
0.025621036184167,0.45305976652876,0.31239367389447537,0.06475992831547872,0.011615247673908202,0.5608331437261247,0.10220967520725133,0.14233969271039393,0.9812262872861146,0.35557136371729814,0
0.5738703456532513,0.7893441526492333,0.22200258274315454,0.5346220761547278,0.5327034421018348,0.5018087866004709,0.6140802431187624,0.8803342762284594,0.1374593897537323,0.25853158082953476,0
0.6232390614824043,0.06340997732566178,0.29989968295285885,0.2144517972969322,0.8296962537836,0.5864979393486658,0.756688602225639,0.7247708532831456,0.35774711267040016,0.7554910554523451,1
0.2133437952034949,0.7197144508930481,0.8944424688847692,0.3417290165020552,0.981012621884237,0.04379086135589061,0.25451252848817074,0.5562937744784621,0.09439555854058479,0.3324507160466823,1
0.14464456038313156,0.12456933123081637,0.09736144862262697,0.317883675175054,0.03156579936326964,0.19324861241142854,0.2891521697759635,0.02825496187581089,0.567219334962896,0.40206474695450023,0
0.12677728161360768,0.25869185920467364,0.5382401464375449,0.7530081610874918,0.6304869207876242,0.5467043782848254,0.9564261057045542,0.7294857651207711,0.8662987530283974,0.4617250623801942,0
0.7872768657391828,0.8397346312288048,0.6225475161128339,0.9191167234966132,0.626590098265795,0.9471849297361556,0.5459150181873522,0.6164681662855144,0.5384037540659804,0.8047663488621866,1
0.38116241669074735,0.31235030806578046,0.8925231983269173,0.09029586857055583,0.3402849926676764,0.2612188754893555,0.3135556713013298,0.6599066037632564,0.11064598056761032,0.6136971051601148,1
0.6969908917602027,0.3814899093594686,0.694766670796934,0.3512610429032781,0.07038365657985823,0.07860632555545977,0.6827660555258218,0.06186711957357238,0.832524020940114,0.5378174688868695,0
0.12576303705579273,0.5146677835231188,0.25990534072856486,0.3723883748016793,0.05581136330204395,0.4855081290578718,0.04915172625164088,0.5941173930172919,0.6513273535102594,0.3011327595039722,0
0.3750446713150174,0.8651839068082846,0.7855171330498876,0.7405600686487873,0.5567523733779077,0.43490801327928896,0.49750344761058907,0.05000234638806045,0.7891779201910196,0.26213079811505435,0
0.3399167398923483,0.8924636097936645,0.5712101493077075,0.7825168367698142,0.3085214031339093,0.31893225733010344,0.22073267543530095,0.7812594958128173,0.8052646265075409,0.028891335615154,0
0.8542882251257697,0.1843253580512456,0.41873397183796257,0.7005984208672527,0.054192402276387,0.3964903848813772,0.3340020820770446,0.6082401450501641,0.22890211586171605,0.05369906879332731,0
0.9632789698394877,0.7981919009382005,0.42818198326478873,0.8813542088744408,0.6939496297884296,0.47394842885893773,0.4012360955352824,0.7638089084327611,0.6132731293688138,0.3901435138862498,1
0.5033604935950451,0.9565452952027398,0.533408901072159,0.5170695009784242,0.3882449268801026,0.05996861313372315,0.7604929425152931,0.979428854114193,0.015014008494823039,0.4745853289128089,1
0.17288915498435176,0.5955243921464572,0.941768574404455,0.44408833928946556,0.7855934791063173,0.013619973741362701,0.801914008507111,0.44611536811970176,0.9942160227766508,0.4085486813823008,1
0.05347121658839982,0.5287618879320362,0.22880756657880363,0.7597221500016595,0.4787218074660772,0.22797594539883514,0.34571923089350975,0.5887422019950764,0.3858694498717663,0.7525589803776885,0
0.5140561027439566,0.3097629482143871,0.12340590113214489,0.5574920825266548,0.751178549472695,0.5034626895509576,0.8786499519140853,0.3620291784175925,0.7524214534457643,0.9500236233201231,0
0.33853920355265965,0.14564199648700893,0.1968093279414619,0.8800544744484409,0.11140366002875335,0.9444643347974798,0.15416382949542073,0.7129252328330686,0.44744940314789083,0.76975092692127,0
0.08486678787134672,0.4383883617905555,0.7735536500673292,0.7641572744122143,0.24289620417727564,0.2934698287029929,0.641515662361072,0.742261492955369,0.48928520954937516,0.030705095765204304,0
0.7142167762861816,0.6550547968067376,0.060778214046330103,0.8467948814278211,0.6067405252459508,0.3870248717242195,0.2469379739962635,0.041702548078670465,0.3289513119664652,0.6353416457352185,1
0.14482634713325893,0.6241289592816995,0.22943725683558036,0.8477704616600155,0.8810965739606595,0.011815302340417388,0.8578384736242334,0.8632228054106582,0.7878392535028546,0.7403063036787283,0
0.8425601677967954,0.3453403784997655,0.17224997489790717,0.2541026044964291,0.9167897676678444,0.9555115055998001,0.26165276215886746,0.4274974767378509,0.8258518467227889,0.21026601507849418,1
0.5524710648294772,0.01556959481378628,0.6862404096939485,0.7556517639037095,0.8004530573340279,0.6695181080736113,0.24092356595135767,0.5957564199219111,0.14708356214039675,0.4564933252360298,0
0.4255849569154678,0.5863258430934979,0.5144924653799177,0.15500355426072487,0.8867248130167587,0.6905999153766813,0.06092086662407992,0.9932076706385896,0.31450207890004556,0.5787751727035461,1
0.03642918773162229,0.08954171733444838,0.7288993894047713,0.598217364701979,0.7476989922188736,0.38133851223046034,0.25263323020212014,0.2677996168449608,0.9045585632602504,0.8316415515299667,0
0.9757859119231225,0.9853305119728397,0.6595309790201904,0.49996917717221045,0.3918971711393491,0.8169113930844989,0.9437014600751066,0.5665812433517743,0.983405434879679,0.5170811032275413,1
0.8162143313659204,0.014902831503110114,0.23001944404638663,0.8889636621036574,0.0162774478124883,0.6916649678500112,0.3859398175873542,0.4339705212369741,0.11461433056972625,0.9100407513216173,0
0.386233829868605,0.011204082874514354,0.0836114050286253,0.2954717069070848,0.37267134624507936,0.7968595854412054,0.28876388864004476,0.9172691756822611,0.2352318011055966,0.5530325195890887,0
0.4825878461924462,0.42114016252039643,0.7510751393916782,0.8562145497674604,0.6415145258475295,0.1949874111627179,0.3093300194194021,0.8663545696619301,0.5887015932529585,0.8320575257858723,0
0.4042777040302701,0.18237942459812984,0.37005828184909917,0.8155803552191533,0.9434584105716941,0.9524968768819756,0.5883262930750057,0.4375348749316569,0.07453287639772477,0.01954515951081648,0
0.013041912801467492,0.6473048358633173,0.9161398736459646,0.2990908165835122,0.0865417473685649,0.09029627370893689,0.8407234615967356,0.9931175406470607,0.22479545315192306,0.28219253571022773,1
0.7724259243802261,0.4694337773468916,0.5227927462397183,0.01504439389172374,0.77300557912661,0.7602087869841406,0.42989650681384217,0.548234762268529,0.2942010950592241,0.14082671238422872,1
0.5279544832861411,0.5399356144178586,0.5580300655619859,0.520039013756112,0.635279071075862,0.11831327879785314,0.5291386246309169,0.6821281959147143,0.6408387160695721,0.7815892816660197,1
0.5693496946578523,0.8967921836454761,0.023373631337385237,0.5947015973683264,0.12650419788268907,0.9432680166287383,0.1327010499806176,0.8811795242245658,0.7640005125720138,0.35850669037216987,0
0.9777778616447694,0.5532960210351688,0.005844360299798956,0.9436081050366081,0.8973223460587834,0.36854377340170985,0.1392002101298062,0.07283966082308502,0.46098551423256773,0.335614401925331,0
0.1379697433730792,0.29679785955769244,0.6021231799191104,0.7840583553510031,0.09657199339427547,0.6729742720517117,0.8347856822981017,0.5514258157063531,0.2803308821611259,0.6085516714511073,0
0.3342674263732639,0.5876348769251117,0.4492791001006555,0.8111627601618538,0.881641447512085,0.9134129500678144,0.2643338123038864,0.731411280978034,0.2664010444003927,0.13189034987416703,1
0.779502291275543,0.12641904505257406,0.8449218390731353,0.14153593872732317,0.8445640867176912,0.3671688698004555,0.8305045366291766,0.7103066189179019,0.01806181623113845,0.7343173328770775,1
0.4593581570064803,0.21127211918891076,0.1360124295834163,0.847618318084752,0.4700027033081611,0.1776253246001801,0.16295500039713362,0.5599900082575272,0.32809835588503,0.7211194998434097,0
0.18276821941821098,0.6888473053411958,0.7170767594324348,0.24037047542698275,0.13624972100321797,0.4196852972543834,0.38948607401249935,0.9339603896606335,0.9241959820034518,0.7948413027258887,1
0.9487913702353973,0.09146682259566075,0.5743609471008293,0.974724568434251,0.6104184104353207,0.8438405056582529,0.8859085798804635,0.10920730219077224,0.816281614131758,0.08617364849882847,1
0.7939450922652252,0.05324011162531006,0.5695118765247187,0.19960957053192063,0.0328280438659746,0.0708801732187121,0.43018796737230147,0.3139101019537853,0.014705836807217376,0.9569811037470914,0
0.5617743783546724,0.3272288046712193,0.29303556849809986,0.8107281673391142,0.14084924606568183,0.5674869755052251,0.46832521567645935,0.5930980783353218,0.5730843485395501,0.865204512010986,0
0.7327024570710269,0.9593361662656458,0.7930315339636084,0.5146704012579878,0.1412506772384361,0.47413492353398035,0.8047734820161359,0.8109367902459189,0.0826424599678619,0.90169653125489,1
0.610773871863497,0.22177903864236448,0.18317588469923085,0.4682720668047805,0.2967699186007361,0.9708202025417138,0.7836715563436438,0.7283720326419402,0.4378503952624915,0.524017913370884,0
0.2730084954128682,0.5456700208442041,0.03891779292622144,0.42926692551228884,0.19375613770101963,0.5479536892401381,0.9897264370154425,0.9964558724416116,0.8909957505730965,0.930948939486906,0
0.7977936260979904,0.6306219769198237,0.8498096562766677,0.40589219268414745,0.13789974555516327,0.047432842335464964,0.333992496528275,0.4455160782955915,0.4443335006163417,0.27670021880185547,1
0.20598998341389774,0.1827722618668267,0.8246519491801646,0.5940666201264732,0.5408421526619593,0.3333064980977277,0.76565977427775,0.10714013161141545,0.49338450751411955,0.6998371728470422,0
0.10011706100925588,0.7789091803693055,0.9414037867479044,0.09475472272207597,0.9862802154323315,0.019096606540115246,0.3285339609193899,0.2949319385302036,0.9424294788031667,0.6819771631737432,1
0.2338078418010997,0.8175726377957844,0.9321675320569369,0.6986325974799452,0.08315782757541479,0.1771264821157671,0.0006500325573146615,0.08269300063596219,0.13523316519141848,0.43773738221166214,0
0.4176807609166693,0.812456024435431,0.9189728576747619,0.07893990963330522,0.11099379760966144,0.2145987813385103,0.7194742555208609,0.18309277971465576,0.87850778808463,0.9666124120201738,1
0.2825195494579217,0.9558616417255515,0.4923126928500313,0.7649849686245787,0.7041844739859017,0.8445248091901476,0.46369559016049244,0.5507445339077522,0.9307503279586551,0.7082969899711276,1
0.009722746778779934,0.392670417486471,0.9573926231081665,0.6220406980531796,0.9698347248439673,0.7728613519770482,0.012204819941993295,0.6900293744896532,0.5789782115706614,0.003004195373014662,1
0.7603170818404209,0.0644094651342082,0.5427610673002294,0.6268609956907549,0.9098572812512162,0.9554117561979695,0.990485650702873,0.3368107369579384,0.6153736234947998,0.891906888591218,1
0.1465079266257927,0.36134598693193754,0.07066167915804433,0.059324878510512935,0.9637541062153336,0.5693944837195442,0.5776090324897186,0.6441253201605497,0.39778346248859875,0.4284731666960163,0
0.044088831382199434,0.6954518474298612,0.2416359111377292,0.4789819829237002,0.26705588172665373,0.680218079129654,0.7166564456355827,0.9564166532293257,0.6622123583692715,0.570275998475239,0
0.4907765124624689,0.3769769501593916,0.8480662468560883,0.15717553596328404,0.3280917332176114,0.21796620756894425,0.6328831042940828,0.8284422681559189,0.07287853578649661,0.21251656849211598,1
0.18377025114084,0.061148305443945006,0.18677016095438193,0.9470249531617921,0.702456450306612,0.14945162995781847,0.7892768250504312,0.30771526940934335,0.8560114659015008,0.06974400591279073,0
0.3561694938263691,0.005618599334409224,0.7643054273655655,0.5410138633533258,0.9135244966596703,0.5104367453849081,0.24297571937698492,0.15146680836676385,0.9028529160965104,0.08838624793310523,1
0.9576877726262524,0.9235296168334391,0.4565385455942377,0.7542370921109416,0.9960224968386651,0.5564835502948938,0.9820215593504188,0.4511476108676017,0.857209865492535,0.8607037528311315,1
0.9532512563702781,0.24026938840061618,0.6710364654966209,0.8823053254126082,0.797339506510432,0.884744291709474,0.14146530224064824,0.37004399563165835,0.520660751957734,0.07773768347378451,1
0.0908341094937406,0.34425224991033765,0.1621026413563621,0.7136942576761122,0.5507307649114668,0.18093254558030603,0.4314490832419994,0.9574352142829335,0.09897465740915323,0.7952616930603564,0
0.9098608232202604,0.7227893993577057,0.6863954541537319,0.5655433915142963,0.43373484988820554,0.7728025549058956,0.5031328904370254,0.2114359999860118,0.37142838040229487,0.5502380769744598,1
0.7039777091945104,0.09419637457817598,0.5560129695889654,0.04445706836007324,0.050343928861710796,0.9924152923608318,0.33966937599456193,0.23633318006061166,0.5349780005632927,0.8082958362949207,0
0.5818844622343172,0.8992146862475443,0.8037058227439561,0.2761109719552013,0.9614449283634714,0.3109917407202172,0.05342044426021375,0.09597448256186336,0.5139136324681498,0.16812135817395502,1
0.6252720574037822,0.8386826588167424,0.22863846373014352,0.6624853606932936,0.1554870609876482,0.2519620216539541,0.2774243077542231,0.48727469136866164,0.27876112352932747,0.21142251589255234,0
0.35990154428239407,0.6024434693942977,0.19628308490738855,0.010207881578253586,0.12653299224167525,0.6273027787714184,0.01304576641008759,0.03611568088862194,0.2078576458891893,0.050707670129822247,0
0.8504864866313906,0.12719211500475247,0.8758105196299807,0.2436992553839885,0.71785233314308,0.041428833443754476,0.7768460941262845,0.1306427754710474,0.09353705061919004,0.33546514724445253,1
0.7930471941446571,0.23080912183897728,0.828176807164925,0.45691805675326924,0.35585892496916394,0.9030933647197649,0.0959538043372723,0.5372690724152696,0.13201916789937862,0.07103766265352807,0
0.7422963535340691,0.4696764595697669,0.37812010843447685,0.6081184598868834,0.8606006051964331,0.15912135379046422,0.7490741830750305,0.5308859290046227,0.1193316351183682,0.7851581948188814,1
0.16220235936966354,0.5674890881863226,0.8014584397422847,0.20302405907873788,0.11851544245928192,0.4868478776066907,0.5010872114887616,0.36689248983459766,0.5571800461768962,0.36857440299420796,0
0.3831647130390098,0.7004262089282365,0.9298615541530524,0.0841126707965727,0.5121449888064106,0.3937163901481836,0.3616705019805174,0.3031966953069979,0.28693972363176135,0.7630670650543464,1
0.6046591607496905,0.18856451449751654,0.2247197297778195,0.41683226334892143,0.008536139892793115,0.6472232312300682,0.37692881500180675,0.45361533902416185,0.12947577123723442,0.16894330371424804,0
0.4109356601943418,0.13744543432917555,0.8287486489031015,0.3435226674440379,0.6545460265487824,0.695426339809309,0.2665550535433451,0.1513055794046212,0.6791778021655014,0.8501503580304839,1
0.6176992513096787,0.7399052949456473,0.9303051561680726,0.14751890778146703,0.24010208043720482,0.3111349039334048,0.82066061132562,0.08463538928341119,0.6007851330257477,0.6826982824524213,1
0.9893239012489726,0.947234701074161,0.9741083156913216,0.18665899253609342,0.36563329895370034,0.05760319057606533,0.5316287520218657,0.22491284642757903,0.2607420455607413,0.2023068811697054,1
0.5290019996427614,0.405667789488952,0.3738620503257054,0.7187679727902724,0.3697949339715175,0.46690448208422963,0.7277642070532165,0.9161376035945784,0.5637154852981828,0.2685629911674521,0
0.7720886837150261,0.9014877819730833,0.635727832730886,0.9469894409132624,0.36049260919581605,0.23992916521866714,0.3707188260876958,0.47218813740557575,0.8572463487897404,0.39302746494605556,1
0.2803571978693691,0.07907865328403707,0.3432575485523842,0.3699390889862627,0.5354864276777308,0.9082587287419984,0.5726865256729753,0.9252930346039815,0.9368464992815656,0.9170650313786871,0
0.9399513853431918,0.575716580311111,0.3970748879170942,0.8442394990226946,0.18172385627658416,0.8534485617476549,0.23952912549336425,0.45320033185270236,0.980837406785666,0.13670886486468703,0
0.2859152261364395,0.9976962482012648,0.9536569436250024,0.6506651531492302,0.5835212111131349,0.24781237388132904,0.8972606223628905,0.9409586371142872,0.8165780165519113,0.30099742693268916,1
0.7703198899172079,0.22600547301955387,0.9610505544205037,0.6806696199153879,0.018071972057131402,0.5341579068125529,0.6862584406947392,0.12198192250491979,0.9401466811510193,0.8219516378363062,1
0.9325320017112895,0.28085132180404393,0.1564184144818429,0.36274810743067765,0.9694610138084107,0.2793601508373348,0.8962611643688245,0.4329455710141371,0.9058435596934403,0.7975104783524175,1
0.6428158131604896,0.16360064498851912,0.6481047491264256,0.8158678835384954,0.025315073814250355,0.5290367633918086,0.7966326351570868,0.8753120805470039,0.8203557889728836,0.22256439853412868,0
0.468030579413513,0.11147511958075562,0.9110267390455707,0.6457054974691192,0.04664134178310908,0.7631921219028516,0.7002659615658962,0.8152910929359544,0.813671398455861,0.9324290270880602,0
0.025317243641427623,0.1519830635476479,0.8563348627270642,0.17818140036976504,0.12802356530511805,0.3091887696557386,0.31978860842522006,0.6625680688521405,0.9453630387400653,0.11991509367095399,1
0.7630638286322058,0.5290865958193166,0.6275465242127162,0.08684459696991087,0.9934545991158367,0.9084331172338301,0.1984594845892722,0.1981156049525995,0.6224343727965892,0.3510644265203722,1
0.7262543486890763,0.8559451958882784,0.7840930316308978,0.3439693981991746,0.719136494200892,0.9663602085066605,0.3522488909009619,0.8932513137147344,0.6592738828277999,0.21320865235883435,1
0.19010411123649373,0.5222124651326965,0.6079237176053698,0.0014241731712922867,0.3635905746583945,0.4736814177869997,0.6934927391134613,0.8944019509979508,0.8315966518376732,0.7818587001714021,1
0.09163803538231552,0.048954930538140706,0.9761231724851929,0.04556167506762332,0.18743755213238267,0.6071342937486931,0.7879121971101232,0.12079316947230123,0.5056663886228634,0.15839492402795619,0
0.6448061603704226,0.9521502019735173,0.9804840576173515,0.2222613758813471,0.9627458494773196,0.6777709093706359,0.6321200129531972,0.18288500388031437,0.08964056494576844,0.8590301460995907,1
0.779350700993368,0.4784763693832167,0.3243118483023063,0.7537516524095506,0.13102413077018116,0.20982018843053307,0.9698645693374607,0.21669094251209708,0.6908516733532519,0.1527662660303294,0
0.9971382778433611,0.3461061161772392,0.990389530884869,0.8580643366319441,0.5660735231212004,0.717354907212308,0.6650040521533221,0.6853280785034245,0.8602323694835039,0.17863821040282002,1
0.21106353678994338,0.6560897160269985,0.9002181767643341,0.24224316949483837,0.897088837887583,0.79035579206094,0.4787884568012747,0.7987380344021476,0.06666909795316744,0.647754290064725,1
0.4855668296590625,0.31525530836817006,0.85677185325988,0.9497778959936684,0.772170209303682,0.6532011595493898,0.3239588674045887,0.013552053931941255,0.6599913393835507,0.21975154261863494,1
0.8281719365723067,0.4735265870157701,0.36537501503613823,0.06325754757099566,0.7304975709084335,0.79075415787208,0.04503292859742136,0.3184204418318499,0.5686769714409222,0.7992821646800629,1
0.5662264359476202,0.9183119958134772,0.3422209123518192,0.42826520853950967,0.016906988394077338,0.9333452185282504,0.09132398349219539,0.7208965225217883,0.5924250705895269,0.21151996099155101,0
0.13708785934865586,0.2536209387237375,0.43459679168756604,0.15829571088152772,0.014908932679300269,0.6227493574237616,0.6520289741168201,0.09609398347106013,0.7289641399803191,0.08980538807564331,0
0.4035336707737849,0.5319803026805034,0.6472662795625866,0.40598344084870575,0.5663946938134063,0.5232198422742371,0.21561943794930982,0.16497368683190972,0.49054949651059776,0.48387272828313854,1
0.028318371328579284,0.9591438274019873,0.6954528732357592,0.9638347292722603,0.5347651587548661,0.4751543227489914,0.5446966247287138,0.35241687474572225,0.8406600701615397,0.9359693840742473,1
0.0916955145445858,0.7699633939730468,0.32881567112182597,0.18837609910128417,0.9538129233754737,0.6721134910366029,0.785637710826236,0.6369341934835252,0.18168900335710392,0.12468921500989583,1
0.3781359290502029,0.9931873178689798,0.5630403581267883,0.4560948073829777,0.9216608202762335,0.4799379408872698,0.7109664458777134,0.0011906112751398634,0.42086489474899746,0.5612624024172664,1
0.5930858585993865,0.9233572431617192,0.8848135168924661,0.08902688637219058,0.8162157401539853,0.3856569222400068,0.3475587325292111,0.6906262113944269,0.033774720556524085,0.8579009497957368,0
0.7391147791305253,0.9750514944821567,0.5650463061528254,0.6164587004964908,0.9628860538035859,0.44137942849902945,0.1099099582637243,0.6349897352265763,0.6500738587833449,0.13735318608067748,1
0.179246257007173,0.3497645714143064,0.16151199883979706,0.1611022760173122,0.41352546717540284,0.20637006630425492,0.2997096645442451,0.9874481415626639,0.8533253693134603,0.6140815190224415,0
0.9226032441980613,0.41394750518693846,0.4346245322228497,0.29853710511605913,0.3304075803884807,0.2617252236206754,0.9011265705682016,0.9233457616877546,0.7453290389583009,0.3073915519493571,1
0.5890882629497957,0.7529814959128271,0.24245805914538643,0.7056872021015732,0.8577248473352096,0.2757879464203068,0.4508904016397065,0.22641495298534564,0.8809175287905275,0.8770734251284439,1
0.04774423385650639,0.3281880058385749,0.4201282421373106,0.6054387518983336,0.4770280400182756,0.9351792575309148,0.9883271722169182,0.6690078587649197,0.53317860247601,0.7705370253498617,0
0.8942162227649153,0.5710069495852519,0.12908875987830704,0.6912719471256218,0.11514352903083902,0.47873719604077725,0.04335172831215095,0.32682348267256156,0.8992377806576018,0.5185721169989381,0
0.8591435088049323,0.12566094128260274,0.2444338501256752,0.04291073457726269,0.2781376657387986,0.4328373063225788,0.3043866707496452,0.9289003913409135,0.1483817005420811,0.6109384165961002,0
0.11479874107271548,0.7338388626558664,0.4614709342518333,0.8584716796389393,0.8643191483336615,0.5287650131209104,0.5949055954188579,0.19031458594476702,0.58235027892427,0.6280044442232013,1
0.6094839440167015,0.9443818335889602,0.2610914610759636,0.36049621218853045,0.2983446358826203,0.25937490683617404,0.3272560789924023,0.38788629488115955,0.08464206809162333,0.22282228570095308,0
0.15757133016577463,0.6707485075359172,0.13573186124477876,0.8579752612759249,0.1949028023334396,0.45751929501261623,0.1831115951025719,0.4065774694674631,0.6560232796354698,0.018716568509175024,0
0.39624506072276044,0.8215544040521403,0.8311951088012784,0.03266954088336904,0.7914697297037133,0.9885765831883311,0.6511251055731815,0.7107556217003345,0.8971863921051345,0.5690808658328312,1
0.662664174827031,0.48729554890211046,0.8892685717794774,0.06441129346054941,0.26349596074464643,0.9935469928200533,0.30209807461380445,0.841472389687128,0.058445350491745374,0.22838089269817996,1
0.28033092187437636,0.390843446093354,0.1811740282807922,0.7516064519939876,0.7298327153335559,0.7538916984370467,0.7587759730181325,0.19897032678903526,0.13347656667466423,0.9940162834027261,0
0.21552623960682127,0.8778147176650227,0.22972182200824143,0.21945958731523574,0.2536388889572879,0.4684460270477325,0.06772081355797666,0.6922580087397674,0.6703275211222745,0.42777628290141523,0
0.6099611546648551,0.7509037614899181,0.31518870032670687,0.8986450042455851,0.05666553358406401,0.27799401165362403,0.37019510724104476,0.05605004041077122,0.9415621303283536,0.17304155908700214,0
0.27085323420717466,0.9178998019602994,0.792403758554235,0.04666671251547183,0.5401837624311827,0.4584526648230952,0.9465480146721411,0.7995549185687875,0.8094994257494724,0.797163270409418,1
0.2926740799257098,0.88108004162684,0.05848969101418999,0.8143242066999825,0.722212340038919,0.9162918242165854,0.2589435030561227,0.8830978240554372,0.4625699499968239,0.7761879113200413,0
0.10587084757014054,0.7866597386628735,0.6007202113845586,0.8622655211603397,0.9256593083121601,0.050046439366916884,0.35976075857742695,0.5416239889516681,0.536822936478236,0.9204981955938506,0
0.15555183825386976,0.598797202409083,0.8026644509716735,0.5849332793201588,0.6880925919357099,0.3852773859665015,0.7582494507266319,0.28174742097118155,0.2547224604700363,0.507133235966467,1
0.07630914296529556,0.18630686476625258,0.12999072733921058,0.0859526766786457,0.04714627652783543,0.5309158523223519,0.966010261427706,0.041963631180719885,0.696889075239417,0.9825202128914,0
0.07393391023885154,0.8550577465406339,0.8629538627295134,0.48473125913253456,0.6935859548751537,0.7979377480542623,0.9325324015731757,0.5982642334032847,0.3525217779246643,0.5877569539220959,1
0.10939196865254452,0.10202366242307037,0.17550288991708285,0.9053160361366718,0.9453464477346124,0.7484382931480345,0.2497733400785329,0.5575563121915125,0.1817879018452001,0.021464015250776347,0
0.2606730803184405,0.8790700707290245,0.3825001407414479,0.9581140219595852,0.9087716281063759,0.7400379086728436,0.00150772699978996,0.5395784662399736,0.195502014475738,0.9761619738481698,0
0.5085745721997343,0.5801106089535998,0.3305936233084169,0.2709621225642035,0.020809559557136037,0.1662101075822442,0.8601814014776872,0.6138496673339349,0.3775231597271206,0.5074868402209484,0
0.6239140458553344,0.9037737487380156,0.39726095219804847,0.6346608374858843,0.20920307308404384,0.9476286461774122,0.5977326612255044,0.31653240631606305,0.23317145755892588,0.18498652765416002,1
0.4183608597558245,0.885822254414614,0.34928968208087197,0.08371495561122799,0.809521210227806,0.13382122686339137,0.6541198296016859,0.5727046186113934,0.9274464484875493,0.1509093760887471,1
0.15163476460734293,0.31774611261341446,0.757450838870112,0.7011314226803604,0.40222319388830197,0.4358916449871938,0.46327235302608505,0.720201550516218,0.1541693258714124,0.4086055470433866,0
0.3352244992795983,0.25920894461499433,0.5143720584144282,0.6463071306707202,0.5512248377475324,0.0970960422942918,0.20476271751412267,0.10696914958235093,0.6547012816243601,0.760283118868867,0
0.8189220476326808,0.08370795977696932,0.8505037289249897,0.09436121545550824,0.8288356898195726,0.7821109673102903,0.3721131961731857,0.2960725241255894,0.6627462797738352,0.8834357791591638,1
0.29795425305984535,0.008436099469521507,0.763575915864476,0.10973527677981776,0.3267166187028875,0.556272018978251,0.058487641732867135,0.30930388710515055,0.30559470318314874,0.13356521604338034,0
0.4978280174899411,0.6382809469432935,0.480441542301714,0.8319083028560755,0.5207809755749421,0.7759383822735321,0.9597627251425146,0.6378058821091548,0.281768977237728,0.8702162831969245,1
0.18029259973610234,0.6105150069364111,0.7148590157193093,0.43611871308582506,0.14483057095889507,0.07510371650239778,0.18302173180213377,0.3056382737321929,0.06396384571099378,0.28432210656326373,0
0.9170365771649369,0.5683519599771917,0.8618723206223385,0.8658410989635933,0.09004760139479806,0.8627008543535868,0.44651350493300135,0.825382350089784,0.4062512709805929,0.6094103648816157,1
0.11089366477247953,0.5495527462653994,0.057013058806509975,0.8751833843588157,0.4222483367459575,0.020936770271513305,0.6881888936841938,0.16809150357716063,0.0021309484719332916,0.005382644741501741,0
0.003848845673840251,0.6318083036423716,0.3266374603630089,0.1794604306679427,0.2442717916242474,0.5294601611729298,0.23494331203276886,0.709784373655252,0.935317556226835,0.5531507260286246,0
0.06244776442379718,0.45110186486026327,0.5339818723313993,0.43219554546485905,0.8226349536880003,0.7562865125845948,0.9335623848741175,0.8577945696349324,0.17731040599820336,0.555810004420157,1
0.20384663503237177,0.8145573622260405,0.40750904306864955,0.7469838267810776,0.5056581820266134,0.6349997379932159,0.8832728239231254,0.9634750749344454,0.913050955618361,0.750042534076806,1
0.10866016150132174,0.9731474971352934,0.18987191584000385,0.6638240106839052,0.7911019411448484,0.20112508460930678,0.22560883102488705,0.6087737988856029,0.09914935136606462,0.5405642602529277,0
0.06330068803098032,0.4768707180423053,0.7082470725319949,0.7642538453361629,0.9409745387756617,0.01978484843716477,0.9526675857279676,0.4822784847990299,0.38564274530836873,0.6506426188606675,0
0.5382262656289836,0.10045115542635763,0.6541891903670032,0.26640103941680693,0.7703245287765589,0.6211699107843314,0.4670888826750129,0.4445946809390372,0.40975155768378735,0.4606443115936285,1
0.541017783379399,0.29890857897656786,0.660741154085685,0.17819507967251713,0.6755569354939185,0.9906757527305966,0.8219086433342422,0.1506752945594132,0.3907892359560011,0.36863945198007786,1
0.09420079095934186,0.3236727822439176,0.20414001724159636,0.6167426594140365,0.5931766149811774,0.8911091309221394,0.1625076483445509,0.32615029233333237,0.6023439710798019,0.6711624744173534,0
0.02247481379696581,0.2681170748725651,0.4751795168423606,0.7648321808676611,0.4120057331252944,0.590265668842664,0.9970158733763754,0.06292913678638512,0.4378727568245999,0.6187358900633251,0
0.2549101006921378,0.3519433340846294,0.6178069327071921,0.5709785765724378,0.40562810209244193,0.07526797021633624,0.5090589388723764,0.8027277038116944,0.8019826598768558,0.8469798885454906,0
0.3986679966231892,0.5815249721440285,0.8084272632987646,0.10681784150929374,0.380820641614253,0.7764057337066522,0.5337041916545806,0.26522109873604593,0.31603709615674846,0.792335239089489,1
0.8356942675086091,0.9865851702645348,0.16402639745527192,0.13954099238797635,0.45868092804465077,0.39670761972825797,0.28987798506674867,0.6018293120096013,0.06120654954074456,0.8398672829893544,1
0.8772598247202036,0.5731343966390527,0.18995389249126626,0.6657253936268231,0.04114900775164376,0.48246760893703444,0.6667572916656994,0.5408571031023951,0.2369611905429837,0.5950043926901619,0
0.2365624011648363,0.14937732313166807,0.9601313430598243,0.7883027894091457,0.9151985720748108,0.04724329710477493,0.2128540653431733,0.6796570445963249,0.7202038496015767,0.7597722908766952,0
0.9682409387105373,0.35743639161737684,0.2927838422141328,0.5579581503648998,0.7672541183630619,0.19158189613720789,0.4382749198283844,0.5413623054695609,0.8446707345336872,0.9905274308785029,1
0.11831515677883842,0.4721040886789223,0.41444539187987794,0.6427390560779412,0.03491947078131141,0.11299857967364324,0.7501202315393456,0.42772679308325967,0.8885555989141176,0.12287524378005743,0
0.04326585973348207,0.4839479645658935,0.6652651529233462,0.9546921433652897,0.5586260922430969,0.9291256249015724,0.8185002052526619,0.37422524515416233,0.30088347896932444,0.038619364632888176,0
0.4776867936322615,0.3154263789388455,0.42547020888416764,0.1782604320662975,0.9389407102399199,0.18080003652635346,0.6089884117835342,0.3317852186852085,0.21545485356353322,0.635202271100255,1
0.5411838538093395,0.6847342981805455,0.3256803033677147,0.5972877235922018,0.6007822710057601,0.3262575877511684,0.09638890510874354,0.8240894810690071,0.23176025997383554,0.22522416943713885,1
0.1662241421752928,0.8288994719226118,0.8994708180124464,0.05635660144183263,0.7410223204578225,0.3943864489177301,0.6584120332064842,0.9465048543468458,0.9305182760128494,0.06798946059715527,1
0.15705293734072656,0.7724008952878411,0.5360717076252255,0.5455778072141587,0.24638077331696073,0.3465050500309843,0.32098501706395666,0.6751067662330635,0.554143848454386,0.170969189561491,0
0.4060802170310628,0.9774983637210509,0.3276917374823506,0.36824339341333345,0.0840333957122763,0.06656011234774528,0.3359882452803622,0.05222543723205475,0.8516794788593953,0.047163608396595724,0
0.6386285738261337,0.356622008773515,0.14114607347222496,0.43836040700856616,0.5289243961259732,0.7433499012378962,0.7322486735567196,0.1121349843834849,0.7894707161493931,0.46124409972937763,1
0.9013020143138958,0.20317453173284994,0.3333700391007066,0.48833039038289416,0.5343155937663105,0.222245538199214,0.12481176502891733,0.21777323947314386,0.08314588571970849,0.7875153054941272,0
0.037434566862731056,0.4744342677744299,0.534947893691245,0.17508257785502856,0.9136086892844467,0.06831737870444632,0.7944038895822189,0.47991902040917467,0.4752178355775718,0.009642677644200681,1
0.30572956359828785,0.3267147304991799,0.6608938292615628,0.9265821749526084,0.7289385439934297,0.4826309219909295,0.805777004243798,0.5118578750640342,0.10152716571006215,0.5645250593384876,0
0.7352206668197424,0.442693082558414,0.3788999016099822,0.16258527779944132,0.8090721696428246,0.5888503337811115,0.06530440588993525,0.3103916363752178,0.20990014682436453,0.3960537771623709,1
0.34145505020512845,0.6095913841392243,0.575115565850118,0.7902966143860901,0.6894937309394121,0.11216553336548962,0.532265980508755,0.5541035856327736,0.47969056090619433,0.5774394424033306,0
0.5403025790635568,0.4095987503496641,0.5220672211833997,0.9046021050772803,0.17020118721240085,0.29480904631214166,0.27693535190912,0.9378830083802325,0.7764789873115927,0.297540803397098,0
0.5610400059136648,0.8768417117814366,0.8238852156335884,0.8898329398801795,0.32859341528348207,0.709978756092598,0.34852947856659977,0.5198992872716367,0.945447858559435,0.7418972560104867,1
0.6092027102435615,0.8971940253866806,0.8457283499181276,0.8385916432289681,0.8200016851548775,0.2992397288144847,0.5404479070568936,0.639297750655084,0.9073039133837751,0.4518532149397856,1
0.9254405373985429,0.8108851842498893,0.7899075617333939,0.7948050344434741,0.20611068178306557,0.49633974403552283,0.8738486331692037,0.5230722874024051,0.3912186099741053,0.5233700655759211,1
0.8489212806252842,0.1140769405317359,0.08191603107841494,0.24576168961640144,0.9860714970964196,0.4916841077379297,0.5387705868466672,0.2751022424195706,0.9164355943840694,0.5764377416026332,1
0.5728586512079465,0.8459231567898687,0.8333945133191805,0.4452948903144175,0.577092193417207,0.37040652569847476,0.14780696153844897,0.8614430608244645,0.9246116684597615,0.5852011159638005,1
0.7508579792132044,0.7545441666387941,0.46467944950748086,0.7490022555879409,0.7688022020171174,0.6689359569431611,0.19515886997086196,0.673334549326925,0.01997519095337985,0.7444132053966661,1
0.8528312785439583,0.9847588723474038,0.3073737705826841,0.6463183080117372,0.31514911614031893,0.12126258196941986,0.7235069455697529,0.04226253609335251,0.05907080836657019,0.5311187902695692,1
0.8793196092220321,0.29933685967458346,0.7146336470621715,0.20658407658681954,0.06967879761589213,0.34325102666516727,0.6971599965920654,0.7870177964190366,0.4961893499317882,0.37911464838330444,1
0.568349936942354,0.2089857932420809,0.24199449120818928,0.6186819528069618,0.7043145075970471,0.6266313294609144,0.5445526713263773,0.9754277383820349,0.9765721913522164,0.8415541572197798,0
0.8607741772073059,0.8204113571016011,0.23940878797160958,0.48734341240003565,0.18593739239177365,0.3467173560697876,0.8772207432664197,0.10126199111216405,0.29017731730713936,0.3928873833754568,1
0.45693573376665286,0.8552603137374516,0.5447022735662858,0.4218242093679939,0.7657093230646619,0.3782103166718723,0.004685985618199551,0.9141125921113342,0.29498526585913576,0.5212400114700705,1
0.10484310704061262,0.9991759784263957,0.46182718842401815,0.9487896883735791,0.6346059955033932,0.20473771046669853,0.5354132121219664,0.8181352811665347,0.9190461136371872,0.409594743164148,0
0.1353689170659702,0.9801292137354106,0.00827256041808988,0.1427099219456791,0.41969842619099185,0.42222067813814357,0.9336269263715674,0.5091101294186896,0.1024485920615279,0.6337600071665872,1
0.9265650065363029,0.5753444687408316,0.5751327037609203,0.04490360184303732,0.49529710711637087,0.2601277283964494,0.7561714638811617,0.9174427290206821,0.8602670625359726,0.6266961765675994,1
0.6136660911824369,0.45434474770173994,0.26962242179489704,0.3199010547578245,0.9609163280621543,0.11188582968472405,0.7069118636632672,0.8311581524568248,0.7669192353535538,0.537637574587886,1
0.9678352283300328,0.8060440983831568,0.9598555383082528,0.9851193064437668,0.7888361819510037,0.7575589596014279,0.8391437219984859,0.8207609301134132,0.7756596633854753,0.7656666102185837,0
0.4934176668937983,0.5483767127237713,0.4431874651603368,0.7474128928716796,0.9618005790708161,0.2224446962199963,0.2340364248637039,0.40470297846171766,0.7609809374429012,0.44950712482574995,0
0.9515139114045099,0.19300138587244653,0.8259046572217016,0.8733476580614681,0.969324626201332,0.18628970939629597,0.12771629092021286,0.13324026278168566,0.2645073740744911,0.16685874737716044,1
0.6112131031963989,0.7241611752835874,0.3560994822547603,0.46182528983019666,0.007322805140397959,0.7579619160257166,0.06628475352883534,0.05659710397777029,0.6901412792112522,0.6894670470920587,0
0.8401886936339609,0.6432465469485771,0.05949723438459742,0.4827211850478276,0.6161256381091951,0.09879068251514056,0.6342917824059495,0.1444428573861597,0.7506528517383921,0.5439861413249225,1
0.8655501524604993,0.5743362561380404,0.20468609916666325,0.17745606879289677,0.07812862092149087,0.49600891651199686,0.2985473110783914,0.1441530748123092,0.2896126062720178,0.2650147291450331,0
0.051617697145387775,0.19241890538840556,0.3825719097691809,0.4316211573721227,0.6875422699859924,0.21511223204628016,0.4748911411464155,0.1493092890542398,0.39935629404076045,0.6944585714697668,0
0.23644569807442817,0.893262511511055,0.41410457880379037,0.13554195366858268,0.5712412399082702,0.196593876252101,0.9584361802317303,0.5833923893509602,0.009976396999986092,0.4648463388964241,1
0.9656968490207513,0.02599686234094245,0.4613948704018286,0.6153359373024041,0.08947523824502934,0.7526352389059391,0.03460728864631424,0.45147100218881053,0.16024770657363674,0.10915707948948328,0
0.4956142614970732,0.18563786983452957,0.02495172473985674,0.8236274216613607,0.31621335350080404,0.9220493265237303,0.7734739801237563,0.7434815124236991,0.7923471786966522,0.9987936131356504,0
0.25683532138461806,0.24487840687529971,0.05379357921518668,0.9783707718901317,0.8250525610564864,0.7595762707407353,0.29313576114795015,0.7865184763869163,0.9023914719502972,0.18366712600399482,0
0.7553288123181623,0.1419160735186178,0.7325683825750826,0.9365192179703634,0.7304253653959755,0.5833410417407541,0.30509090976348374,0.823292839870435,0.797836302537993,0.47446034761743194,0
0.0943733768511511,0.92294925548546,0.47032475776206917,0.07890280821580942,0.4656186893781862,0.8183411829181607,0.7202000957518172,0.024106442708606513,0.9706745868707242,0.13393652640542675,1
0.10576869626567231,0.5749724631563934,0.11044010758153444,0.9550826246301892,0.537024070184247,0.9221873495101456,0.09091879554636417,0.8054231958826411,0.5404926008048818,0.4046034141880849,0
0.4279598801669754,0.8788081773243912,0.9806647488005096,0.6744645120300428,0.1269017101369344,0.4636089681041924,0.9991272692291991,0.9078546018128962,0.5001998880916751,0.26923427963228186,1
0.9767206874829166,0.10953545996462599,0.03252900012355808,0.29157592072867766,0.8463707757536603,0.13062949542517976,0.4371832184551323,0.04361209310853409,0.4036639226323411,0.736977053628114,0
0.7303622560599985,0.1278575497389266,0.19738049645292044,0.326035357860084,0.23046122698934735,0.5403324385659062,0.5098615097779502,0.2704190198261094,0.9445489119781846,0.03907269615061337,0
0.7144158993339759,0.009728343547676044,0.065918065591686,0.16649970560745786,0.7434803152594924,0.49166797612845314,0.9388004224191876,0.14838439871534648,0.01454481750189962,0.9026623765293768,0
0.24866682137012064,0.29169080960584226,0.7143172621284718,0.403306122522332,0.23927269573318732,0.11122989365597391,0.0048292503011128085,0.5161579737148603,0.5717372877010549,0.7781449226150522,0
0.8503947264875864,0.3844830957630083,0.7529685701532849,0.6277755957265803,0.8203999790183972,0.1388637176566644,0.4944721177335196,0.933818805640536,0.7421645584081797,0.5819722687695482,1
0.5417770206567399,0.7330552588167667,0.300201569075336,0.9889919746119172,0.9509548774525559,0.9428027484906452,0.8666007810066713,0.5476131694410548,0.48002890497427386,0.25801322153589035,1
0.6842969225281333,0.2490411731195601,0.11874069936810894,0.0967810729370453,0.8350326437079796,0.9530922580187708,0.0824819350955569,0.0961212927355719,0.8823804712680202,0.318340764138601,1
0.9628527522448886,0.3090459194040389,0.9727784024042718,0.1891125711494831,0.2597742364177097,0.8478644241745077,0.012038291010361801,0.36301883461664086,0.32394193681060623,0.239173511249826,1
0.5820046655131188,0.7040536349515485,0.8632301867337672,0.43194243640912133,0.14826984492029271,0.05366851460554101,0.05856018923622697,0.1379481797441583,0.8812345761355938,0.7210177333357332,0
0.6526182608492092,0.5133389267827447,0.5964635083261317,0.7670579127146747,0.968145981439416,0.14929181308278738,0.8906829162767681,0.1407384129887871,0.5308784495789604,0.5007971144262148,1
0.6371734810690508,0.19265339085151123,0.31157303720540863,0.9510349700641044,0.22226918000311258,0.9957457740190163,0.0173968449862395,0.2946592426835739,0.15947036161836192,0.09470124537118041,0
0.9382681106734521,0.628341787879835,0.7863017814721663,0.9745528349829016,0.3459515688155652,0.017898919335489594,0.6655586277416167,0.8922542586742546,0.11442226084597062,0.031707145726921016,0
0.5615576002173345,0.5223715912053306,0.4582812345524573,0.029624716115974392,0.7234062841458521,0.7456376098645877,0.1757810354270326,0.9836091913586819,0.1271522683486216,0.7350080981120853,1
0.5323516034732023,0.37426126011854666,0.4977584908562044,0.4293832215311094,0.7514300966642968,0.2243883606472632,0.8148967308692922,0.8912054876276341,0.9134464038428194,0.7539194022010922,1
0.439806002519741,0.9875757487026081,0.8521302315146706,0.2998457579524766,0.8252174255728191,0.025153213047019563,0.6220392293342395,0.3328962939724164,0.006843577071658835,0.49922058522089185,1
0.23487844578714911,0.5583342683397421,0.4218557483186882,0.49116903542856205,0.4098323101904843,0.16907692822204445,0.9402012550670676,0.7568622984108089,0.7494532516553174,0.12621760238744428,0
0.7035923734995709,0.387426852695252,0.35108239152939846,0.6987899749217307,0.4001893621139492,0.15264275562707874,0.13002201375411404,0.9835650777562588,0.9563926676407293,0.6214011600563009,0
0.6235453135777399,0.47330498298318324,0.8298693305292695,0.6623914626214182,0.578181095869016,0.6391119450903944,0.36160562198642443,0.0364994288443099,0.974967225884269,0.10885310028699324,1
0.8640944158425571,0.8116950259318567,0.3075995300236908,0.30723856185420007,0.419276139726528,0.7389207016967239,0.3784036975181382,0.15236037930454516,0.11046284549546159,0.08688064915149218,1
0.5748320503954195,0.17206753803187536,0.9698965579246686,0.6599248103123633,0.2764122769313294,0.2830549079389727,0.818360329329531,0.7664149338284492,0.10107534878388502,0.7102574528191917,0
0.668690103508789,0.23350172718407958,0.2253473053676126,0.6771682172027181,0.7889550200663522,0.5004427945198976,0.8640000783107444,0.8062915517298139,0.7240156536159879,0.5282350891591399,1
0.018286543692027646,0.8467422433073787,0.8165586747285463,0.9929633069317221,0.18174483694961685,0.1609978662071938,0.8781626550187912,0.31100208458359024,0.6565115209650387,0.2789658910204599,0
0.7439741786648469,0.5278925852766927,0.004191285549071666,0.9459680858233381,0.4966712604632796,0.10048011476941376,0.7299807864566149,0.87229505557743,0.3850505579476906,0.987454288143323,0
0.6228976443737061,0.9124191325751421,0.04949864804880244,0.08946544533660805,0.27602247917975276,0.9383583963901276,0.20985660178820797,0.9189835856615511,0.47484387318262,0.11677644581125568,1
0.4149408790885446,0.7806742843182013,0.1049622884737409,0.6303409543459891,0.38795375737626914,0.9273128521113699,0.7605596183813722,0.9399067487923691,0.6837429085022881,0.6168390138281084,1
0.6361325417955169,0.8214756065896414,0.32865675439935693,0.36465857864368334,0.00942558518563441,0.12048032937229658,0.20603302835080328,0.4375495116466739,0.22345687700582395,0.5301091385308538,0
0.5225862394621772,0.0034631153320807684,0.13760182097099438,0.46798200606364226,0.7604527924674607,0.7150588723026037,0.4679482587572269,0.9454934106432032,0.10578362216615655,0.027490374092197456,0
0.6768461063185475,0.8791152667862778,0.5880786451231186,0.9878441347494519,0.25131421149612787,0.4904100058592403,0.12061446559037137,0.19796548400196923,0.33884800104425294,0.22668503254889227,0
0.5470298827806439,0.6737364137380929,0.7163180302757097,0.36633640367074405,0.35189798821152807,0.8671315831711932,0.5005012976488309,0.014730477107438689,0.6513318438596514,0.6691296761343373,1
0.824240506600899,0.3907030715426817,0.03805143974231184,0.9933141945634169,0.602464822447968,0.7634183569433293,0.5514860328466562,0.8469159339062341,0.2595815986276476,0.6663817947518811,1
0.24590781761753688,0.8497044666300918,0.9143906826639021,0.3646771214677501,0.7485678116947638,0.8774718787023567,0.14203755624177072,0.3218540627875828,0.7357998796957737,0.8387295634044132,1
0.36397867684379703,0.979225128449626,0.9549911678833524,0.6487777346572409,0.7668437529953394,0.8927880360317965,0.15654074610821378,0.8485346228769518,0.7028162758652686,0.6948381447233724,1
0.22039064782548756,0.010218898217586925,0.9128747217888901,0.738590206392753,0.6006870181066462,0.809489563663261,0.8140474261005988,0.31639282299691174,0.22863315825798147,0.14736010209421813,0
0.3881347529462418,0.2908016473373761,0.7129151358767444,0.24506803029096413,0.6677466025034782,0.9357181311731374,0.8625017652660224,0.2326725446422263,0.5499506152474524,0.09347239884093594,1
0.9936250981350846,0.49058397490951666,0.8202628926067412,0.585207803452298,0.42448628586175086,0.95915620865136,0.3200572987829048,0.24678190463639438,0.33696003497355886,0.744459999836373,1
0.807180003065471,0.13398640777327275,0.5922753317066729,0.7650768575279953,0.49775053938247005,0.09846237556164084,0.3622805868059198,0.15476447624251644,0.8540819282746931,0.6394918117345455,0
0.7867678872698454,0.4351316821454344,0.7381457749201046,0.9907752601043263,0.7717018744363159,0.42285150120529613,0.46257598302188374,0.1413464250913148,0.3581030448128123,0.4415429465602757,0
0.7546986986125909,0.480684343960573,0.9949079278202156,0.7526384832701097,0.48115443933441837,0.7226600949555742,0.21651303095894026,0.48667598007656754,0.30689562096223333,0.22827091462967009,0
0.32431762446223067,0.4590187495329897,0.1810678942749101,0.049810537412745104,0.5626224888321631,0.33233078762561197,0.7705778163056134,0.39442723754980547,0.5280773073645431,0.9812651734612924,1
0.25067167085488695,0.010285596887167903,0.6527026511160134,0.3772469511866021,0.20687442380053422,0.4782347973107949,0.06759779795756027,0.834834841686538,0.20652723269968576,0.3382573068756298,0
0.21788810858962293,0.529013823205511,0.7220355607863492,0.8358955940245351,0.6073814634391532,0.40643697154462954,0.671821927235146,0.030209547261380365,0.26324624208370195,0.9185225437292942,0
0.7774207758554595,0.2597082406731429,0.34685313543831386,0.025399347300113395,0.5248263027041423,0.8342438832222232,0.7720028545319307,0.4742653682829051,0.5777105049648884,0.7422037056372165,1
0.19185205311932751,0.6562376226325828,0.32166903027515026,0.45023184312710907,0.7367453833944348,0.5001916259182896,0.881835881347756,0.49981145345181177,0.3390009279866658,0.25469105063963837,1
0.14716257784573894,0.18092767504496032,0.2100578908645614,0.4024412017284271,0.8372933501767956,0.455441666607877,0.20624204859333017,0.05963630010311716,0.1760637177187293,0.9436929422875117,0
0.4900957526708123,0.6067472854308188,0.9687120057032987,0.10660795437495696,0.16438167584841068,0.779437812376976,0.15761462313523944,0.8830408792435774,0.3719489135892692,0.2889501174405579,1
0.4248312335860275,0.5785848424424501,0.20733034301187192,0.8564778924470514,0.17917119106039736,0.029587975878184736,0.18018284251449523,0.4132086708761885,0.9610811023708205,0.5686388969027507,0
0.8288252582954776,0.060550022291413486,0.5463671835159755,0.8683515345413451,0.45057694960052597,0.8835380739499565,0.7594732122073083,0.9215911493900242,0.8062234297230257,0.08038506954954638,0
0.2912052987761983,0.19828450835256706,0.1847496510540606,0.8351307321998328,0.1835398096874742,0.9168203419421834,0.3767351178644007,0.22387675831326492,0.11313246088493978,0.808339912001562,0
0.2222924005829,0.5628216418065973,0.7414329379625508,0.7562320823194686,0.3250963930793819,0.060865574749363605,0.8809764038756046,0.6157822290698258,0.612748167050061,0.9866406809541709,0
0.9913064819433587,0.49325628712909186,0.5409181405691726,0.08700663715649626,0.8948076782568687,0.11787294463996922,0.3876166956291248,0.34806167820257994,0.04775800033260236,0.9749402088851041,1
0.33112768697785433,0.17164547334326263,0.8630126354560587,0.5529647666552757,0.30372239914460264,0.9772304907844139,0.5881121046040354,0.2647749902563443,0.7489185677960649,0.5863841278376783,1
0.7481836862501628,0.9937173080696756,0.7535373524783795,0.8464875286149779,0.02170039839778959,0.04459485073119618,0.010229562708044981,0.7148684108433578,0.10328273896161266,0.9598305288136352,0
0.9444964773900291,0.8821167112428551,0.23819660857093716,0.032574432190454194,0.25904806362251853,0.5724223175188135,0.03459478605375865,0.2251705540221387,0.8987522583967257,0.34849590776203876,1
0.8095874963271583,0.9058681998549105,0.8053606549753602,0.3440524626784548,0.973425440932658,0.11352210207426372,0.8847362378938899,0.2262420877017869,0.33764462384343075,0.3285607978419559,1
0.5602621382835287,0.6951426027966123,0.20815124827460663,0.19364104237446933,0.7757648396909479,0.19274810608585946,0.1622012056003752,0.8498018849364651,0.39411424785209015,0.163211379886385,1
0.645109476376261,0.12244884763900632,0.8316532892429684,0.7886601408531202,0.7526585852371367,0.09046586723396399,0.8797038240714932,0.05753220948823545,0.7800757462780159,0.751356844592424,1
0.24272686218456063,0.4964129731169976,0.1980879163388457,0.4811221171899567,0.3089900060593943,0.3716952597935139,0.16005311210130546,0.906414441875275,0.3839307813514198,0.5952975584184673,0
0.09778891195324702,0.13243908569821317,0.3955232161755752,0.07601352559768126,0.2290800072243404,0.4816175801484066,0.2321191334914201,0.40078227317414306,0.9441541166868224,0.8549709018378753,0
0.10288561804070395,0.9057062427838669,0.701219521652198,0.8903562323809476,0.4257234418426865,0.44856887168177617,0.7664525451404499,0.026449702713709056,0.5710818960747979,0.15833919241908756,1
0.7051505379817986,0.06279459859306269,0.6910832392444588,0.8600598449398942,0.3546257317806265,0.3177950538254316,0.27090577937575966,0.7197953445605415,0.1395740143982135,0.5818866911519114,0
0.46099548516952427,0.1396575589547181,0.4661377638985561,0.9738247553024426,0.37436173627096514,0.7412489969382008,0.8599695424086771,0.15332542338034383,0.09342431650845984,0.5452561917622908,0
0.5907007618273249,0.735953770039014,0.9691271707968686,0.30251111665115327,0.5427315420143494,0.4926381710279535,0.43142205843857895,0.6340473546251938,0.8295148132337712,0.19827426941426407,1
0.3579684411928584,0.6175112198498549,0.05715979759342338,0.34029330661348955,0.7164116467751689,0.6655121690767714,0.9600350069499834,0.27493711603678794,0.8834204116446176,0.3335435363392517,1
0.9726605249556715,0.32063901200496203,0.43724311672599203,0.7937347104983474,0.13497568223275824,0.7885361103110096,0.017989462164462067,0.5079153795996717,0.39789858074676254,0.12532929076598687,0
0.7371138213070643,0.0801530985961526,0.5856022342427828,0.16877300706095355,0.1590239791021757,0.1835669045863776,0.3503630608962688,0.7549819879702444,0.533283637340002,0.35266875273984744,0
0.5524706349610474,0.18870294532911758,0.7604790423210861,0.8808118863424665,0.646119080578628,0.09063967206389933,0.945763998996668,0.7929189217278751,0.24568387807948977,0.27352696722142034,0
0.39441899337053987,0.8314752779425982,0.4433840218168307,0.13437887586585684,0.3985019177216792,0.2622762018334923,0.8310441515732937,0.34269114455603966,0.8391434628711298,0.9628730534070167,1
0.23159932057949328,0.07487117536293153,0.7373238337059185,0.08440219294220819,0.2196060213864618,0.37073553922038915,0.20079219742673116,0.6191869540336472,0.1344687801623501,0.29787862924005026,0
0.9650905431901491,0.9317642340725407,0.1435661648318438,0.4858535353770541,0.03727186709918673,0.39997425139685416,0.40023327701462263,0.923468878009076,0.748362298443804,0.8309534552733818,1
0.939392949297939,0.010323368122617582,0.5724429065403671,0.228269170694268,0.1734641507259398,0.27137690353139676,0.09013171825329125,0.826162356329044,0.6590347822503233,0.8573896901527895,0
0.9368565961164549,0.617218161068672,0.28311428958588314,0.09315348390488021,0.4352728299772015,0.13721689536192438,0.20004963662785424,0.09914177946067904,0.3489660492243005,0.8999281884515833,1
0.5233588990719038,0.4766087900923337,0.4202232650987475,0.9185864161852886,0.0316460760086017,0.8586530588011929,0.20842823974817326,0.2510078594416765,0.2923174886409994,0.6236756889125559,0
0.5115970563179181,0.44138029977509985,0.9980054057131905,0.8358934435712613,0.4944142596402954,0.6154957828270787,0.18878563621964695,0.29977973325053764,0.1827521178213981,0.8822048095516867,0
0.21902429512641008,0.3453504549592781,0.7809047947469436,0.7961305692521529,0.5009831624024713,0.38872117975800846,0.25552842355247773,0.5702726078097186,0.9974332303611954,0.1655077961007908,0
0.5594119099365172,0.04146243841107167,0.6882144098550862,0.17295660225942722,0.5157176959058153,0.733942208484544,0.2662204136194234,0.6528369561738366,0.9792528521811841,0.003212903407365908,1
0.17438107797034264,0.3908148313024118,0.2785271274630414,0.3212870864587267,0.5899663761511883,0.016003443563200936,0.7980831640400095,0.5815510509983638,0.22037450579520745,0.5336305206839187,0
0.2936000169972254,0.45561069626501816,0.956185049612293,0.5225502868140044,0.27580736735670763,0.4570364285352031,0.3961792940478134,0.3751764825161873,0.5422322061094778,0.4513722646477918,1
0.6794365933301978,0.3876994457469758,0.23384005132416008,0.5534526923642776,0.8091351978579834,0.9646756856303551,0.06714356219577033,0.6591215677330987,0.8822680465430529,0.08712792038520578,0
0.9245028100593236,0.16693716180968776,0.8431232952326279,0.011092974074713546,0.5170231931512462,0.33452150256193947,0.6975043077351304,0.6498120787833455,0.8376279291667001,0.3850587458940883,1
0.22789361853814039,0.24797865334307423,0.26700906392072765,0.42480577969655486,0.5091960522953206,0.2112740280259383,0.396358046554379,0.6446121144297093,0.6658719048722859,0.0222531692491722,0
0.1834100218164153,0.410312614499424,0.8576216807616865,0.9112245557802622,0.6423730796665644,0.7761015227532555,0.6143083648096374,0.7710973584048505,0.45212196192208853,0.6470427252878748,0
0.47072819435171687,0.20524619946361422,0.4147100389327878,0.30467992782397046,0.8132064802137013,0.696375582479218,0.6935995118164817,0.868457964418957,0.503715029030583,0.48157786568560756,1
0.670745675539975,0.3026833129748828,0.1380503486022272,0.8284358242001253,0.6944693137363439,0.05868270443649393,0.6479116965565651,0.5610344292416233,0.7649942390632539,0.7648423319887332,0
0.06119224997264594,0.06972813905938813,0.7630060178254492,0.5778804341773134,0.9621573215437385,0.8963135397408891,0.014830034036685258,0.19165785568584037,0.809584502728407,0.5813543213703584,0
0.15973825373156414,0.11999803455063907,0.15391845568030738,0.7024279260848325,0.9657755038408136,0.7694643900101894,0.7726150140485377,0.23338041800000187,0.09043702079013838,0.7375377335728713,0
0.2919367265532543,0.0302070245612176,0.717963298376322,0.59135840487154,0.6869632449275304,0.6648684981049411,0.9724761462530239,0.08709803726205079,0.7710827159688273,0.9576412761720637,1
0.6104957906782237,0.4185467917445388,0.026784054889409936,0.3803813576609969,0.17963222461573325,0.6169302265344454,0.8195260281757133,0.4391892044980147,0.001991759001198523,0.2584635466056626,0
0.27793606861448994,0.7863496932786528,0.8117230613105259,0.6973747323952472,0.7828100016084705,0.6937378322951088,0.822026042196012,0.07534468521109527,0.7246791835038154,0.11164604436073655,1
0.22179399935752764,0.1138977806548761,0.8830281916648137,0.5277039377383765,0.8636974450618419,0.7586234726230232,0.921138577549197,0.10295614883015802,0.6504913855412161,0.2525977483576859,1
0.001472698149928009,0.9394823867735884,0.7747106704591314,0.11443764325942085,0.054399214214948866,0.5990770681003222,0.15607592025597605,0.6308107621844397,0.042531285034615784,0.8798355016702718,1
0.06558999012605538,0.15933402927302687,0.15022264069834446,0.16560440212963723,0.9458691806690327,0.5502677870828899,0.6512819891431836,0.7703942157028796,0.8329235784645929,0.8424473071588376,0
0.5794536245311858,0.33887906336344376,0.5649468986976944,0.6415859360012848,0.4669266762684723,0.27561008251322294,0.07526196851542866,0.539836898462342,0.42298234952285296,0.5923363170431775,0
0.3919131244155146,0.015555989425400707,0.03309361286747281,0.13346888006234103,0.016743080616799966,0.6249004387859023,0.45628947806968223,0.6356026288674024,0.8044646618904937,0.9942653992982974,0
0.3814851912126993,0.6509607373467119,0.6419250238916409,0.334007881569265,0.5219206711684674,0.8213202571499716,0.4845529712735881,0.0058696797581239135,0.1786427051644922,0.7357847001133759,1
0.4078218534340765,0.018567357849827992,0.09002477630069805,0.9260335576251901,0.9568244160922534,0.45852934840494286,0.24864401674982106,0.18263961040466792,0.9094726835657665,0.5698762122642187,0
0.0007691616703506821,0.9182908069656369,0.2936439755729068,0.3754326277840515,0.13295761379943527,0.7648551157966053,0.6897057913865051,0.042028638362367254,0.3548598082535407,0.6984012034840753,0
0.9416304176925223,0.67966967088184,0.9708972963919607,0.8737039595850393,0.8270690493411301,0.2719772669702779,0.8771810971115636,0.5100207965581443,0.14687019675118052,0.3522781720331184,1
0.41111387425862367,0.9990627333341949,0.9607302108941459,0.23082108369385845,0.03844037190943572,0.403232155790904,0.4635927126133368,0.7754628332326516,0.9701560030053525,0.40775262775796506,1
0.8874653254939401,0.9050794629318981,0.1348884459472799,0.05049771779265888,0.25657229264076986,0.6048321986528847,0.3869515894690073,0.16578556568358838,0.41072896542903437,0.619882599479041,0
0.1769207134034022,0.8925403233226584,0.37695534236932404,0.9852667271346489,0.9086811385280454,0.9479830309809589,0.6573042856240343,0.15431993147721657,0.9148131514879834,0.6032024755412752,1
0.39981724736077995,0.5147678812145539,0.7101155630903856,0.4509398088672387,0.18729105869061446,0.9163645340575944,0.43382833907274376,0.30110787690742347,0.24705905657117766,0.5251918671478821,1
0.20014206769408682,0.5278801973613774,0.18959939461982434,0.7644358172974778,0.08463779207138633,0.9910421231840157,0.40245093412580735,0.029330961439155145,0.8968048175163457,0.28959286434569087,0
0.7469929601542283,0.06733877924519793,0.792409444637296,0.7411912355725709,0.6613349782439236,0.8529070692789235,0.8707151955682356,0.731089189170179,0.5640229960584414,0.21772715673237286,1
0.5435640474414625,0.1323952602831424,0.5914367259509679,0.5401461901871766,0.6444273764433338,0.8328232517194883,0.38374443573596084,0.15976889984520393,0.785904308163593,0.9398216508127358,0
0.182651454460116,0.3368336173269959,0.23212750279143624,0.5702277044392232,0.48447926337514957,0.42662614902933793,0.6086312081099257,0.8003996096723146,0.6223852555697948,0.26101877956613384,0
0.9212169868706253,0.9789969534907816,0.03395522869404399,0.9877373714544363,0.37002156974597444,0.5339481095351918,0.8793467507087726,0.08517506326629265,0.6588817563987921,0.24600489905437484,0
0.9781707486532024,0.1529351976342176,0.7644812811288042,0.9153519252876917,0.641955285993102,0.7712440214334404,0.8495741102593035,0.006727563661486524,0.24790881421717015,0.9393765129696847,1
0.6604761527379811,0.31574854143276976,0.4047041915128613,0.012732729701919854,0.49620063968145833,0.49586808082796097,0.642363586795019,0.07327458632237493,0.9905793441137791,0.3496118565060934,1
0.3335259395340531,0.6220137383357498,0.8358251048909772,0.5976202318238727,0.0709826543240718,0.1982759573730558,0.4842792465789335,0.20996719941215103,0.0403147801002659,0.29826998510779734,0
8.542671599032214e-05,0.2709336094065181,0.43125191350037373,0.4439314585163623,0.9587689975987754,0.41598280419410294,0.12867079507162316,0.2254926585794481,0.9864450772530504,0.9230049846223043,0
0.7864275982321575,0.6298749374904932,0.9774570459046821,0.6880611595314974,0.8533321081194934,0.9749882396852965,0.08982842030615545,0.6950765195406398,0.9610136125788833,0.1664587025633304,1
0.813943051348437,0.5583443924396176,0.35401773831906524,0.0014556224965538433,0.3463167290732937,0.7419876164127418,0.7289197574303008,0.8077605001288368,0.3209609456002528,0.8351678136877099,1
0.9218255013106142,0.04689100866476037,0.49189693347557006,0.47279488297323014,0.05057842496824594,0.011307914464415592,0.2458299539406651,0.828874608882959,0.012601462876979164,0.3114823797265679,0
0.7884621077168231,0.5459316980064758,0.178211071203909,0.8042719031842622,0.024133642621134377,0.20900611272876224,0.38261895920080125,0.7689454418444531,0.7671801741404208,0.7384156192197274,1
0.6283420322246988,0.6933731641154225,0.02104175582581358,0.4448160419924423,0.5404848978850809,0.15155176365183398,0.32169594733005635,0.6080804966227301,0.3379461399506257,0.97082614080083,0
0.7208329619282757,0.13215115070408234,0.05549377152726487,0.1898734689124032,0.9854536314936186,0.2999810521576337,0.8500042037715392,0.5031375505617488,0.5072287760675155,0.053421763793283006,1
0.9688212427687654,0.5965808642520576,0.041026271723567986,0.6794988789829516,0.1174844697079449,0.6992915169532123,0.09265642271080154,0.8390956798410847,0.8223247356173071,0.6292014784047447,0
0.38979762329587575,0.10025997531599184,0.3352857644640942,0.27567705179411783,0.33850335747657123,0.04704569535635572,0.1630093738462216,0.39934069842821973,0.1864707220952182,0.11930487387953981,0
0.1467400567091216,0.31353944708325177,0.6006196953727589,0.4703837385633629,0.007010426193839181,0.4774070527551544,0.2726368186128024,0.711168134797483,0.2962658813614226,0.726409500079035,0
0.8954000040641897,0.0799282598778086,0.7507150252425926,0.2892754554033391,0.7458978449808712,0.8228742675303413,0.5722949381095057,0.729194665282077,0.5765790885113128,0.4212245484918298,1
0.7031230088989744,0.5762180192465105,0.9228490889279248,0.3633020835525479,0.9762230367482411,0.1378678958791516,0.3843673026090296,0.7398631314532501,0.3012068645391157,0.12973987589754377,1
0.3306441003689643,0.8126008812474741,0.3933707269765737,0.04152995643188517,0.395809741606608,0.4339727150591838,0.008363681815300672,0.04401679433335137,0.7309340352632241,0.88709942729079,1
0.8595811070230275,0.5866416621491441,0.5923651912679196,0.9884366181858539,0.0587022588066316,0.7407799306307553,0.6390945392013526,0.14316239479807358,0.13525561260659602,0.6083100457660281,0
0.5974558097620911,0.23126521600386585,0.11211390476284988,0.6492672624020265,0.1866729331700191,0.39242315323397536,0.04953898953855762,0.7166078279424172,0.43038299711792105,0.13304794477701343,0
0.8113202547531897,0.9814824434382058,0.590535848973835,0.1370621997404452,0.3190227693753688,0.747166615402973,0.9626443058622993,0.28151588658605353,0.2853132927844588,0.32937766779310296,1
0.347860773125667,0.35039098210180186,0.21136137309218583,0.8863150241894099,0.8452682441695789,0.7620890612167962,0.3981369136300005,0.4061444338925202,0.8669558254470973,0.5971179663702991,0
0.01207161124597289,0.9695074693234089,0.4083888016831049,0.8108600707352092,0.840356455292849,0.3095969225597438,0.42305719130101316,0.4476449490374699,0.29633269048414923,0.8636927428867442,0
0.06288782779851909,0.5039678764728153,0.027173139683948855,0.3744588267422678,0.19904777914952676,0.004368030040350135,0.4412190782308538,0.6793907413321413,0.6348083835179187,0.09016613232463921,0
0.12894854828151114,0.25566005931960134,0.07505331344298138,0.245294955303748,0.32639725735478653,0.44233763640498835,0.2653482858584404,0.7096551908208144,0.96862916845243,0.7319229226212017,0
0.05441423743455032,0.722681928129755,0.12310824224851658,0.9335758293817916,0.0799519178157394,0.6429857830137452,0.5247128429802135,0.5755787829422734,0.3978596287572922,0.9644238259166056,0
0.553728977106895,0.19480828852286036,0.32226913953932423,0.6072732172526132,0.2638431536197756,0.6705526453224283,0.46000606861701654,0.5469386201712905,0.006915572093839306,0.686664778506066,0
0.7310365668587548,0.5420608838301838,0.24436065446986766,0.005979171437849762,0.6423890374620377,0.5636619492293043,0.163942404281597,0.603469992875164,0.4324866495197185,0.24189550591270526,1
0.13326142139981167,0.5655224099627992,0.8606109798317589,0.28909582092669805,0.039918126061881276,0.8685771790196821,0.9215593794984475,0.32216001480872225,0.7630865660597802,0.8154771506397656,1
0.16533790111017266,0.47339776097570496,0.2367570893611718,0.9330520459198103,0.15945365446682547,0.7209300513186863,0.867466191486625,0.6517055641166222,0.04673409563795239,0.23829847340293608,0
0.22795319379229373,0.7983762485920427,0.5162656924046598,0.29333508117720564,0.2124178183192562,0.2969224340814651,0.6598429089084424,0.6046499579473558,0.525271238009265,0.8894579902895383,0
0.6900435562588014,0.1268377296380635,0.38900402231200737,0.9148387456385857,0.4425655702025253,0.4364175093799383,0.6897261858683215,0.6223357325005534,0.20173950903947746,0.9593983011032434,0
0.15472546357143702,0.7734568175551896,0.43249596650075317,0.6254168132298167,0.779082619775443,0.9136109585186912,0.49276313520521153,0.4674394165490726,0.21834392997437735,0.9392334451931136,1
0.7301132565598373,0.028277150731631284,0.8026550072651344,0.003449009413535653,0.5585116919987367,0.05235994784563924,0.3784521430549804,0.0345532025028622,0.6143626743047829,0.1694657178514073,1
0.791085404962744,0.297511173247729,0.053645745905313014,0.8978068567518814,0.2702486367412107,0.6753975052237791,0.8685421528989734,0.47324283258245303,0.7586107653887859,0.5063395512625908,0
0.15990103046442117,0.8427696305514113,0.24511026372453937,0.4048379673876633,0.8048502542701114,0.6623597367265216,0.35683017696658326,0.8469495161910376,0.8095726143109555,0.4035399994480473,1
0.5950126088090331,0.6456888734266008,0.20886577743654833,0.5227186227240525,0.21758934096202387,0.5870745904667884,0.7700746548975475,0.6793911344141159,0.7485616100901022,0.8386428545540827,0
0.4272493275581426,0.5892773102230788,0.6202208540495042,0.3149940655668646,0.3135826961264464,0.8667754104889605,0.5972153894767184,0.8004356970029983,0.20753714548738633,0.8235460550855541,1
0.8931882931367011,0.10142926969202082,0.1008443024527167,0.7186010371748555,0.5857238300434406,0.9345603650847084,0.5336674511848507,0.6509165173368888,0.6605328907595868,0.9102295048857435,0
0.18245249751996984,0.45043002394540144,0.7413125090227409,0.9877102443516721,0.875677676225819,0.1374706693710317,0.19310855728850085,0.5915783790660579,0.5310545392572805,0.9154202141179575,0
0.4610951523968818,0.5040157191163546,0.4916951735631673,0.8472447433575377,0.7743512429385406,0.5263554985921368,0.9089934301763102,0.1287678644435818,0.4502512255747585,0.6429600234779433,1
0.04947589624240745,0.6975284597056729,0.9874496290928668,0.19992851240864296,0.7233366463737028,0.5755345496716634,0.37007788122306795,0.30594734450830985,0.7475934027101236,0.5749544024427115,1
0.686698529450765,0.623532140771594,0.5673690123486843,0.7967797621102674,0.19279774936731198,0.6782707537828134,0.24144187548060125,0.003707303526371941,0.6208954889929298,0.9183287579176874,0
0.4171808368241341,0.38419108391386325,0.1324084699705914,0.09895645393948749,0.3226515230262922,0.9008683660526268,0.732454899323125,0.6843838207912998,0.40635203533681663,0.2777830535959003,1
0.493532459080704,0.09987610571979011,0.9660627035211614,0.25476570032730905,0.4309533929422287,0.005720868757729147,0.05230311592232295,0.5237748954177709,0.3375784868077897,0.7868964955903215,0
0.35290022384639075,0.3250961088129235,0.15390624981466738,0.8917741124085173,0.8615748532305403,0.2600121056192449,0.7698402293942284,0.5887284175427432,0.4723094324242574,0.2961061001191905,0
0.0169885643762252,0.775531502316752,0.8364973986020491,0.8205822368707655,0.8672629746936005,0.7301897634828312,0.4526352958372224,0.9583314824488044,0.4082092582731386,0.04558186890108051,1
0.17335847053842357,0.7973136133975275,0.3327845464000255,0.04851134524164602,0.6114635224333739,0.5346741096924158,0.030396796637171986,0.6087133271758189,0.8726503124682382,0.7467075814989442,1
0.4756303921071935,0.4847909351289761,0.8446337351150522,0.8212691090652634,0.575856401604711,0.48697866599954265,0.8406996374781129,0.33663535855734816,0.1528565701487561,0.26872616342839506,1
0.20464395995391516,0.7535110098874122,0.3776408191903834,0.6913016028116865,0.29915512344134687,0.5094394234842261,0.9836697355967814,0.5730369040509169,0.49826536059543347,0.6391582858066321,0
0.04515738889840104,0.6578610910668301,0.4321963936171662,0.16858578262647284,0.6169912535769839,0.2702648501630043,0.6506736119979094,0.8087421942995,0.04429507852666659,0.23326828307991399,1
0.8415316855237213,0.017562236403255382,0.19120979938197147,0.3121789034721617,0.04086902161954098,0.09636903974057265,0.7441017809511609,0.6649878953385079,0.4711649886198547,0.532590392506021,0
0.425360722376511,0.2673048004018501,0.9090534127260433,0.5226808318617532,0.15896690786977552,0.0036935471062380376,0.521982235868384,0.7239087829674514,0.839099061536594,0.32000000615945345,0
0.15917350534120622,0.6467028391842028,0.21978309875961588,0.9710740438960509,0.4293629007870552,0.7368286672445016,0.3605945089651016,0.5486361934002032,0.7164315106176627,0.7567440068718111,0
0.443452568296118,0.6997938528842318,0.3839490816209846,0.18179330113101289,0.5903554872694345,0.6572032419339301,0.642241544386433,0.6813821575526279,0.371530466469174,0.981726011723009,1
0.14668141220773745,0.38148480522132433,0.3618138195701115,0.3398857382172824,0.31240926991641116,0.6228575449344468,0.5937198015747633,0.02340357701155682,0.42040847188123354,0.1527625488904607,0
0.5792715178949748,0.9806960236393241,0.8839034674410731,0.2279989903533931,0.6793096574211457,0.5732088614747972,0.035911565336804285,0.8125513925893308,0.7629102615899876,0.42841328171162607,1
0.5521892255586979,0.8099198078067261,0.984430733670504,0.5809249678474722,0.7032669429443038,0.0706013189786665,0.7910616803554447,0.42071926963627015,0.313960196926255,0.2025250464182229,1
0.4524330254565698,0.21013094084537698,0.5141883348398574,0.3527423633872384,0.06480196357075563,0.4941125035474312,0.05807813672591999,0.581030885148793,0.36959388486987166,0.9875662148633934,0
0.5117264348513921,0.4110249147218691,0.5251236261640052,0.8612445529964163,0.9594848231739862,0.6852478420658905,0.3985936796611067,0.15093767820146176,0.5936778217490621,0.6812587612030967,1
0.08821576496349293,0.8784939781373748,0.5468228094262502,0.15468630141316586,0.5670724335837415,0.7891116257013409,0.5229947465924576,0.3869665551732072,0.6556632651696949,0.762417943017866,1
0.38802397038987735,0.7604251194731125,0.9657240405380021,0.03664792979565512,0.11842169647719947,0.4546815945665269,0.13195517077629315,0.48104763611656254,0.14673456988841072,0.5548369448183367,1
0.8495373534907317,0.6613529421671343,0.6074719421723496,0.45412141771108083,0.046220170278924666,0.7138481163694175,0.044238719498538415,0.4908297980420562,0.46024166428321955,0.614183428986115,0
0.44609105596892307,0.8003660029682397,0.4422591867754282,0.7397350750979879,0.7659421575874723,0.8398643419548284,0.6582001663654888,0.8798524530084462,0.10015004368800373,0.32926959797936384,1
0.6437074549020391,0.5247976070526327,0.6178673103712804,0.6755018597630716,0.7391506971615827,0.5165782889265451,0.7109083445531725,0.2801566888645851,0.04471247875079232,0.3676444886763065,1
0.05140626170784757,0.9197462253388814,0.10240272993253718,0.15238438499129559,0.22682172788513366,0.6481765865778834,0.3227040831061584,0.04921956508198455,0.4005963469725411,0.9904801729617236,0
0.037474487593615935,0.6388701158606304,0.8783414428883157,0.4503342480801803,0.44640868557786073,0.053436814797746646,0.8824801455596359,0.23212076454467734,0.9735227324258771,0.8042965589313039,1
0.2934444548542776,0.9149794337248993,0.9896757619969735,0.819402774960929,0.42325843666217644,0.8562247784977626,0.9537788428229327,0.8144035266462635,0.06639365428690913,0.21792918397211825,1
0.3550672350994658,0.9449032880233188,0.36605148354922246,0.7064184763803817,0.16016696096524563,0.9100120418019653,0.669359960759447,0.6625463846264946,0.2335214250122054,0.5090439572446257,1
0.5592105863115844,0.9217666589112636,0.6618887953780574,0.6425329607999132,0.9959297688427978,0.22676865180312944,0.17505034282867538,0.09047023487027928,0.8545364364435167,0.7363880080941937,1
0.02396599163662061,0.46656376801715804,0.20730395093479081,0.2916369571887638,0.3843006554734635,0.4709427037016971,0.2546081199405804,0.1766859794196146,0.12233171869350157,0.7430104660405926,0
0.9233485902032837,0.6097593539573593,0.4246947844597847,0.44195345046324563,0.33667010823732557,0.9483045873162296,0.8975598451911272,0.07692256952539289,0.6644043705913673,0.40448949161577263,1
0.2998518931700075,0.2734574129257077,0.47951271672996854,0.6990504778128802,0.05857362378562536,0.5907987077172513,0.8172984314147583,0.2033956624120089,0.48685340442405123,0.4497484884247298,1
0.6644379171499752,0.9969207066399158,0.9710934326148211,0.770650535331948,0.028671799688844035,0.15156264919603146,0.9617431972380076,0.6344148989608949,0.9692444200279082,0.749101288836972,1
0.4156161202275125,0.4524198879277683,0.12311428487139331,0.7462548865195655,0.9899476797542562,0.41386293944349417,0.9525465002503956,0.0014956603910761812,0.9973818906653492,0.7466054886144124,1
0.12800593773752078,0.6800493724565831,0.9788483397676067,0.26866487125842686,0.5883830975310345,0.03961782956399407,0.8996443747622345,0.20875677261649084,0.4377181229885613,0.4233767207989598,1
0.6142681842458756,0.3273978318998212,0.6356647037299654,0.27607817809471835,0.40360539496166725,0.274347814126057,0.026901778703789403,0.1642045841462072,0.2453132329647545,0.8583468299393494,0
0.809003922171102,0.813556120191116,0.1100436713515629,0.38373010044047895,0.4896162580818526,0.12824068501301145,0.21818528373900326,0.5676116539877393,0.7822947930577253,0.35670418839949436,0
0.18270770077383214,0.6853091004391881,0.3756290961117137,0.880798647274883,0.8118928081742044,0.2986305624831911,0.044981196718855254,0.2163318911738249,0.8583149982150362,0.7928128087464434,0
0.7220063878504167,0.20828626924562066,0.9367911501362574,0.9685438593557937,0.7794875524084895,0.9253595969330222,0.2558179860934975,0.54932649731137,0.4811111401072281,0.18056793908361402,1
0.2526909405376869,0.3611972054540613,0.37797054448138967,0.7389371148925759,0.08369204680466169,0.6866377404496202,0.2924107132871422,0.8294586181489605,0.1488169011294701,0.09279499288243576,0
0.0635276595802089,0.8748485720768844,0.008077228736230957,0.01396400915952678,0.3222306615517653,0.24386021823296133,0.49554711319976663,0.43544672746156066,0.0947585814731775,0.19431917407935495,0
0.9650292042136845,0.08577410364165783,0.20613042699021922,0.08430773261615987,0.0920992116504813,0.0649229157728749,0.2288399594510656,0.48138108502969645,0.41255279757701036,0.6313073344818108,0
0.6713879958196666,0.6308618077971451,0.3200835021081916,0.3011922994917178,0.33066848487396605,0.4541415187638218,0.0528790385018747,0.6423148181134158,0.6516978207070572,0.0022995929627708245,0
0.9420657028502073,0.1792058550322707,0.743045979709744,0.012237380476626591,0.03324037084574871,0.18468618538407733,0.054229834564175294,0.9589376337990351,0.431737213390162,0.33524063212280564,0
0.1681996754430728,0.7409004427163037,0.09583763248679111,0.7882613402113507,0.027308496860532605,0.40885766208469576,0.03666818218750345,0.31503709461828966,0.2560945549589283,0.7385353415371732,0
0.7401885652490465,0.1406495208198204,0.13568344602644855,0.1366300752600681,0.0373582544290062,0.9912138009035297,0.23210718385175577,0.9773150428168937,0.1304917051210196,0.6648392317898628,0
0.04635707922530452,0.07552564974033671,0.7581646755913983,0.2560259814127168,0.3067472890695624,0.22362716179993802,0.10102874929042971,0.22782492370711527,0.17430931600643096,0.18153546390699704,0
0.832403830140221,0.4117204374020912,0.28330823282343565,0.1262404189748938,0.3042792766218667,0.5005973011234984,0.29840103367354776,0.8041572443988103,0.6094119060242059,0.4281967937428599,1
0.7296825037169442,0.5833432521727351,0.35660924201844046,0.437265409159319,0.45381706682337364,0.6700209563490259,0.625102377719512,0.8669696064363775,0.24250296709483787,0.6618710128430159,1
0.7743970311590668,0.3346083439019163,0.17756364492534704,0.38364833579835633,0.9598160341701223,0.37092631171698953,0.33251562388778133,0.8470626552875019,0.2675110734099543,0.7640306047888507,0
0.4165556834376537,0.3001463048549472,0.2666010370309093,0.7827562763737079,0.36947391345482683,0.24921359423041178,0.848996017736233,0.6979691935395456,0.15925395703720735,0.8781569409484523,0
0.3380638674525791,0.5611930160266176,0.6987421116933209,0.6997097203577559,0.4077221313661471,0.7618893208637115,0.8806961161335735,0.5765867348867972,0.8882264520159653,0.7479376662510756,1
0.1507345460192131,0.1032577554788795,0.4748210689559297,0.1566542285751822,0.4576665748909956,0.6448613010186116,0.934011745589582,0.9509021207430639,0.7449466632701188,0.5470522860528546,1
0.42916590158902856,0.6687558857929047,0.0261342034709362,0.7847922526394433,0.3932963813150604,0.5383999060624464,0.29603510026266244,0.4703889160620994,0.6389154809442477,0.6159111157686897,0
0.6738108169014791,0.5000930658228875,0.10150610948839345,0.8969372122109796,0.5152690533979138,0.19673420261322105,0.4619046381740607,0.029226930773579518,0.023121427723041044,0.8064030573384408,0
0.0954188128849095,0.5363054693754359,0.4236122877487408,0.4819735583582956,0.5538904436218437,0.7115785033933743,0.555931947352271,0.13993796249179158,0.7319154908887929,0.5738408357501509,1
0.7829972265158659,0.4420215666060192,0.1839435348161662,0.6424442773906227,0.8383286233555513,0.7486652551453755,0.9914950417827638,0.632834651801346,0.3886004153076408,0.7025312728921901,1
0.9307477294287035,0.8605745792875122,0.588631172706255,0.8992782853586614,0.01134815972470904,0.3954116092671409,0.5726574380864536,0.5056271094566624,0.6649437776202249,0.9934758519215104,1
0.6204218820482345,0.4514978303728586,0.6722349302886039,0.41169391335493344,0.8890067901514762,0.2241963909450979,0.3286365659585121,0.6000823461334225,0.03286147940813933,0.9559325604858205,1
0.5676864802958962,0.2721086571468532,0.5851011800310563,0.7614186089810029,0.08130382146453419,0.22642141008096783,0.2721753714387328,0.2718968481976104,0.4762380415025492,0.665883551681504,0
0.0455904739016636,0.5633517544380969,0.7971424362909446,0.26530219680526035,0.7283703987455095,0.9550134097871092,0.8649752246898439,0.49362380504977277,0.2165101247854324,0.07391343261283267,1
0.5903148700514195,0.6576944223272649,0.7716590614983088,0.047560646000659235,0.3115505252492218,0.8989584887228971,0.16154959718608886,0.9118514883417823,0.1505221316936376,0.5618212433963544,1
0.964816377105964,0.8761710198286505,0.6022217351165078,0.2464478037653719,0.14437946023042414,0.9547731045308121,0.7697083145422651,0.2578169591869721,0.8953186999463886,0.9345349693978325,1
0.06138340901850858,0.47805536214615596,0.9843698715515421,0.09616836522268846,0.8373334328771487,0.928142656323897,0.09968933616138165,0.920780700024554,0.38215757950217033,0.07983748111073286,1
0.13523159014203312,0.7054253153336126,0.5829667723316339,0.30943707321750236,0.8475958765813214,0.016223840388348454,0.13535876053165719,0.9062122215623442,0.6690069054620841,0.004308105718880628,1
0.5336177010787767,0.8510843935012885,0.29907395181889673,0.136717438017122,0.48457887719487114,0.697200380825124,0.7726070577609251,0.6075719834352042,0.9697528141449377,0.47643685973534844,1
0.7886180204449865,0.07969108996919705,0.917970684447528,0.49931702987600457,0.6146662009554044,0.11119875056759498,0.985873426340154,0.12211423205180016,0.5775953456666756,0.28626804924994154,1
0.9200812603199141,0.21779498704892575,0.051399166963731036,0.5968119700510758,0.4333424714640658,0.6618896066065587,0.38853605886123554,0.40651995351811876,0.25327090035489763,0.34439398599516713,0
0.13893068308380674,0.3632841429337539,0.4865588003446454,0.8087260727957232,0.9342372321157657,0.4665446846466472,0.5428034856707653,0.7047866554080079,0.275917235915336,0.5257118263460803,0
0.9811616544302874,0.030625509986610844,0.10596689277028337,0.9904088648309415,0.7007561901991736,0.34073312157903524,0.4514177020480341,0.9390800942734482,0.9170145347855272,0.2082072151125991,0
0.08642202210191441,0.15606230787721476,0.4042073349153178,0.7604216460392634,0.3616252944252909,0.36695832778431714,0.2589905514030276,0.873964749336205,0.4764109404575477,0.6633368361207352,0
0.8184117777502019,0.5092440221330671,0.9557208564953386,0.42097931251783594,0.18003262028602518,0.040525256003836385,0.7004336901899524,0.4450797124060194,0.8080266945258335,0.8769487888004489,0
0.9882754606902294,0.8042069655634185,0.10029060755566854,0.13557560396416957,0.14071859425088518,0.4717123836848425,0.1685005291713325,0.5015021988758075,0.11132067532624768,0.35117435358600035,0
0.28390850136556445,0.5360500386187285,0.47104245667712497,0.8663281958963324,0.5260088383600471,0.3579158633941689,0.6059956892658417,0.5954954720821994,0.03194978089100731,0.2729195363243627,1
0.7817553065849828,0.7045310520787627,0.9360125008692942,0.34702927371124803,0.02970125396581491,0.8529939423925632,0.7743033268631887,0.19423991679165076,0.9671820907277515,0.9436790827139934,1
0.9294809210053134,0.2892683008138849,0.6395565994099442,0.9360082348056495,0.35938420859353626,0.48937507388386525,0.9805442321370159,0.5987949576912139,0.46436126175664993,0.24026408813305677,0
0.9100335155928277,0.7122950400652158,0.32942836912412043,0.3012822872191764,0.6132644290694321,0.8715870213438144,0.12624766518654917,0.7621124648342922,0.7609504528819779,0.0956069300311424,1
0.12889283560665454,0.03641265016262363,0.08500244946449553,0.5099393924633762,0.5554655337805925,0.6102431582158256,0.022572818290635066,0.22201302465802975,0.34435287488789756,0.9813387983495501,0
0.11540869375790941,0.1459089673857903,0.22191862630775117,0.6606533126575134,0.7253853448100458,0.7187245819317756,0.2505810106632341,0.9177123077501319,0.23955079035475324,0.7204965904541124,0
0.7842478407329432,0.5923564849210162,0.3060610569855029,0.7681558431748737,0.5447312575545943,0.27825735648402916,0.5759125642090496,0.736570775513818,0.8341155753962833,0.602742835616684,0
0.5432218792226226,0.014772678742275946,0.0666775906673649,0.048470939610207764,0.3315594600169257,0.4596977475329692,0.23352822253366634,0.7561460232240589,0.371254648596437,0.8936798948290294,0
0.06911211683482621,0.5877458892682068,0.5518370573117302,0.14001341430630043,0.21995199199779536,0.020495686769696042,0.2803528844896799,0.47891063036684656,0.3984682680365831,0.613780611460872,0
0.9093979461517188,0.323108641823436,0.8764394060640937,0.009150292959092199,0.2819841926940688,0.1841857004194578,0.7439466352823272,0.9009541291783172,0.17410890171372784,0.3014815338871164,0
0.3420080113902726,0.9422968393050547,0.3983202770378633,0.10801236575564854,0.5345771859439952,0.31532528593045384,0.2817886236745456,0.9566879837584426,0.9281665461420585,0.38417271654395135,1
0.23916183409653136,0.76288889507126,0.22162323934703299,0.1443989099605575,0.7948282162691437,0.6756565242989642,0.29111665754643323,0.18128313817767405,0.22224115467312533,0.08256688954054192,1
0.8281393285082388,0.6051008659234892,0.39230998742447043,0.9048210448156767,0.6901585580202685,0.6000942296582897,0.442621858104554,0.09920876834819414,0.2954907860702163,0.15697431266485729,0
0.9051725351752599,0.3591826013065653,0.24073792688802098,0.1760929368424946,0.40612020628489354,0.6041236088418667,0.4748390604439219,0.9905177565977932,0.004954259069376299,0.22129078944178282,0
0.5001116696384376,0.3020703534158976,0.7802350218416828,0.8213236135117099,0.007589930183787286,0.15122375670882504,0.41798684816971166,0.6714244304972787,0.04874894102098715,0.5764542239856684,0
0.0020616654912741783,0.6461276488131201,0.18380712500760832,0.5817672435047556,0.3415916147104421,0.0994500173388635,0.14622489500199154,0.8416863481738569,0.3765729272033429,0.7179416244999713,0
0.7270941022746045,0.5793671160750158,0.6216490776233037,0.8985181610481926,0.2269044965540652,0.2856546699547903,0.779636057795053,0.7269563138768182,0.9774160252302527,0.13671643095388886,0
0.07546876583146911,0.3314976571265196,0.2896253052435229,0.733916888296156,0.8378667849679503,0.4439378903273383,0.7823713327950986,0.11826973121567619,0.2957083355261453,0.7569369923527819,0
0.42790819681582193,0.42072017275913365,0.42801109954700867,0.05841331440658004,0.17679514481748215,0.4709314007170693,0.896330757138623,0.41809047808421007,0.12502161433177217,0.7837535111270744,0
0.07417910394932004,0.7213612245391874,0.05987410363465295,0.1320454273067897,0.06924747433641876,0.11387718760066912,0.4784604283128945,0.5470944693666149,0.9273609104886579,0.024040411311253895,0
0.4862943896882548,0.5391510751525739,0.5857737150439051,0.07161231986436767,0.13805949224942016,0.8187354477924027,0.5168167331849166,0.28448388462604224,0.5126287517520358,0.41408506945274937,1
0.028918005071280173,0.7464576530817241,0.4535558732612288,0.3366520536907698,0.9083305466596643,0.5697975885297468,0.5378739950403519,0.9078638605541772,0.1485026543863227,0.2432897143292353,1
0.3800988151132272,0.6126058042696996,0.1268099544264285,0.4787477683645913,0.9644417579127299,0.7136056144375704,0.10328150161272842,0.6591109004150644,0.20170543939953567,0.6830112673113666,0
0.04124412010794565,0.09836184068726916,0.27479089548661506,0.8707981931443054,0.8145251153993252,0.8038284581385494,0.16366746798403065,0.42797028566091755,0.2928371145128392,0.43108257982966625,0
0.9934232032272954,0.31592267709275423,0.3454262183651876,0.962236097513128,0.9095871914096708,0.48900894783573035,0.8344227475332574,0.6726412206310919,0.31401536561811194,0.7513709320567761,0
0.16468672661991457,0.8141459137362954,0.5777563176153531,0.7081577954263102,0.8304609739803801,0.02168022324761032,0.40679600555803097,0.13808979328648308,0.00581356852184145,0.4132757229998295,1
0.8184234326494323,0.05423661966896065,0.42170142207976913,0.12637334131221334,0.4473100742385986,0.41789062105835917,0.4921900121817224,0.5972770448376075,0.23141504630219245,0.31957668589169796,1
0.0729492241963029,0.5755280264485406,0.30116177675937283,0.8686765267147166,0.6567431715968849,0.9010343477455554,0.18604645987856583,0.7874220996788411,0.292707412637618,0.49342769728205405,0
0.9107078190512129,0.9724657423253851,0.7230395567956395,0.46364105387009336,0.8772206242154563,0.3735803076343044,0.8640189358573584,0.29130671693469945,0.6554392505581643,0.45895546692779177,1
0.9468342210631339,0.9850442033074593,0.1440182758433466,0.24301547700962323,0.44470737610092514,0.7311365893545071,0.15606000791054597,0.05610028599548944,0.5673860289060829,0.7031601985523566,1
0.19713036274162032,0.6301401720919437,0.6709023501025495,0.8487023626483408,0.7838233260775529,0.8080119305865469,0.42633851021871894,0.004344292825637308,0.0673636122676694,0.1383182919269863,1
0.5179923571063423,0.5033797913648624,0.2684217700846506,0.387698254116675,0.25312727520789813,0.9646896635716993,0.5431370452310162,0.2045927643243316,0.7527380676009973,0.4228596080028659,0
0.540257346669227,0.40547167881403356,0.7237816582625073,0.638137452943578,0.6973118648443035,0.3811905906254579,0.8518213207689536,0.640114990451771,0.25319457506082643,0.9173545113655945,1
0.27993173575594454,0.7151922869231062,0.05199857140872344,0.8670869558140428,0.1455713380988759,0.6216316325187026,0.7635977556345286,0.09358171305132479,0.5639254147598777,0.21514897327274396,0
0.3915044375488492,0.4751934434844599,0.7870831631096471,0.5305963286414385,0.6909231163157288,0.7084816891124978,0.06001437113354624,0.8777750585137871,0.21673713588460253,0.5239226649235813,1
0.28184552536484475,0.2719392571001521,0.06387438139744805,0.40566688317777266,0.8936248161567091,0.33993046042209707,0.6871035785494511,0.833637843505835,0.19093218089968467,0.6343054075131577,0
0.19708499343740027,0.6244654032525547,0.012022250168839732,0.9221743971356442,0.5163196245684988,0.3177611558246104,0.2818322364045581,0.1099898553420473,0.8407949344489108,0.45080297104205824,0
0.6570579566263219,0.4047984473217854,0.606309343331421,0.6939148497488687,0.6458380423730926,0.20420593383709218,0.7017267354043625,0.4359314523146214,0.10670309041301629,0.5159568930256591,0
0.8266017424434758,0.3853801074515337,0.35624784662680675,0.7358431571186094,0.5213162616041648,0.663995587819861,0.15983136306571366,0.06567288545139427,0.8697851303345294,0.7194171571794716,0
0.5391185214145022,0.5880624528808706,0.42198201512656397,0.4397316404103432,0.14995117146843917,0.36961751615191796,0.3647460337866494,0.23941543688914835,0.2474651156254294,0.6561335965489372,0
0.9054215384779629,0.7003990820197599,0.33515108793644655,0.043314353127299476,0.6813194478321886,0.5394258559821838,0.2676846454220305,0.4253224091809763,0.5480530074602171,0.6047523458973091,1
0.1575902991067628,0.8257318098994039,0.17876951008282482,0.7539497866053033,0.42999750072156606,0.5601756186121629,0.6473489941804004,0.25504626569640476,0.06963237105288611,0.3709753216132977,0
0.10649534291238194,0.23855316642238322,0.8037918027070797,0.46711573614317503,0.19044341848326385,0.915266200957105,0.5351708748645893,0.5643029058267004,0.47190136555628204,0.8860010856543503,1
0.9501310473962145,0.793358135783045,0.46914270859867735,0.9198538567639549,0.950126430061969,0.1159536251490606,0.8788197320696371,0.501262681875299,0.14020855217456385,0.1282716668642614,1
0.4425853781953455,0.08294418563266737,0.07318335807360665,0.8272803287324013,0.7163279865499548,0.278658063268753,0.19346211325528673,0.675135681705679,0.48885981899951636,0.8884479752019829,0
0.46965105901610593,0.7573912711370256,0.8342186579698299,0.7837032430754154,0.9032910572528331,0.9346755751990491,0.6778557194741354,0.5825642170823873,0.47473675093305423,0.3761982125398857,1
0.6072556570872664,0.7234294167254972,0.3776276672185598,0.8546944054553561,0.1947713664738242,0.7789786850364079,0.016077771913002414,0.6149932646259658,0.36664549374833055,0.1614768798363888,0
0.780331324479677,0.6241429984591211,0.9571879706871327,0.18229896669972034,0.8377885750550291,0.5794554134900778,0.7602390517173165,0.2438772468572432,0.6237669565038414,0.013285193284263364,0
0.4928417711599977,0.6405397548283922,0.11428939612668765,0.9078728999546479,0.32875300226466253,0.7452216275192723,0.09618272665035887,0.06924280074958067,0.7088391842603985,0.9095304545118812,0
0.669424640101598,0.8446954896206137,0.9097350637336381,0.5978733633139305,0.8635170426689506,0.9185138482890329,0.20330809221161195,0.31864450342224815,0.5076000951259857,0.7137300015018582,1
0.09128968282194505,0.2521491079360537,0.2424659801296829,0.8962465130603354,0.505357272357696,0.41316761065238106,0.6335703014384106,0.8530637717517552,0.6787786694746792,0.2400651485645252,0
0.6573996872281145,0.42328261855890714,0.14625269754737746,0.518447675868772,0.3103779434624715,0.5387260491629883,0.26386963470512204,0.8889715268630134,0.901641712832795,0.9885012784645275,0
0.65782897279598,0.020791117445411844,0.39112297195248913,0.04962949519128124,0.3041942094753659,0.7462829677536361,0.7899107412805261,0.31962954317045555,0.5892282726175169,0.5594783407873671,0
0.729633138008565,0.8791082474959244,0.6960739994458182,0.19814746818208662,0.2344717779775578,0.8986004398823423,0.8450157467682262,0.9095762388189913,0.3813894212117246,0.712768359203839,1
0.05241524820270649,0.8207553967475045,0.5886442827790688,0.06596649850192926,0.44336727649749164,0.11395805870829845,0.003551504087017876,0.9405124136039806,0.8536079065795964,0.5316945013938585,1
0.3351029123645658,0.8807811658332134,0.6001366731226309,0.1797105493023492,0.6829428155017819,0.6216375361352793,0.23011513091153601,0.9234624301084288,0.7062771187769256,0.6333572227022164,1
0.5118449389105264,0.8107744983013527,0.14033053059164657,0.13710538800343208,0.6351894246718984,0.5199128096310781,0.3487901229638569,0.9841420789451675,0.7610322354143751,0.3030998317883148,1
0.7178077416143416,0.07365014399221659,0.828208758407564,0.9978653795143734,0.03633587047068898,0.34885152936637887,0.5484801452374283,0.2120909443076191,0.7797549124187368,0.2445068881539031,0
0.1395081586738265,0.5576995505730028,0.9874354312180875,0.7469960399599725,0.13993081947614228,0.42219073777201854,0.23278051968195146,0.998698200346469,0.7334465374314364,0.3559782553288252,0
0.5090871117654413,0.4787162348488604,0.8697330199028697,0.1252652828261408,0.5307703729174496,0.8104913678630485,0.21674398637687442,0.9268369468762541,0.432442199772201,0.5259646095786397,1
0.16146502241410488,0.9243184208983043,0.17189756476971907,0.1589153050189871,0.4251142176408722,0.43498134198675464,0.5147232400685736,0.6911298596477412,0.011193063630729694,0.6992369866951299,1
0.5502969392893962,0.640823845581907,0.6759783021508952,0.7141256894005513,0.9674559504478885,0.0006757562145557339,0.2914339272736025,0.5837320405381731,0.8084234917014174,0.5656005780060637,1
0.6032616185839911,0.49600557521121147,0.2963858174155468,0.5490446227684961,0.1879609742174666,0.5570436967116408,0.9595919977281396,0.5322010891484971,0.31708777717743997,0.924277678671776,0
0.38753158099697105,0.48284594380435386,0.5827123387789055,0.5716571664062963,0.953397384457028,0.13907511972063247,0.9572661366239565,0.8629722323453396,0.867402563962949,0.3509188726651101,1
0.03937780153812809,0.8730374623200915,0.36106098274788123,0.04358688745172912,0.7183993205686589,0.1836356689176727,0.2697697102603751,0.7040060061111817,0.1809470394466295,0.9478941518605182,1
0.016660316094319727,0.14129589192308922,0.19617694629742088,0.12349119113143792,0.7310864022164681,0.1499254877857521,0.6336200908809361,0.0638078573625237,0.5071757837491111,0.8356131659862701,1
0.3446295496019338,0.9954635886934259,0.16205094178812152,0.8509820713775798,0.40807430896705466,0.210820613956748,0.1190662282257372,0.5607934669828213,0.38444177931657564,0.8864355090398172,1
0.1727610819391796,0.38489471116072127,0.710585656937022,0.13889282390149205,0.7017490178713961,0.5742177251818202,0.3634800407232196,0.46957353461675866,0.7926050255803543,0.6350563413521674,1
0.7626401728174794,0.3050755291508753,0.946037081355939,0.9610310911950581,0.36747859344848577,0.40800674765027556,0.7769727923595695,0.4960378054955018,0.049699699285336574,0.38042941348813586,0
0.33030635658318985,0.06558347702538514,0.38081722449747013,0.429137378158595,0.5489730833111935,0.5364591826696694,0.8227212609263739,0.35393582975475824,0.8739984073796372,0.19862664987338396,0
0.9397786999257585,0.35317371528531705,0.5470326166205105,0.4289595233647604,0.16002112518754597,0.4164909186372533,0.49452342253799964,0.43417658640919177,0.39163703344665757,0.299713548403868,0
0.004575423332390582,0.5078925408504317,0.6089478082264043,0.24370318769714305,0.7731395653174948,0.6504443765320866,0.7714535206867894,0.610084023780023,0.21844306332533958,0.829120745128601,1
0.5355719553803933,0.35603106784656036,0.7631589675252118,0.7904455684542773,0.3191272675969441,0.05957338483019281,0.9945261085087878,0.031881090967958436,0.1748684609831248,0.2691399261421936,0
0.7581582859419913,0.7584872409414576,0.5671445581740021,0.6969429810899538,0.44683658500966816,0.9146783257894519,0.4900223605855216,0.1418784919719125,0.9721095531455464,0.3147322779122075,1
0.028577350552645542,0.42171012712796974,0.33508249788801814,0.992806772523851,0.10993868376573435,0.038451549981415534,0.13265526063090305,0.6972019272746576,0.004865566640327557,0.9924571688733748,1
0.13926917246621628,0.4639952152715999,0.26482325622274494,0.683780086686198,0.672335644696253,0.23254036772522446,0.22379691713002903,0.49147082582444346,0.8584724950226824,0.7584324429229776,0
0.5761044549136795,0.274771228386154,0.868937262645884,0.40110500423587647,0.1846505767473524,0.46071909231778263,0.2641924183740253,0.55136066253581,0.8404927751097381,0.38030417193554855,0
0.19243885244434478,0.7149123748905738,0.3500973384720205,0.29255561040506883,0.9545599302667902,0.2595440643423851,0.756598982448793,0.9767991381956472,0.7981863290341832,0.8237971582178552,1
0.344020030117015,0.35747913504141926,0.7557988813837105,0.2199195302176309,0.4537554733346225,0.0312506327316634,0.7648687989851759,0.1357124557637147,0.1864769797311444,0.8452010609779771,1
0.08686895420998886,0.3174605133418391,0.47562770079487404,0.9633227022229016,0.7191417941593653,0.7624964853338002,0.7471635726599856,0.7610505478486566,0.2573281219822927,0.10150364170819393,0
0.39225497960883193,0.014115606167580452,0.621436252690176,0.05921076553982818,0.5710199343714221,0.08383626940479383,0.832258078690524,0.24049893781675102,0.7900996122068342,0.23487137200643982,0
0.032486108781970446,0.3299301394902435,0.6155452789478454,0.5901730026293761,0.142838671190182,0.8208889896053276,0.914379534700361,0.7038988152412694,0.41877300620610414,0.22756401953621774,0
0.5310157605987625,0.5560534337952184,0.957269728470432,0.30857646839381614,0.34415630139566256,0.9357599771801495,0.6575706920903349,0.6502128925342383,0.05718430984951306,0.3692973375902079,1
0.7223517912443461,0.10706696842846641,0.255351700876017,0.4713806536928704,0.7671086592308092,0.4415634153678769,0.46655826408271006,0.6063785300376555,0.06392337463944486,0.7183355415704504,0
0.7072479591006284,0.6468967519637541,0.2487315940549868,0.8829324067759293,0.3725121559576977,0.9153515085246072,0.08455642973332578,0.03813475136217459,0.6531739373188743,0.15678314614647948,0
0.6833199380676938,0.11469229272547166,0.673146605015752,0.46769947264311196,0.12650705419351793,0.9032499773968701,0.9599446083585323,0.8088978533762042,0.909701969116289,0.2136294682117782,1
0.5034197307316347,0.22858801350069735,0.6185531180770679,0.15673089845441446,0.5937039371575781,0.2461856037160024,0.5672001086167439,0.07551601370309469,0.32226300569365607,0.21783119201211176,0
0.4512208885500125,0.0009788233196058593,0.6434693209232204,0.34625709690483397,0.5948568563199422,0.6187504220045171,0.7289956665111716,0.3731601079060789,0.19649674785494575,0.2542955374282899,0
0.8069166132863094,0.24403581440792466,0.49436725344472787,0.6129178109334047,0.8870543555397312,0.744776099474222,0.3096785890903413,0.34622011244667883,0.05529021598473938,0.5944453352407244,0
0.6045869796042972,0.7188265903940726,0.2057154422487505,0.40808694574865767,0.6897736971023546,0.6794199894963627,0.2975974427568445,0.06880740476004377,0.7109833786159856,0.14619565188954475,1
0.1321624625206531,0.17252315634243898,0.048468186492827026,0.7503425576803987,0.1001286897337762,0.2445671877325868,0.37529695078809877,0.10055004466691653,0.3105043780780068,0.14889725299866496,0
0.5501732508855467,0.19698685918108605,0.7312040781736177,0.8814838435669311,0.6721183760966031,0.5229718768712764,0.7236648260037241,0.6371748999586302,0.22226362239819697,0.8410961107092916,0
0.24553300990372406,0.38037561327392355,0.012630361809258361,0.7490861751905137,0.5925109662594709,0.3062565449477437,0.4860919447869857,0.4821427329196576,0.04617297681228627,0.023134763193042418,0
0.4567520105402164,0.43370160640362043,0.26899425358048534,0.3651838516545408,0.7942770498065989,0.7944558535084928,0.6712918544794092,0.8379498690862666,0.3206410043254462,0.18030335915603923,1
0.622215779608722,0.7985475334717493,0.30393219263707905,0.2595417122150967,0.36336862609025633,0.6055079212234239,0.1417680950227027,0.39542788523522865,0.3384315326026477,0.8227025875067985,0
0.11632901942803398,0.7552487378994348,0.5010258220171625,0.4152736868715551,0.14136640613121798,0.4256570506134455,0.584654311495836,0.4007920034717899,0.13447201059896663,0.40172500733220873,0
0.20747322930966605,0.0984455808669118,0.5444706070875178,0.8520725334044762,0.4778273682850578,0.2864955203470907,0.992752991963463,0.1658732647406952,0.13978985859018112,0.6873905782049652,0
0.3909823066424306,0.38126324248245913,0.49423907268243217,0.20479352569223364,0.21841234714424962,0.296856864924938,0.6799767398122697,0.07161837671351434,0.4570788027055259,0.7791352875289493,0
0.6009654879330256,0.9903499747206588,0.7371219651512667,0.20720894550662572,0.9230818108890816,0.26193187742827684,0.027213155044011117,0.25025192937477037,0.31319372636905063,0.5386478303146167,1
0.779409698853576,0.23132660242162573,0.02830681412148428,0.5412836985281804,0.4864213517525152,0.603351391259835,0.6406964602160256,0.4015645588110126,0.22701317586075698,0.8429392954614604,0
0.9480400204200977,0.11361480251938572,0.6438490760897633,0.4825542564320726,0.057651090497536694,0.32983055411510254,0.2230542024981942,0.06441392782092836,0.9078428392426849,0.049879576095345324,0
0.15687819034431727,0.4798142397707492,0.5185938864393498,0.020422250684388743,0.5364735582039707,0.44635002833994697,0.5833889378061646,0.9889014284759778,0.4004785541594298,0.05342831349359678,1
0.6561688874069179,0.8326307578127914,0.4770643107175083,0.2848594679060227,0.6143004182636417,0.6242821261306661,0.056880223123161655,0.16122992284490523,0.86824879895763,0.10645556070158269,1
0.7377693660178841,0.5528919444964159,0.5345371563949405,0.10200548168197932,0.9404858119143981,0.9679005966291812,0.43266855982668306,0.49251601257368405,0.6318425595819106,0.6847113509040769,1
0.09411838030936537,0.596377681650209,0.981069825255007,0.3665233539998758,0.3523990992354701,0.8179760961086189,0.7448464175070377,0.7532944710136781,0.10335574610942899,0.5966834895691893,1
0.211259152930645,0.852945601118665,0.7105273424832331,0.6482702536937742,0.8870594545099691,0.053551967382161725,0.5304012743981912,0.9477595401308659,0.6976993907046403,0.11382864984579233,1
0.6832677922815631,0.17174054022818253,0.3890174718335523,0.802475727972907,0.6910531162803616,0.4215916985342145,0.12053433658428803,0.837578566685892,0.07688174002026349,0.6139202331079753,0
0.05628232838714575,0.47622162604745755,0.16334219724965537,0.3572571482489636,0.29585353561916583,0.5158885253706941,0.3329082764947574,0.22490745292414993,0.6948445917747763,0.9038053674078426,0
0.48182909079351566,0.278451658779312,0.7325178773539308,0.6037566410907922,0.15412715185806092,0.9107760512989509,0.7771957141240989,0.8919761355372201,0.10584139405150228,0.8087219765210827,1
0.7390539708960259,0.9814548336209992,0.9486801015695371,0.254060788691576,0.49353102496002843,0.4209718398603074,0.17950414795133196,0.9350583188704675,0.8189004861057924,0.9914577095374253,1
0.261120150670465,0.25820799989750887,0.8248146042817025,0.7233278883439329,0.554858723667928,0.3183390292059941,0.09381602193378857,0.38961179716607963,0.7759808678382729,0.6031077447709547,1
0.9579331623149095,0.046141457934768315,0.5871432828057482,0.6957635183751719,0.30585384638877555,0.8819292842467124,0.579294849473084,0.46481390398451206,0.6296377500710271,0.9146664494974895,1
0.6360511614114032,0.8920353143526798,0.3286220405314152,0.9457080495389899,0.9257292828928504,0.41853704601869046,0.5082222749618583,0.06654255745816828,0.2061957509502219,0.9629911007113758,1
0.22636291166106182,0.2937342597143424,0.011205164390408973,0.9198816357572354,0.3056299100265213,0.6504562435422155,0.6463393209184408,0.7349752847178576,0.9450964277265431,0.09405761724967832,0
0.9123627189221497,0.18482749710619184,0.23468847896068912,0.3126712538938309,0.9017874152542354,0.09414455213815032,0.5442781381299945,0.648813514343669,0.3100038862987553,0.2684554768219284,0
0.15734191755300198,0.2795105892766321,0.8085098403452637,0.7539377090920187,0.0073228679426510235,0.600922974256056,0.4392182485114987,0.3510372839983681,0.8944455902127915,0.09086133627604931,0
0.6126885995470479,0.5759581348673042,0.10305015227890979,0.4949927952256278,0.19240551159528763,0.5391517029705736,0.7066812743615629,0.897254870776239,0.4674580994168773,0.31991899245266664,0
0.5085708715714398,0.8246518610349551,0.38554350182472097,0.0760932912483605,0.9018178866938437,0.7799015273943478,0.02716136457774232,0.19963400303055379,0.38333085417393575,0.6165028979418262,1
0.3822310545379295,0.3816046747027503,0.5830860187408705,0.9365414455456879,0.42342653572520894,0.17326906156068833,0.16788095660393976,0.3469741063842746,0.23171280724748566,0.3837233639752159,0
0.6768072919267608,0.8357746498369532,0.7930495383627363,0.7834416463523466,0.30554375146937784,0.2804426897593215,0.630926101346774,0.14879628489953356,0.002200606305500119,0.42463985587170383,1
0.53879795673868,0.2300721626898048,0.2381299827795793,0.20868695134401183,0.3709270142207116,0.9390708502908515,0.7375776359946291,0.38124893930688486,0.9025298700652572,0.25440181591849576,1
0.5620199976607788,0.3837190340740726,0.6202221657687015,0.13355078216258487,0.329769435104172,0.02082355655556012,0.2689885661319078,0.34002581850582725,0.8328638450928693,0.5776177336422266,0
0.9886961979658723,0.6087786054013624,0.8791379405968153,0.9211632496089057,0.8435279997554068,0.8656288087983186,0.24873867310075626,0.4269200027485832,0.9043071538586105,0.8736245107663112,1
0.044801572401927836,0.457906820808357,0.8025677617598169,0.5230336800322618,0.004530221504238097,0.7620221197002967,0.7981697066776673,0.340222956791287,0.13637423925458458,0.5086587440188225,1
0.3772913181509435,0.9628714802387228,0.4296994838861664,0.5890428538538061,0.6112905336871053,0.25821410460014005,0.016401115123800936,0.7007962175197282,0.45757607892364316,0.8533525381619987,1
0.621225479545554,0.9081850057992001,0.08079357464847614,0.9633739572667891,0.21489280312076808,0.5235994701140371,0.7961177300765946,0.9510913023041504,0.9323421712616793,0.44803088234833643,0
0.0765735845477844,0.7279713265983997,0.422377496538183,0.020002802358753735,0.09592192161351021,0.491394785509902,0.2925311718937713,0.5629751226813973,0.7232045060626462,0.18070198747821287,1
0.5171229118679926,0.01864654483603989,0.9764049052610491,0.9263516834247025,0.32420513599715206,0.909331090872279,0.6457130114370861,0.7815398380827959,0.4085284907882819,0.7074094979212742,0
0.2642935060057122,0.17794767614755613,0.56099007602508,0.0721009930344586,0.8314387776181691,0.5370593934344304,0.16781863495341431,0.3311330959315396,0.4457026058761152,0.3006627184075563,1
0.8712932892570299,0.9989919550009246,0.427832571749152,0.17242966410197236,0.37639207299459254,0.8309214584593064,0.5141622423582998,0.7895855163883033,0.6291850090866692,0.7605911475112748,1
0.051770669752159604,0.38536261168019725,0.3230762743364939,0.3507939593548678,0.018945334256368906,0.839898482595236,0.02173566646710401,0.07946637906248777,0.7641271959342223,0.439274948457416,0
0.2939458760820358,0.9206606783249608,0.859654384619545,0.14742974122279306,0.868226788220571,0.70811304069851,0.4596664559116821,0.524180862129091,0.7589866852376471,0.04877265461931801,1
0.3040445870161267,0.2812589124685886,0.6288680255050468,0.25816497506921243,0.5086700378424154,0.597749392520785,0.747208429416638,0.7187308240279939,0.2326291509341567,0.537216961919809,1
0.8422121833472297,0.9021763581619945,0.44849320413764804,0.21984084575026086,0.12403187815777061,0.4465006016303088,0.2799404328047258,0.3573280458225614,0.46155081604526893,0.42800764123394586,1
0.04114015034914198,0.6142532073090139,0.9094897624423205,0.9148301175719101,0.6054535172014306,0.8137173242561365,0.26496611374286283,0.49579526458821055,0.7733832512698334,0.37433378110286386,1
0.5874331619899094,0.8484416469205782,0.44612512551176975,0.45969579955347983,0.2537499135596871,0.8258272474200495,0.027496367412083278,0.7532374246717107,0.24002613482026902,0.38929339845278066,0
0.42125042876039354,0.35469148368028613,0.30812538114765886,0.4451521586681326,0.1997212491784064,0.0882668798866223,0.3170900550066017,0.47118454997636916,0.20769715049669657,0.7769557253119418,0
0.7384748312346423,0.7963087514716475,0.3726006552459895,0.3570683429090121,0.5062406372280056,0.24216815639186795,0.29050473661982623,0.2633915569141899,0.24416616205374697,0.9831909534230093,0
0.8649191906812339,0.1301336805633201,0.4116178335982359,0.9838533329359566,0.6312978244091443,0.9154216119308072,0.6711068806252751,0.013478762371100017,0.9579779061438081,0.26022839893709904,1
0.5849143116891382,0.7534643237715576,0.3616731153761732,0.42141523270157444,0.0786644190550374,0.6894348767800871,0.5978540964563505,0.5676966279116971,0.7355982765488491,0.833548071342395,1
0.44782201042440095,0.9291490187993781,0.40179302116025406,0.07650078320472653,0.7301662363589753,0.4703838337114251,0.4250502208122373,0.09300940864329565,0.642836203903815,0.6479097784188589,1
0.6508985076732888,0.781973412885471,0.383399907853902,0.8854381378536017,0.7081697926976539,0.015822714122936676,0.37286394619952734,0.133167232341022,0.4041160668663192,0.9779507637053645,0
0.6916554289427203,0.0036088953166827364,0.18048065583595285,0.7043716846848712,0.49637959467480375,0.9082681408954608,0.8553654031258008,0.3155457398164233,0.8381759038655362,0.6804091054347838,0
0.8756705976146416,0.5319341226559116,0.37609643513136737,0.30832699302251243,0.3075283277859332,0.8676148596676885,0.21321402901234687,0.590780778512422,0.09028867820896536,0.45378295133435975,0
0.18797759955610605,0.6057076324705453,0.28202598618799146,0.01668701268749706,0.8971914257578887,0.873761316181702,0.16648345378282592,0.7220070304418366,0.7830910496752583,0.48085083548083674,1
0.4062872559846922,0.31009379718952745,0.8670640801230635,0.4969005769421606,0.302446336265743,0.203786977307294,0.9693745166328234,0.9186732498293286,0.07635486502559874,0.6743160053186006,0
0.3182797099240997,0.8147147601733714,0.34926178462831214,0.9508662642687615,0.9356649929823592,0.7758201996830429,0.36467990754317825,0.16778753469710395,0.11892737812518583,0.550377343612294,1
0.8861927068041014,0.7936531452347778,0.07597622958327621,0.17080913462583414,0.997959111288194,0.9792061178021737,0.33029207856212506,0.8076510691555532,0.8395032129220584,0.9730012853842293,1
0.09710088064966094,0.22033924841172225,0.532493477778171,0.954593908577708,0.09169985762038557,0.8915286043023822,0.7654293704111301,0.7323395912012991,0.9927525311416238,0.9605173359280043,0
0.17304939263877817,0.9147278976215883,0.102796343633066,0.6082661664210376,0.36997542958135365,0.4633102844995469,0.841184096352478,0.9780749139422844,0.8469916734995105,0.840416487959244,1
0.09067790947963472,0.08715602975877323,0.723729076993297,0.08812107292295868,0.2494585818338949,0.33234015019725127,0.6411133211579804,0.36244321015311176,0.8489748839585023,0.952269904783158,1
0.08795089775114229,0.7122100375578423,0.8937033343870389,0.6166389062987,0.8879993762105856,0.4072670963448476,0.6139113794939933,0.3030791704628153,0.7680538916056013,0.3197666738675423,1
0.303575829563136,0.7830854546901714,0.7419824747275818,0.1837620630684187,0.5910121954849401,0.1413590714827898,0.9387595624765351,0.85768699575096,0.5979511236168494,0.34124320114181117,1
0.4193510113038045,0.10464154867617814,0.6947746258095878,0.3824452682003554,0.6407165034155203,0.6900217206467649,0.09328344477168737,0.05887342911341442,0.7537553972615917,0.8402022112147691,0
0.4044978435005786,0.1413953558907154,0.8242268376310006,0.9250552216615217,0.15194496279220338,0.08371867710962633,0.8105522133351962,0.35583964681529,0.638036596790764,0.17049921788560962,0
0.6314271932169054,0.4965693471799434,0.799630954357972,0.7084164178844563,0.7457553148558901,0.011122430453171406,0.5687030645489286,0.13915230827069813,0.7996529686014714,0.633352405745415,1
0.703459189841425,0.15790064741497678,0.030505538334149485,0.9601631063624355,0.6610081677384866,0.9128689977920441,0.2673313659344372,0.3396003143167837,0.4933457727358942,0.12881788055664767,0
0.18626632467633164,0.7172184050932678,0.04469590880857899,0.6768914162803396,0.5117196506603361,0.9255054429385196,0.642519347541541,0.7064970428477799,0.14741985435431826,0.6317522149363544,0
0.8317535309637253,0.26214740434880346,0.4185090346870992,0.3586121711671231,0.3004359072924322,0.4771060888729245,0.4511551853613506,0.8046436265046848,0.6925900502482819,0.6069871780726237,0
0.5844236500938196,0.3304820167694359,0.3921425712327419,0.6878106985955333,0.2042377146726635,0.09376835748985446,0.38892875857076714,0.6270049873068752,0.35441913777154066,0.8052591393480988,0
0.34759472627615895,0.6972569598446497,0.9113226009655447,0.613342423911693,0.8295879232708736,0.07406889055671972,0.3893528257236025,0.958981588873765,0.41669046615924177,0.12797694567627516,1
0.19352966961273976,0.3821905628526323,0.9221049120980664,0.48199440412750727,0.5891217088482842,0.6654091459008771,0.44721651749723246,0.8822070887658111,0.7536653397784968,0.6153986827688201,1
0.5210553972934441,0.7976389228577049,0.7652966329652975,0.729852655871897,0.5601194886005553,0.9507384204734721,0.5695378131408115,0.3080397104726571,0.5891213321037434,0.7534856060298922,1
0.5607942509604132,0.5885239568234014,0.8827049664629678,0.9573127682165544,0.40883938576454004,0.21505286276045976,0.05629545316154849,0.5643994311346199,0.7287128509660264,0.1260945771448908,0
0.8146924944727829,0.528720533461978,0.7702227191170418,0.83471315204855,0.3317286698520022,0.6887665589215571,0.14924972201139608,0.8909189042955563,0.3675599602930125,0.663532807970502,0
0.9010701477647602,0.7601365578468272,0.11078305935071653,0.21833378936545855,0.24546934197482917,0.2096685770283223,0.43678959383277416,0.5099532419013919,0.3428480507961952,0.5351778323016545,0
0.6108118440888082,0.3992236649881443,0.32394777090631544,0.5516640634746169,0.47963000069235273,0.26880082289923746,0.28072642217972954,0.32545378678255443,0.5748414656143179,0.3347229521465249,0
0.7872916065835898,0.32975303083434904,0.6285082337158971,0.9237657748382267,0.7000202210445141,0.4885447120259552,0.537449044797849,0.4573540014428493,0.2764341018124341,0.9669679826932491,0
0.42854235651912387,0.3232305404589544,0.12030033647291705,0.7481918979578742,0.11781629763475754,0.6170959965796666,0.49301977026761157,0.2571718866724161,0.22401974550054082,0.613128545926952,0
0.6113773390896808,0.44059971369347284,0.59885175844109,0.23758284699443943,0.7226257026786824,0.9135149554084535,0.04982037518713267,0.9554133579622573,0.35096241337357437,0.5043168128891028,1
0.32728101741974946,0.4753999833182072,0.6393014055135382,0.17255195172104798,0.28078185874658457,0.12625269982461274,0.28076434701177877,0.5414501785627029,0.7451075480503327,0.30530965158561896,0
0.2540397676519597,0.6549068294030267,0.04931470718173392,0.0828126654361514,0.6337683713007323,0.5061507818909607,0.033586064536827,0.008106662285580324,0.203981274340563,0.9099893368781514,0
0.794560520955505,0.5269835621053868,0.4002451299634915,0.7468708193746982,0.10432687348532588,0.3459205577246547,0.2612146904510678,0.41682886988484247,0.015772516616063603,0.24504840065367928,0
0.8246954082739585,0.40290058875823054,0.7005151445998707,0.4957726086380557,0.04807781896834373,0.3327579479618876,0.2062101393572071,0.9251788161453898,0.8525660246112073,0.29891252982654326,0
0.44444748564724523,0.626537374596944,0.682800368618696,0.8030195646085704,0.3644307608743236,0.042573743840400025,0.9811151779107101,0.8794789305421783,0.9492515724704921,0.9698499763085121,1
0.6735776178324775,0.4539887408925898,0.8747518607975959,0.5490225414839367,0.08934081281860051,0.15871487100629023,0.1823930026351287,0.2598216102834352,0.942393039221614,0.3707805082027983,0
0.8321955280182946,0.8311895167864684,0.8301360036685607,0.08218607802915379,0.7812766052313939,0.5625765450072836,0.5695179919761301,0.10005490934215389,0.5048724343230879,0.45608482869919,1
0.6040153189059536,0.16521135970244716,0.20600866282123564,0.10031025431635998,0.9176528623371767,0.6199125091843133,0.177843015790086,0.7593354632926274,0.7599539551476924,0.517349248980161,0
0.3192392854567536,0.8978904488436907,0.48140879734413355,0.36164474730300633,0.3029923791086986,0.6127570589134393,0.6486421733632051,0.7083631769586118,0.6386470409880904,0.3059176074166231,1
0.5636772973442177,0.9507494355802537,0.7259239852627581,0.8300684286822572,0.26563148772479395,0.6124915321066658,0.8975948099327696,0.48687688562955944,0.9466089677025494,0.6939335930421275,1
0.6639901626686653,0.1097898343434135,0.9497466335671089,0.6434490028937245,0.4623436589155655,0.8588082509392215,0.7664997524599463,0.6145615574787651,0.26283063918644134,0.6632123222332935,1
0.46829842002633404,0.5004815186319237,0.4012908656490025,0.10386239158548993,0.3426087965843341,0.6481577900529192,0.7312288555046916,0.4877979927437053,0.09523067916563077,0.5339672366440221,1
0.5364066762232672,0.9667381895548052,0.34951810950553186,0.017652949944062857,0.7752469902794887,0.7498766972279027,0.7857563567755216,0.8366753633619132,0.48598441292969397,0.5978046529100229,1
0.8979262330379228,0.530903047125134,0.9090833310968534,0.6280698376914489,0.11755779219191254,0.1934167251776503,0.16764427154016615,0.21340495155501005,0.7360620398461898,0.7870986905867614,0
0.9970913006052627,0.44458833063839764,0.7163172818423509,0.2544854263181485,0.979072529768199,0.6694409667690635,0.4891397857693155,0.8093574926751627,0.8205150715525029,0.24555689822281468,1
0.21675210073078954,0.9388300797596658,0.37286330546352753,0.7665832221688476,0.03707961084441247,0.4614794852241746,0.19096350378158022,0.8246456339083907,0.10077294721674157,0.07783308222977314,0
0.9401172130049587,0.46001191863997726,0.7905776250824761,0.26971032153534924,0.033443566328892116,0.5429960297977637,0.700729106347132,0.178097977818245,0.5290020727560004,0.3138160532705788,0
0.23635072011189506,0.5496772510606828,0.791461154247422,0.5853771673457362,0.44516962320956766,0.6768559161572655,0.3529405891762254,0.19794180833240382,0.42843628292387004,0.999857181609815,1
0.45445457196300565,0.13283941547556566,0.538330876934519,0.2700906304947317,0.08537474995135252,0.21363119207683146,0.8008454542264786,0.8202728339021688,0.753281564964726,0.6120917574115198,0
0.3097560031382789,0.6144865023099704,0.4322132647424085,0.8510658344058103,0.9228840785102244,0.3136482349022035,0.7122674790910699,0.7271799710972325,0.4140463727834033,0.7686255188299987,1
0.9733921579368748,0.6675605700239828,0.6641930941607772,0.9141729806086193,0.6735444122621165,0.22832731011951501,0.3642052842242971,0.6288903239142366,0.8434809026476549,0.5607198388409552,1
0.6693884537747543,0.2372845850655939,0.7294597586309578,0.8097781210489382,0.9459757601053754,0.707541993099479,0.7999193002902681,0.14149045859542453,0.506579889833803,0.7635873222581294,1
0.7967638954689155,0.166246995892814,0.26385409106778335,0.6576748204707448,0.3222713311518519,0.1590666979931593,0.3776107883647707,0.9232729010895299,0.5855808667036285,0.789718103721076,0
0.9767457079755013,0.7587790885453909,0.4515049454850034,0.2641059356121491,0.6291154941383629,0.3775423907839771,0.37230153158356594,0.21477013961124025,0.3747846833351314,0.8189720535056708,1
0.8500016984679873,0.9050851814171895,0.3426088622609381,0.2138291700336823,0.921366389469396,0.187580239111255,0.9663711191586427,0.6871494452515797,0.144384481444498,0.20607753509742666,1
0.4288394861891198,0.30090823605897254,0.09971699518753463,0.7785943291918109,0.2794583280530224,0.4966550837390097,0.0802711863828508,0.3820018445757083,0.13457909349957475,0.02790129144578135,0
0.09744592838952015,0.18458409192350422,0.16898396269755556,0.20705882393880393,0.3891673759476685,0.19559507073178461,0.5081582105285176,0.8784497140177393,0.39489268452029125,0.29107987484866993,0
0.10840737798306499,0.5434630828890079,0.7754796107488282,0.3772164444951803,0.7404626056827613,0.37317653747337787,0.48318285063704636,0.654205690941068,0.6890428799266938,0.0656804415323482,1
0.39475186587061106,0.04932573927023021,0.2998043604416998,0.5010038717831,0.8139224095218096,0.2223703417533346,0.22618821178412585,0.8271101763195267,0.16183527847470813,0.8449506334764735,0
0.08331454844234909,0.0370049724198972,0.7179240428373765,0.6846863087470196,0.23069099045713315,0.6817307697268811,0.3869036792563455,0.911722728983854,0.7960846781552111,0.5691278653829571,0
0.8143507291525875,0.9980490141696681,0.7051675540307766,0.5961830500560147,0.6826770458599947,0.12338282579415571,0.0691513250573943,0.8633763594460762,0.5586532471617175,0.09984104475250988,1
0.11786569625679788,0.3321138465573896,0.2466028561218433,0.5983611140323297,0.6376163132587688,0.39797314799297956,0.1385471953523073,0.8746292020449645,0.9526005549123309,0.4015291094473772,1
0.5100440640411942,0.3668384015013819,0.2763444074571062,0.010464535218213111,0.8648394781577762,0.9280564680955123,0.23190501480539716,0.7727026119355461,0.3680572177859871,0.23079041209820905,1
0.4486345219560942,0.8853895053523568,0.3262714210993277,0.08446102947010081,0.3114983986174459,0.9182762746045079,0.3773817835294466,0.21767216005540135,0.6902676798851671,0.34516115577606665,0
0.9108821343114958,0.24454347930400322,0.08678055235264293,0.3304190514061103,0.5132272239887152,0.6347859917797646,0.7065337038203405,0.5662613703175531,0.011934443799643812,0.22054704531188873,0
0.6992588641258008,0.19224558049930873,0.34539968826476863,0.5003170255713257,0.9075546790434712,0.893251713910173,0.30346477831686924,0.1295694727722495,0.9100761259560232,0.69864704744508,1
0.5552806227698672,0.3207601696910999,0.23906779623194063,0.385184858431038,0.25886762228089055,0.7560541671317257,0.4535455239114464,0.8327283367791163,0.4575050954877452,0.8656694044711527,0
0.8427915924370755,0.9312197982305459,0.7990380951462499,0.45504651722552114,0.635022384437147,0.8420351090518968,0.8427585443856485,0.6390527543616182,0.47241912603604974,0.23633422735785836,1
0.333330995681948,0.7549300639602011,0.49987256449563033,0.9800241534711958,0.9945448627194844,0.3402858608686208,0.7794816121483019,0.30219467388723154,0.2809061549373346,0.5333292846291158,1
0.5414012975449087,0.9908271681102995,0.38701671376476965,0.8564457546241967,0.845125513445661,0.162197936204439,0.05146436732272919,0.5943514911789483,0.8487100197648715,0.8910004343040078,1
0.1075025726201011,0.4841168072325226,0.9932294605384047,0.47265646898899005,0.3066734215700092,0.4495749947581986,0.2899300059200146,0.7431797262362636,0.4183275799559093,0.4613347139198932,1
0.33785335174473474,0.943273328162585,0.6803002359325372,0.7582117706776971,0.5799700097025671,0.608855072464575,0.257821127449261,0.6852811454253314,0.5284247313311061,0.3488748054328783,1
0.9538578215983097,0.7178287272371543,0.4077236135876129,0.21848386913093154,0.13221678086733812,0.40976708219787294,0.5478613933649497,0.033770014530388415,0.7675297324530939,0.44285930606090973,1
0.5650008163830645,0.825414496706932,0.1443150891084113,0.22282112015040512,0.4684358581100372,0.18373762726293308,0.7454291940323791,0.7587992841213806,0.4440392484497955,0.6700799523690683,1
0.41944298276596714,0.18743134782231496,0.7929737793839128,0.4068666289719879,0.9668357811943159,0.6531580531320473,0.16792517369553162,0.20171623799177596,0.23182828122818733,0.6844108845415766,1
0.3790852205645864,0.7874980971301762,0.8143953435746514,0.8895969914460923,0.8345184687388232,0.9519327800545917,0.3778458726853041,0.9849106742017839,0.2585900404134239,0.22656578332223698,1
0.39178779216944193,0.7785280059320836,0.5987856857889933,0.09034396064683914,0.5058483134480903,0.2424401006280943,0.7154024529058062,0.048560150213586284,0.7854698775897933,0.8614858831480576,1
0.3406427073881695,0.1066338130567066,0.9618465720017052,0.6317511778581398,0.7646686941352263,0.5202821477003601,0.009805725931562925,0.16671858997724942,0.3500632119408662,0.31101820546771786,0
0.9706229726375057,0.3651635224597255,0.8007143887122242,0.4796712738061757,0.8596398381212931,0.9511965768357865,0.5506485665592101,0.6375416365309451,0.446630131783757,0.39688741436163344,1
0.07516074863860878,0.4805358129306335,0.9019644103894645,0.09303003267520726,0.968838838615133,0.903566981300924,0.5601826563573162,0.9644580663346177,0.9225036442939006,0.9514205201854297,1
0.9196855566318928,0.5193945877035188,0.20298269261692725,0.7975810445820377,0.07628866472541018,0.801438772361766,0.8055657692977426,0.5673839476875444,0.7972035512975739,0.17368114423958392,0
0.23445478226764582,0.760241711011166,0.5419019800179293,0.5065584108727368,0.4710073843932828,0.01938613745705331,0.07858089135277135,0.041327448031287184,0.5270710474824027,0.3122194583600414,0
0.003626451509215367,0.7231585002500338,0.489098372763785,0.2975574461115451,0.9471154382198378,0.06682323961219816,0.27542677916457714,0.49828921720023434,0.13748907788506537,0.8648883603228336,1
0.7397214473627988,0.7799189396029353,0.3555117187732255,0.40575378150452623,0.6805459378000519,0.4473164845471259,0.2757749346704049,0.825236648699647,0.22981179407031205,0.7213105887043699,1
0.1886393070344864,0.013396826184279398,0.9675953341458968,0.5076886113907932,0.49341126636981014,0.9020868632041489,0.688794482912054,0.21616738586050588,0.5349087097288504,0.6442641318624146,1
0.134582164893567,0.48542656060663836,0.2678910996133581,0.6636597702765836,0.3422407396150202,0.7036948136964665,0.6209607991149113,0.4603033960384676,0.09565378252403867,0.04428481103753201,0
0.6174251670325291,0.350397557568654,0.571457282682477,0.04622016935913309,0.8483857703384091,0.15473740957460314,0.7238225841587074,0.3528316253895153,0.23827493359777852,0.7050319697662785,1
0.4766172214261485,0.3404658474439447,0.16152533585868623,0.9094911895926343,0.34367100548391216,0.9646665151261432,0.6316328116398623,0.3719540232009112,0.32271393247361546,0.124892950634102,0
0.019397265494150995,0.787558067341488,0.3342468576914812,0.9363201518318833,0.3027039296626385,0.859211393525447,0.9949190228560297,0.9631722071004881,0.9147402955853827,0.2990267244077355,1
0.5171314695900391,0.5454136001894966,0.6931006243086596,0.1778172351448175,0.6531352965169009,0.9524696691090732,0.9678463175276373,0.9149337371425842,0.727617244791476,0.23563443690333463,1
0.19126935031530545,0.3057166054662538,0.6296645766745638,0.3426078547531958,0.30430066304382597,0.896735731232463,0.5188920311287594,0.16479091795981882,0.9744862531647801,0.37639174880015225,1
0.8665489902820361,0.6475894454345896,0.8349178296081102,0.6133833372279219,0.5713543597375992,0.7628992036438043,0.22639441691495943,0.928095784291185,0.647274077078423,0.6407074130835306,1
0.5676241538456117,0.0094837665662727,0.06581551893763393,0.6990017172272254,0.482929223984886,0.477882254236934,0.1274447984098186,0.8789811295851514,0.4055175586189552,0.6945228262186488,0
0.41259138868667267,0.5995953547278708,0.05305134203607409,0.7604746526817125,0.7178324159790954,0.2684300759654683,0.8301842036063153,0.9745424021679714,0.9123708091695293,0.6787699113196711,0
0.396001952221536,0.9114426677363632,0.2586246616493336,0.960001609223213,0.32825881556499126,0.5715778840307773,0.7879595086928325,0.8788020090127399,0.6341344123018929,0.5217033569953979,0
0.27289738095086147,0.8011273541016491,0.16358390568133163,0.5752085636459588,0.6373714599188945,0.8340641095782463,0.9628271815304373,0.6473807227758603,0.3230419279370963,0.41725630078011666,1
0.8630445867413914,0.01987908623847312,0.16881072645011608,0.4312762079324425,0.9127757412457895,0.7417538561015938,0.4649733061238681,0.7793724256476582,0.40268404278492365,0.010597773214474748,0
0.4323239572391956,0.8424268696701721,0.4065792342093115,0.86466527611547,0.6449212082606862,0.3011060218933893,0.4516100995483855,0.48889051563605324,0.842034688126636,0.7056648978955004,1
0.4005523519161581,0.4927093133232817,0.14360825511901365,0.7053294610226528,0.061165159454251494,0.43286794008966256,0.9503645998514052,0.8114247907927674,0.26763946522838833,0.5709043385433692,0
0.8536716417373096,0.7393417267342869,0.67186883531484,0.8651264249028615,0.7911845146964656,0.6888896327224345,0.17451747889357916,0.46880986957204274,0.6939132155659204,0.33437388730551,1
0.4814018922481198,0.27723419919898296,0.24855211100780428,0.8981462108959051,0.6792141512646631,0.05047362432471292,0.985760273262879,0.42310059301723657,0.10147086415539563,0.17871337497627016,0
0.8189318065243681,0.15728253167096318,0.24172751776986934,0.34684074703471646,0.324196665852178,0.07262291312039737,0.04819775466258447,0.2485381128005637,0.1320690089959916,0.09583758427838662,1
0.8039718165081635,0.9560221729156251,0.2667731466446064,0.9976669154931934,0.052327247510722485,0.15188546592230057,0.8953609663816562,0.8178196600606814,0.675103659176482,0.9463033180005026,0
0.13159590453462222,0.23257021986463478,0.8007843852986505,0.035593322972806485,0.48631410874944003,0.5168725034249403,0.5863825462097906,0.8444805089344546,0.8222955389116239,0.7327600417563133,1
0.9609980006063608,0.9316005987084781,0.9741064985720935,0.6164703943800226,0.8744861816648105,0.11007518569515318,0.6920065246314733,0.8583215084407513,0.3140589621509784,0.4961776506110568,1
0.1314609272827325,0.2776671529529957,0.2460313664186703,0.8398955522763281,0.43058327675107566,0.7449805320092836,0.13412787650060554,0.8520741319241634,0.6713510056556374,0.8726082335147762,0
0.0007758696243272967,0.4358184184100312,0.07315755123392376,0.04153554356963762,0.15384273271810223,0.31439230298335397,0.5623770181799714,0.3854123018754634,0.8086756867058527,0.6676446248004663,0
0.4224582092760405,0.9129039044176903,0.5051863792690101,0.7451629099656781,0.5928606691803188,0.10930428686835858,0.0786472478245247,0.28452958736785117,0.7543103055476978,0.7327341668013257,1
0.09816319896241266,0.5938968077832761,0.038264902539905776,0.799248687727833,0.8958312153126237,0.6564436265422416,0.3858737344911001,0.24307299073683164,0.523002722217751,0.4076317769802018,0
0.42046408303799987,0.5958845171760464,0.9930111642965477,0.6277105065821451,0.6608383625091019,0.3818094531750036,0.9932609826345722,0.7587454062462176,0.5363028255005435,0.16031214878107247,1
0.0017776021659555719,0.6383185385429553,0.5539757543225574,0.6732295652386882,0.9436396126806873,0.29038313364556867,0.15433779084886323,0.19315542621986115,0.2107783358671136,0.41997496249316524,0
0.04971687323336693,0.4003422901307079,0.4434446018360554,0.8843079397114281,0.7602350532890486,0.5839882912398194,0.9886456323392165,0.3712283529582635,0.641543233806664,0.346679448909629,1
0.564298652375628,0.9438193249313646,0.3789181674037515,0.5151021608950029,0.41785631663680356,0.37257424047871013,0.8683973145573343,0.33762629153476265,0.4914234570653395,0.10097625169158786,1
0.20722822097623694,0.3036702070306524,0.926128325987563,0.08940482514933279,0.04881452706534428,0.6258168045865081,0.43889554746083215,0.5885712722837749,0.14654964220715683,0.7197591664818854,1
0.7705303689071942,0.7035058548809411,0.4821109681919358,0.2419542001070717,0.6770068794493591,0.09942166044211487,0.49512906139726054,0.5572095102148604,0.1082653745405574,0.7827647414869686,1
0.14357731686995312,0.6647863541362957,0.1384957131291653,0.37494851615507085,0.8180645129835036,0.337015251228585,0.023775083260120455,0.057803489243892114,0.34210151654323484,0.5898539870422507,1
0.2087808517219758,0.8466358892319759,0.401461591058205,0.4582476484544691,0.520428393110647,0.47831036996174314,0.3098563654535005,0.09739671939408612,0.21455511460594523,0.2021978855008929,1
0.07946787991411752,0.22340163076573116,0.15738848310029507,0.30721340044186496,0.9368384050281748,0.9859158100020895,0.4917186028632664,0.9736582466503196,0.2779796950992688,0.43768290424041223,1
0.5119846509337219,0.4965307615189778,0.19465142011065995,0.0997760930796634,0.60563544033801,0.3775921103117037,0.14527213079350998,0.1552028913225354,0.7779890993781862,0.6318363800959322,0
0.3722803248632076,0.7435580675907266,0.45160791168447956,0.8480068890422124,0.9534538842892983,0.1844522011237273,0.07881250723671285,0.36896254508686877,0.5638620163245412,0.043479895785940914,1
0.011972370272980926,0.0694497332931886,0.40254693799731467,0.04344451956181139,0.5422649666744329,0.11475847549588025,0.1796928213351211,0.579114728622807,0.4877966309130519,0.5533252603852218,0
0.08289760594356821,0.14053506757047274,0.3909080595634796,0.3229590790653808,0.5516553134494541,0.81201808791987,0.8577773964542761,0.30274611937203233,0.15529276441643503,0.1447476235037347,0
0.7241869052536531,0.244316368313926,0.4614894631110539,0.46202360150821065,0.300203415505523,0.04155237396332434,0.9430219387536748,0.8375981661347578,0.8714875438055154,0.913399797178906,1
0.787986271988762,0.6042827797102441,0.2485363905842316,0.5737531737146094,0.006401117021104463,0.08526977169891647,0.2636942822799092,0.9306793718227102,0.7879561341741299,0.8733575306934166,0
0.7336376928935081,0.8469989072383493,0.37836508420417514,0.6577775156240275,0.5992474715636266,0.8883908562643363,0.7262811026439219,0.4092069533482112,0.5522115578433922,0.7770626560704289,1
0.5156686760756716,0.11086433339020763,0.8578653410033915,0.8548953873095136,0.6334880896178534,0.31205046929201075,0.9487773327773319,0.34180602372906965,0.08592385573243777,0.7038713785369386,0
0.03855239229148666,0.3611584783648737,0.001363564823006258,0.7448401546097582,0.7923849005085705,0.8066721558520487,0.9027349381625052,0.4532353438443504,0.2959121887429218,0.817528214330439,0
0.9104249282905869,0.2717662700616008,0.4738012561585252,0.9463659358365125,0.1524661888012635,0.3281222556635167,0.976716685834501,0.5996435081123799,0.7905594785113085,0.45499394629630374,0
0.5806244508433108,0.9211071503875868,0.5252628136409638,0.0037099615057453184,0.9425681846564299,0.2469322130714252,0.10654262235774792,0.2287593587725193,0.747793964815665,0.9988788933669822,1
0.01692138034215096,0.16782968064119885,0.7590775401075538,0.4509202789559431,0.23374280289041371,0.06536762940006757,0.645903770301649,0.04547328015925689,0.48891043607488005,0.9479515507562267,0
0.33228727650137757,0.40700369914476153,0.09462109331595603,0.32211916316940936,0.39616480497607465,0.38849741914138913,0.28862041995911536,0.061432840532800626,0.4408123291328033,0.950583230860931,0
0.5188253714959473,0.27162387601111515,0.2523256280777193,0.06933638056588975,0.012117049829535875,0.6496314126734165,0.40528751021715714,0.10652367789561412,0.9882277999338301,0.9213531754317401,0
0.22192353497327955,0.4804714941471713,0.5741220109720017,0.30994231697558106,0.19727068997133312,0.2019889191975689,0.9902304182516934,0.03697226527445918,0.527805142873998,0.11064807274622723,1
0.278031994522269,0.02362605311141308,0.9219136394025799,0.2680495253698082,0.2937246567467674,0.944813176778993,0.8101537105193163,0.3341875959128753,0.5919180767452275,0.44773891031232516,1
0.7013296851934326,0.34244316349942683,0.9401231867205991,0.22881178980728167,0.9856384032137541,0.4800449220549682,0.6797060223409064,0.818543517672389,0.7268927263776831,0.36019309791775855,1
0.1801123200709135,0.626507732303578,0.9799467276631566,0.21444234042868704,0.3859168270053941,0.11166816172931238,0.7396991894649234,0.4776225287288015,0.8314717222479135,0.23535803782765308,1
0.2730462961388138,0.4953099319164226,0.7227744173425175,0.9290944555271312,0.19607612336262936,0.7462482736392867,0.5601574988863112,0.34899598245171837,0.5260521350511594,0.8578226218340507,0
0.45323502766923174,0.09248877511005471,0.7012953764069145,0.9910329574748014,0.958958888362542,0.27347957772394227,0.20075820230715635,0.1243679664622711,0.7651061451554674,0.917410989172444,0
0.8727136122360489,0.8247565278368443,0.46250753557328084,0.12529539405139045,0.8808363207958535,0.12143515339926758,0.13624748840183898,0.02449761624039315,0.6974859670658929,0.5874479380048232,1
0.5925296212368814,0.6939616545734563,0.44786041986626024,0.10162432446086034,0.2959706385629002,0.9771803068249829,0.6458881894324542,0.3606192207783283,0.0049025852006303605,0.8739310371188558,1
0.5410064308759913,0.3951197221691366,0.953764623011374,0.5831912157303001,0.15091543169405952,0.32215421740817407,0.6043367447983546,0.8522446054849553,0.05476045108785532,0.02385357485069306,0
0.8190167033008182,0.6672223416769351,0.7498459224058894,0.08316419137996622,0.3267029480944007,0.0737995834296804,0.07041319345003338,0.5854198221837961,0.19252645642942268,0.2579230277820028,1
0.23098807782834263,0.04687878245551835,0.739866938859531,0.5119937892253075,0.6551485640092306,0.1932173112843617,0.8536944337409385,0.6660094184541218,0.37546799206888726,0.5729607241190484,0
0.4780713105787091,0.19664215053509015,0.9321677477512604,0.07357636884869123,0.26369606454156724,0.26239938683230657,0.12486893306516278,0.6762690312338471,0.9439355207906843,0.4662038680068217,0
0.41899093292808,0.6059084097929512,0.12644519647826125,0.07182169535830674,0.9913149664573839,0.5469503412858597,0.8787864531554962,0.020991261382853232,0.21332288347671102,0.08161121998927945,1
0.9747474992110134,0.22334431729070825,0.029055760469590575,0.1895832971741258,0.261798439656027,0.11636847026853192,0.6277913781729485,0.6075506973172413,0.4235605635251324,0.18927417931604495,0
0.24381820967303158,0.22532818303668767,0.5774051745714631,0.06771980757278973,0.5715651715857734,0.22811597331307232,0.17968486977749198,0.34328940614992365,0.7883939661063198,0.5336603235392643,0
0.6025029587775449,0.46109537469724826,0.26003672633330066,0.8457144619868519,0.5676704669064148,0.8456596125667976,0.1654158378860534,0.1865000748114386,0.18500909139959099,0.6149007410889439,0
0.7469928162529601,0.4292045963312977,0.7034746835354418,0.5421285736188759,0.5072956242633284,0.872108183592519,0.8837937348793953,0.0743855111979711,0.7831536752812063,0.2225628511666241,1
0.08517289788209748,0.33394368229258076,0.7024805124679208,0.5938321700305808,0.6599260701368391,0.6942519177182487,0.7709234255575266,0.9098462863911423,0.6986004329381729,0.16689945593475353,1
0.1519440562711014,0.7132392952571474,0.26644664223886794,0.39017349447098426,0.23538056364627236,0.16829884883932644,0.41245630516542153,0.8863244706725935,0.9666257530215157,0.3952697942021929,1
0.6224887618383387,0.3447005350730862,0.6192284866380485,0.5677739080145056,0.489705871555262,0.7695618810309358,0.7214839268876084,0.9701713391911283,0.7966554728988571,0.1955653622868978,1
0.6434987471708933,0.14604877870422506,0.7198116589444801,0.26943234862528465,0.0853384068123284,0.06439060330006685,0.6754125000280994,0.9876390054189678,0.9631753260077346,0.45604960629231817,0
0.43108867186362254,0.10341007381910583,0.36476787141021083,0.5556109867368909,0.730283318833726,0.16036772135858457,0.20799428247384133,0.7964826823354787,0.5430404621583313,0.36149374692084446,0
0.2527461349533966,0.6374938231603762,0.13931538545546196,0.46633764522650556,0.9615485884928169,0.8385604684389731,0.1712835565162526,0.11063057958569666,0.8879760389901936,0.6829519101688022,1
0.7624966943238292,0.29060802269554553,0.34893570951630093,0.18389200421176377,0.4719362343380922,0.006583497405450056,0.617182727524557,0.8449538053758874,0.5504131860653062,0.1377267431078104,0
0.4298819658311638,0.8880233705739722,0.6292306437757607,0.32624714125858545,0.15701015759040127,0.7313689271409979,0.3272378396502319,0.33201691576372383,0.6844312303466689,0.0194841848188666,1
0.25593282811347606,0.1288979510130086,0.4292744239949693,0.17291821694367548,0.6900817010377079,0.012864904178708447,0.41834158458363513,0.9960325319453835,0.13464037425072428,0.2406271124052911,1
0.6828028495784512,0.8771553249603128,0.6397449469168337,0.1974913850111113,0.45689663537512737,0.8068785831683232,0.5743156456554533,0.9806109401191697,0.7675200668955402,0.14154581613407047,1
0.42202687144453677,0.8998520060223312,0.42627249369186393,0.3855069714497651,0.5581517925206232,0.7268832674329079,0.3055487424824367,0.24872923796133173,0.8581280559408291,0.2542391521767997,1
0.4643077701649382,0.030627635760413385,0.5465955159619025,0.29014986596091796,0.7343807915694105,0.5523190351387062,0.09985237813888359,0.7288681839100135,0.09498369313628552,0.40721678956839213,0
0.09589263885479626,0.35866478835099325,0.3178511322894422,0.018158425794518984,0.6098395061815061,0.8060536489482628,0.6152738524462708,0.9782248862466153,0.4157023362719676,0.7308078908833683,1
0.696314134915506,0.13315912083282255,0.7931833265693352,0.5526744793016345,0.04799419883174594,0.503214335720638,0.5482481285416076,0.9841060895921967,0.6479216400165383,0.6359610207688857,0
0.9950584873899213,0.1743567953886056,0.33986236710959683,0.8703660568323893,0.19847729500989897,0.3641324046755049,0.7715882964917044,0.08693961885431012,0.914635444653124,0.7762934949931305,0
0.5521632845573343,0.17716829033096093,0.040376836218305456,0.08245602982620959,0.44514220413834127,0.5315242155459602,0.018681011865808617,0.23795983955168754,0.2547270946836169,0.963840941777411,0
0.8367700393763824,0.4317664285556,0.7992726779643214,0.8495456564679343,0.3094982715458966,0.9010914499405497,0.17809087491893916,0.991654261148524,0.22018529748898874,0.9572783388385041,0
0.3259849826727228,0.793451632206324,0.5635308802631882,0.4429546693054971,0.4449173323506518,0.599584367925427,0.9825544271811073,0.08826331128906273,0.6806194274750866,0.7852544967026482,1
0.9715658734947147,0.44215191806889387,0.25011412296547353,0.7670542960463618,0.6828287177091831,0.0877631455460216,0.38905461878003433,0.5494922740011444,0.9789059899166392,0.848868238602914,0
0.6592975551513321,0.9642606241098548,0.18153406766269875,0.7765876442574413,0.2014175383665835,0.7093199083334796,0.5951126946274358,0.37596100614061867,0.007762401665846075,0.5140178814214283,0
0.516215053101715,0.6174276450389466,0.2272812799143229,0.6868591158717073,0.9206817261564885,0.2807632713795891,0.9025038563149226,0.7404735767605303,0.7477010804892835,0.7305226239346082,1
0.1051325472697704,0.9063630024270736,0.3283598027820265,0.3939472804594134,0.04863861882958809,0.7831457619093415,0.8489663915360472,0.21124367058925775,0.6767589635085314,0.7481682787910339,1
0.9433848527135065,0.8607802809385178,0.5121018022042813,0.5125295270380461,0.10491338779105397,0.772968104235747,0.25820267033533995,0.23485206789638458,0.5753803884045156,0.3959257207563265,0
0.587385515008622,0.6154765306591423,0.9802179307618698,0.8496532200497081,0.9426392296552555,0.6534732790579092,0.2971889062362446,0.27669301861996154,0.46255480262630455,0.9006550583434866,1
0.5815303989173968,0.8283389521416752,0.7438173400315883,0.1354377223968608,0.6402495188354327,0.9262519057345376,0.2848092440828096,0.23225958122103074,0.768592241793309,0.8303445976574455,1
0.5797390762884871,0.9196031877055211,0.20929796934799527,0.611223902670478,0.3293898251265641,0.6266746568443656,0.7106384475694466,0.5676917786953757,0.05419017718777974,0.8123749614206707,1
0.2229683318878175,0.6719310916727725,0.3298656673479059,0.6659931539462675,0.7973682101977169,0.07204336209905648,0.47695134227162317,0.3094300329387001,0.823811264470822,0.9909825347854423,1
0.09786168341614543,0.6867083001151484,0.4659708773023763,0.9573015525037756,0.09391943276048764,0.9212058684683009,0.6368209709218196,0.19330518183337853,0.6575889365787849,0.6419186266244805,1
0.7115993537086943,0.32154683979243925,0.013654040070595674,0.9041899829290092,0.408800226313195,0.5878685981334356,0.3400675589583503,0.9539353069240274,0.3330306610622845,0.7658275369049462,0
0.39258795466319474,0.19556743769811102,0.4586007538280851,0.31356197367873595,0.6709717565099537,0.3310145572488161,0.11888113830047453,0.6230689395255619,0.15587517069639034,0.5942355296758706,0
0.7922106430856453,0.3297392270433147,0.033379827329218736,0.24302565090627337,0.3569348999408134,0.3681444476893282,0.6948607001564246,0.9866945444690475,0.04190164739822588,0.9819573398589828,1
0.93701782027891,0.7929669123921631,0.5636008029736185,0.799320678935254,0.7991954191895421,0.11115707282700626,0.1601174407286461,0.5510123190560822,0.24928153997042435,0.6626719578881967,1
0.32492773256945395,0.43759946327613974,0.40522115009552206,0.9061267312900825,0.16885994277375616,0.14942715992295585,0.9784245382325379,0.6491074132685012,0.6562152483320586,0.6323204191507005,0
0.2566698966248212,0.36971682551385476,0.8112785141138567,0.3401093675243282,0.3329670731056861,0.12606924004499065,0.4078899265248028,0.7056927929284444,0.4287039042012166,0.4997223950804697,0
0.1368984616410629,0.40994252903629613,0.9861639603353006,0.5765583569047961,0.6006060247251125,0.26285294948797067,0.8234805718888336,0.035365648785470105,0.5195485888268293,0.6942809204893579,1
0.9598908530480329,0.8897919798577649,0.5628058539135158,0.18374170323421046,0.6856519146543858,0.14966666744700718,0.5642337757656173,0.37452474198414054,0.3371586999038948,0.023363779488288383,1
0.7213021149272848,0.9561857233998202,0.6782152362750048,0.1726434531709019,0.05581693505649543,0.5840186167384938,0.20878511110582498,0.3093387157589301,0.03316460145336242,0.4364236488873706,1
0.6858670803730986,0.7549091926683313,0.8178975822866777,0.5881661976478377,0.6351931009826685,0.8390795668405898,0.7406326129754538,0.15755130036168863,0.9198647989178036,0.7831966329276423,1
0.9196442694805786,0.04212372650125673,0.0556533030995392,0.5592256048763047,0.884460554609579,0.510907852896851,0.6523677666731255,0.4444714393362229,0.27972827242188947,0.4540299980297968,0
0.7892859665044766,0.8906641196273423,0.9335323359466593,0.06213950663975887,0.19351568185333823,0.1587794251216168,0.6602337995063745,0.8305947906799734,0.747290661502648,0.025792106687916205,1
0.41595726984507164,0.41908623550589996,0.5032694308429201,0.32404396785314526,0.7406516438800038,0.2707517332663356,0.40835187593952516,0.8446425092806532,0.416955968875241,0.6926103966080813,0
0.9168158681435109,0.99932379530848,0.17688403548141685,0.4610319377297082,0.45304856859231213,0.4657764039551977,0.2506084253584858,0.4948180433173103,0.906140204789808,0.26087122421036657,1
0.7754361694121903,0.05285774911945629,0.43397633050688056,0.1422791995471855,0.614821683719375,0.5001231626172638,0.4537602734081132,0.9212797221031276,0.5457558803730823,0.1550632074392253,0
0.7195530688107074,0.7074437636427668,0.7558894483570394,0.257157505449104,0.43754684200022953,0.0013098071634778385,0.19587513704364545,0.4926915993879125,0.6454737746413495,0.9415061207431947,0
0.6899737033198026,0.9636951285694791,0.40141929967700607,0.3056143820245336,0.47195004649023786,0.8699451504441238,0.8381137055730984,0.6359774177082181,0.14434523482778738,0.5826333055175597,1
0.36096371887789946,0.9829816100975918,0.672251333934612,0.2700569561362701,0.838454912594777,0.7918032558113764,0.08474082184434595,0.603930265349149,0.977104117101467,0.55636689574207,1
0.5144364295858477,0.723930676915906,0.4003861731730317,0.8722226016105121,0.10277172451480521,0.17055003374375088,0.47953842183455286,0.6488642402251107,0.7245311435241456,0.054814088875767664,0
0.44263457951771157,0.3793071020618952,0.6993879240130353,0.6481167071462564,0.2936708436331441,0.08323749653764734,0.05370857065560719,0.9744455595863881,0.09159076239904573,0.9263729067793285,0
0.3621206583684462,0.7265127612397858,0.011820646913528465,0.048065238808075006,0.34801558155658663,0.2890598816077862,0.473555357482078,0.6860775631859988,0.9302902193867991,0.22964352893329776,1
0.4706679609751282,0.9044671477703027,0.7905558616149878,0.4733710160034179,0.6484222297423511,0.6744388989569154,0.6539528046817419,0.8600955749829886,0.33376272499564064,0.23006816110131223,1
0.7600839746519795,0.34654863291493,0.383577850931187,0.6782013228569693,0.6155300942327956,0.7419958506369226,0.66894905752276,0.1657634977709973,0.2812806523098096,0.4044635391549277,0
0.8507874262808857,0.09291566089135839,0.8980713188302926,0.18765419899192048,0.45858595473641084,0.780976690227531,0.6126098540972945,0.22976945987640507,0.4441385551498437,0.4237487002925675,0
0.7435423260633619,0.9005095986777847,0.7671224841269358,0.0047984930685360805,0.5301945158856409,0.34350504350963607,0.7668217725187808,0.808334498075508,0.4578050844459133,0.5987116817928791,1
0.2728701575713661,0.6122744682048269,0.5155080561214094,0.21143888649346365,0.8194873243344111,0.3374091945835631,0.40076775231149364,0.2832414637094095,0.0451327612537179,0.355484757156735,1
0.37388536903897385,0.2434865185420061,0.14535713176439902,0.44137192321298635,0.5911624514257932,0.09717120901765075,0.11655999787546067,0.6914744448870267,0.05675374650242959,0.701134544000612,0
0.5116785959131126,0.5539030109965207,0.9954656491197346,0.3215070336792938,0.2223725007363142,0.16594483760278045,0.2427628662956196,0.8267527936166151,0.41204988299149603,0.5000800987035665,1
0.8514214123180012,0.00831412432778178,0.7593595761052011,0.884749741525923,0.1477967102575377,0.8584260673716001,0.26469722505557003,0.34616538596301993,0.9678056385239286,0.4953400840066208,0
0.51704165242418,0.884370766037928,0.4842696780069805,0.7916848551337484,0.8644631140081184,0.7182616413366616,0.14090631878663273,0.06423772017557294,0.7586961672035263,0.2819157650357511,1
0.17450492519046812,0.24790660988893642,0.455667212295612,0.1036936527623159,0.7210581939491877,0.918850908071324,0.68219292517334,0.9866666480481749,0.8795790164190362,0.08060406343825521,1
0.14405684636156824,0.8321797542054634,0.18092919456827095,0.4460142319222724,0.9427395600000457,0.42785750046129145,0.9194828830916212,0.518469986685015,0.6186593357845844,0.5896802842106729,1
0.4519190844781078,0.2949109820013952,0.06927120861113178,0.2776349187215521,0.11554667292585441,0.6103766629562107,0.9951153780236287,0.7220436851353949,0.5812446474367723,0.6919207124689304,0
0.695379484099734,0.33287134515857886,0.9910463472008889,0.9878711901478034,0.5814268455564592,0.25116788131651946,0.8958126250594536,0.515932489952524,0.027215362421273537,0.15319120764953065,0
0.7883237799188476,0.3494726524287727,0.11882844508530122,0.8870868688069692,0.9811883819113772,0.4095895108162194,0.8033174306307949,0.13610314358212794,0.13231290654264805,0.9215958285331158,0
0.252323191750497,0.030255994695342903,0.3160728064760596,0.23206558899684326,0.3787673639887811,0.13131966968292752,0.13053632862501352,0.6356656396672365,0.2995090651606951,0.24807578364653537,0
0.9084397665564564,0.06740577918958446,0.4138563695232549,0.6487001639749934,0.2842688135672471,0.45656826251897853,0.8743377652178996,0.41836980870405593,0.8615774293439613,0.7998007447010574,0
0.5576006613975677,0.48827003344585207,0.7582961380328707,0.04748607356973511,0.3950928257122369,0.0775742629092182,0.6969544729739761,0.2988076682889226,0.6225828965139842,0.5106570670852747,1
0.93009230515899,0.1652473481631186,0.8545143943352649,0.6806619951296852,0.17602058752319616,0.13950982746501628,0.9381416303765463,0.9148702000288096,0.5233115755386122,0.5402944861443767,0
0.9223424696531242,0.6057206505981991,0.7611798443657327,0.17560311806840345,0.5015015295934775,0.15631910408687333,0.6926790538482267,0.5326156615476941,0.2865584749654495,0.8834283280074845,1
0.540394034650086,0.8670477189469463,0.4602715677855226,0.792669383686681,0.7546356235807675,0.16758701361423856,0.7457921516846274,0.9179641680178834,0.20798516174749093,0.4325907747793586,1
0.5451400607019585,0.13618402501550153,0.9447410743056128,0.7024234359219839,0.777795972957642,0.18615260326264982,0.1440251434533617,0.46276842608139657,0.3787190465745133,0.029060249942356564,0
0.43763152487538204,0.0799935605867802,0.7433796376530316,0.40669989721474575,0.6658380816649196,0.22755598890691264,0.22186423291236002,0.6377267735696981,0.3469587327038185,0.8700860273420234,0
0.19287782128184894,0.6503740782221056,0.8587783933000264,0.8513694691599814,0.4529161192454827,0.6443166711467285,0.7671034487824937,0.05593466948486514,0.33059165785435984,0.33965688594237364,1
0.6360283618360312,0.8249141732347294,0.17021527551673987,0.3443909273729824,0.9244677782811712,0.4481622198431259,0.9115997629064708,0.31217246285964384,0.16321700653925042,0.25457374782680575,1
0.7264452635478018,0.7003578967149046,0.2229317201756238,0.578847265211968,0.44986816415468645,0.9155027418066858,0.45815336442916854,0.03867751578369494,0.1042611755728643,0.41556904075053414,0
0.8642268872670021,0.3997309123683349,0.6449234668927991,0.2328466737839835,0.3909741702780789,0.7867708056158917,0.8737535427754349,0.38011363602222614,0.010159204133003641,0.9639096108477428,1
0.2072290941135012,0.7116754962378428,0.6235996771465296,0.07055310878785503,0.689783641420564,0.2834234799769746,0.6022876600198036,0.35224927615120294,0.46524494825318286,0.6894717845149582,0
0.3127857415578048,0.8403052433790611,0.6774891677637993,0.27904742180471875,0.15965986566056167,0.2745869087560009,0.48818970033958864,0.024029445917755687,0.5551585673886525,0.32303095017618666,1
0.028935854835875907,0.11732825071605946,0.7213406707742992,0.504554543635242,0.09111741086203706,0.759206797003159,0.1437807496212553,0.22384564763122128,0.355853709759551,0.5497237862985903,0
0.9466457599175571,0.36597531898773816,0.21845966731537914,0.45703429192456235,0.8377051935204597,0.19772716109512278,0.4037001837669626,0.021175839970263843,0.6358879480953292,0.4498517847880882,0
0.6600502477660397,0.3680908863446112,0.6968375885227232,0.5813660447879573,0.8979739419804149,0.3534532260947999,0.4946374173509076,0.5683459665124095,0.6116054100546416,0.37085355800585884,1
0.5631450169538974,0.6315412602050516,0.44311044450650305,0.3003625013973271,0.3645498743305482,0.8900916126152082,0.8398410252200438,0.8975706031494339,0.5591507719774257,0.6242656286431405,1
0.9330285792179627,0.9424042139435632,0.8942200740332531,0.7736401224851124,0.6452377287783989,0.5006236669721122,0.7748420369573492,0.07430590983001573,0.650111334870272,0.09628069306661347,1
0.7105325407970811,0.3196694414983523,0.06004223826401689,0.20450948208838837,0.7894919872793037,0.6648110682927538,0.4735842841168869,0.38571729335959415,0.6229611626394682,0.26207706677339526,0
0.7287818145928985,0.683201997416042,0.24197238812076194,0.7234954382269987,0.0915619193447672,0.16853134883811083,0.9920164367892843,0.8780533298201105,0.2857308835506954,0.7367846124040385,0
0.022051994322795476,0.25051449306498597,0.17602743802381238,0.7165494940321675,0.8227406855797568,0.9011782336144536,0.3616974109294273,0.8304530952873422,0.16476597900377143,0.47819520213957223,0
0.25288065588877073,0.13629547357914773,0.9108969171003087,0.23666682768045033,0.1538632759818247,0.30248674308237655,0.008161076056539152,0.5536881677809684,0.5943434617441922,0.954811833549558,0
0.5023395099494781,0.3668897634222472,0.06865735502636883,0.2143390744986131,0.767137115341561,0.6234127464324634,0.6919045386903034,0.8924937804168516,0.4275189678882414,0.4160107380687015,0
0.16542423977886,0.08631239744164898,0.695805502740662,0.2038162984140276,0.08358300472745317,0.2237883213120213,0.09226693429052191,0.5920630235917689,0.3053153795039911,0.03436981262833738,0
0.379846145789527,0.41216857956363684,0.8095695030723782,0.15778328618597914,0.11701721567289225,0.5722791337049931,0.6761003850081165,0.8688596232987136,0.03610034669292672,0.15407978795546018,1
0.44226866184995317,0.1516044678800148,0.760375339024053,0.8810015310539127,0.6260353058479158,0.48905610333259786,0.9917012102931202,0.9737992355657354,0.7115248209237751,0.6957725956329078,1
0.09224171652183422,0.11515150135648633,0.5061776473610363,0.7627286425168336,0.29056220528308085,0.32105944166437117,0.8668077739340997,0.11201451151950459,0.7221769631351846,0.7817215558803691,1
0.027815945134681663,0.49309273121217756,0.25610179375384645,0.5192386319842134,0.7699467419895569,0.34494237644993786,0.8263763391640649,0.49593148718611846,0.34675244056529697,0.7033557307235605,1
0.20896756736689737,0.3943739386357179,0.8352480619836318,0.6621370203604036,0.9596810239738952,0.5038285086161591,0.07682932237403095,0.6523230446310326,0.8527764281022391,0.7443531824395289,1
0.9541063546237598,0.7596921537585525,0.5733311147395633,0.3791156996765259,0.7714861348701586,0.060426953617673695,0.39893738083277885,0.4616566004060947,0.01366427053041741,0.5938079774941166,1
0.8612968229928124,0.1369248180599132,0.7658679280267551,0.21820004053430098,0.4612125237231345,0.029278177716972387,0.10809495107970724,0.6811872446408538,0.5229149521797314,0.00890252576284778,1
0.24964717166577044,0.21620264126542577,0.21549257520124332,0.03062080442221038,0.7526361600028039,0.33764523930514123,0.5345167501145317,0.49092012117171724,0.28531416417423605,0.6958447288104247,0
0.7322084159046721,0.840729605985953,0.4928875057883869,0.1421406382664957,0.8509180090527397,0.32502249563734387,0.541739276338125,0.6924523200197016,0.6858967421489496,0.5504096295353067,1
0.8941653786309682,0.954815353608359,0.78172300028746,0.9638552681712153,0.9193379082591386,0.51938024060377,0.16509316696439302,0.7509910109282119,0.4283655546278434,0.5426609781443604,1
0.1453701403204165,0.24052062281883568,0.01699396247075169,0.25809761654479024,0.23538566687103013,0.255336161248205,0.36409222721220424,0.3112009347475708,0.4210916302992851,0.7995632683744283,0
0.08833652831814742,0.0385911271000261,0.22798495073355107,0.4573684359559145,0.3452071911861109,0.16865695696389227,0.4422649702488324,0.39963585166123794,0.12182827487698267,0.35835025096971973,0
0.43941237910287534,0.5440501281078147,0.7067336165279585,0.7113392741544238,0.703047546589707,0.8916324680182484,0.07269165973418457,0.5390149383336987,0.1182627461997976,0.3069157331191782,1
0.7485157307113881,0.022135278453633944,0.33284754560660657,0.33978517881987436,0.6305925568164391,0.37908384182563093,0.3506341569853343,0.2582043720442797,0.7415184929835538,0.5007762310637284,0
0.23147410526746404,0.4520770243518415,0.9886386339881826,0.8069547789342892,0.1984045974170252,0.8772850096173275,0.6766585429958338,0.6318833432047487,0.3147608956754936,0.9918799351003953,1
0.8512268221842723,0.09271583408842732,0.9552810520951626,0.6435288412825614,0.13766681516310386,0.49654303323802584,0.14983581719146077,0.22054649121071468,0.522659341815168,0.7998618080246817,0
0.44502074825573423,0.8722868696072811,0.20765937410726287,0.7978425214467716,0.23175405364542678,0.3676505063334121,0.7861035605874213,0.05535479592011172,0.5809298032883115,0.8377320966063454,0
0.5735867327826746,0.406387535355748,0.9187216528272918,0.3607113363828235,0.5435957917086927,0.06963318727147494,0.41186325850731265,0.6931733994984679,0.2596216712603906,0.8915896024824453,1
0.8716050963513934,0.9612079149027257,0.8129520078256584,0.033926144358483845,0.6910273538527818,0.17272053517752073,0.48701418137514996,0.5704124743545024,0.7125281889793756,0.5764016236020922,1
0.7488465859532204,0.427746769607646,0.3293030879920995,0.13818817463000754,0.08454351858028464,0.7418787535397194,0.6966992577610844,0.8425694383331603,0.6981637848107998,0.35372838262275486,0
0.9302184115535461,0.8889936282936395,0.8879325980755787,0.7184499194051609,0.06683689838916784,0.9928251314672012,0.20469366960899615,0.3060329739820754,0.5799582947959303,0.7831559202415213,1
0.21285858415665326,0.2279529632874734,0.16230619268538504,0.2784978964138539,0.7322829106031881,0.6060394233943026,0.7184318981401353,0.6868515607383082,0.6835160095411715,0.04618289361164574,1
0.28386984494520684,0.6561131726044482,0.44847160134491093,0.9520387804127649,0.7376669476809796,0.23940764398093595,0.8564349060549142,0.8739567845990774,0.7781859930342904,0.939909969018985,1
0.6370998088107106,0.8895473241836985,0.24522342766358884,0.7136330109134659,0.7738683979939792,0.7871754765246509,0.8869985477147465,0.8919375951723888,0.2019932019703592,0.2132674417152497,1
0.9935464378803598,0.12469435974616372,0.20811867749897994,0.91830397500486,0.4145560032521213,0.32571147664157385,0.2739188569576567,0.45634469353098817,0.7109753226664148,0.09585630765511632,0
0.8653046636872483,0.9601339136715517,0.9597858938389955,0.6751357755817938,0.5217405840038963,0.5945175534307601,0.07298432240158292,0.7215328882337264,0.002029064950654247,0.7277213452522288,1
0.7125639889362144,0.08172588771459977,0.1030711084556466,0.5825235832948882,0.5048373061501789,0.060350639807049244,0.5765623633375505,0.3632408589142889,0.30343119183526845,0.7314544749814748,0
0.546620092227896,0.6515347642108373,0.33648190625062724,0.7104482888037313,0.2411754242855435,0.9999888593078554,0.6691053694699161,0.970488304588138,0.5595678588352395,0.8387823624259853,0
0.34063694806583555,0.1725818688745372,0.9314214743286877,0.15682412748445695,0.7509643409386382,0.727073786935914,0.5549271764480496,0.030794244636605517,0.9689122078077831,0.7549516869038128,1
0.019528695556540354,0.5411426084516774,0.3605857782852987,0.7189244616298942,0.2032684352197781,0.9927508176491242,0.8289447469345544,0.6465872227956294,0.3610071052564249,0.06317731298407303,1
0.8291085661491145,0.18891191246260397,0.9930241684989909,0.47238655395527374,0.8319666144029263,0.7492632314095454,0.8427807538498564,0.02117497807009494,0.046643151422907425,0.24596733963056017,1
0.763713504632142,0.7514601260988644,0.9392204625907583,0.22479622933433474,0.03658445551030698,0.8005484554220179,0.7944751959477423,0.7063011306160906,0.570639013975132,0.8893019623318272,1
0.7225363500749202,0.5408249455709612,0.8652318597537725,0.93386970225062,0.17600241017111173,0.4098458465010909,0.05926518032269268,0.4747719451669108,0.28639705980716357,0.8634819855468082,0
0.08981225470762044,0.5980827473836481,0.1601596884589278,0.10296286975405033,0.9979356570987343,0.2714462689937046,0.4766290379866569,0.3500249758622973,0.8591045433240944,0.8064653131392462,1
0.39720191517067227,0.9916954038791104,0.22576808972915696,0.21670664194976785,0.8451566677033283,0.38894001888708896,0.9520352550151092,0.2556891392567252,0.17183049733214328,0.9264051345826462,1
0.4614464845768045,0.7752754078806752,0.2579104213085732,0.760597855144906,0.7324407799623704,0.22710029285409594,0.08654137278110186,0.5149404506596146,0.14663782453012553,0.14848552846731944,0
0.7600563290184507,0.5747558816787204,0.9834444226676462,0.06184877246709075,0.7985534620148012,0.8405623572936898,0.879740887954395,0.3994404429445393,0.9241495785643844,0.40819463581203763,1
0.5327902134036759,0.3549524001564982,0.4002468374322419,0.7733305688684323,0.7707781234356423,0.23087782759482456,0.1398128486812824,0.786523139721897,0.8548614741391826,0.21911612523565027,0
0.7174607475961379,0.8245521319420844,0.7333490826112105,0.7143808743755996,0.053206645003748054,0.5432182825574752,0.5840673767938768,0.14257492613032474,0.20761630871134473,0.9356056444057458,1
0.6827998096033151,0.632255737682766,0.537406153136771,0.8106977977949265,0.21054211656283706,0.28093076025794694,0.3986236723856429,0.7660435733814999,0.08248951381357494,0.3600473675554223,0
0.5237647950719803,0.710864079309386,0.626299473432336,0.752741068119166,0.6870832717234762,0.11367180554210021,0.9494775565040594,0.5713668365681551,0.38564239099885345,0.016562520665268754,1
0.8319987631675663,0.14407945495738894,0.36764908946653896,0.6656877971941849,0.5393793641891356,0.22245786684429214,0.6207240571731122,0.1573419603338555,0.2893656568983005,0.32320883278741397,0
0.5223947430351336,0.36265954089716324,0.20417821603323483,0.7258277085539212,0.13278650139401127,0.992044773370718,0.21338469263657345,0.8027888802600361,0.038016142107161977,0.6032302562655076,0
0.21122688859926653,0.6933857528291228,0.022857258007098036,0.1649808518186442,0.5938629024461598,0.37413092521995983,0.5816541375538322,0.6741926552400432,0.9639519925821225,0.7978678149193912,1
0.8769509413205794,0.7364411327939512,0.5240081057309082,0.6378964757255793,0.7674131396176185,0.4032724249827292,0.4577426479991823,0.9904669917945886,0.49421229524576005,0.4710312492670141,1
0.35837488415955765,0.6156378097014644,0.8905775228940931,0.0009696724348585706,0.5277371506016633,0.18519849561467427,0.14663637322572087,0.4697027607346598,0.16889632607030824,0.1031633714232918,1
0.9857877523797165,0.22785213289090112,0.6037174333421218,0.6150867219032115,0.9169538363551679,0.28903037315027913,0.20106260892995775,0.5628822024752671,0.32038508942630306,0.7440989038794981,0
0.4906003044337066,0.031311378282125046,0.14961702181645353,0.8521724350082859,0.01570018129189743,0.1464713568709889,0.8066651146479543,0.467742830067982,0.20402390048034047,0.6714809713962906,0
0.7198164217507605,0.8268296806952917,0.1700118552675367,0.7297138512470207,0.285081028328271,0.5049921307863113,0.26790171537012053,0.2138270780324154,0.9796885256865013,0.42608452340611636,0
0.4307913884247123,0.719997472838956,0.7272569687880974,0.7477898854193474,0.20787271094443383,0.858857689394688,0.1542519212763781,0.3095417864934116,0.9239747506041437,0.44727404991946695,1
0.36306729637161583,0.9394451177074994,0.09136571350949885,0.9917196738030425,0.7949594189098448,0.7868920178420138,0.6163600584186263,0.02320889085136435,0.19782752167916917,0.09672748981756829,1
0.10744232695161526,0.28556412719241897,0.7512271440836966,0.8146096560874939,0.7157724296443175,0.4184668990621645,0.9613660840291409,0.8353915981959332,0.25494159694140084,0.4937575593052437,1
0.7709929033099049,0.8918602462467511,0.7115394422827803,0.13076794520894763,0.9433847782954574,0.029994440519667376,0.331755030073159,0.4367431651411243,0.9183908476484277,0.0878757279599145,1
0.9223630856994657,0.5397458784465257,0.23638947290677148,0.4450605755555549,0.24551159005826861,0.2640229788032188,0.043396060215161514,0.8194111541157714,0.5081112334051084,0.6189696432227033,0
0.5706484291324346,0.5916926624528928,0.6730663358415253,0.28041878635645845,0.8022150815148642,0.9523018720729655,0.16539956081820806,0.930338898467208,0.2981702668557201,0.8748654069914994,1
0.6860292505895291,0.3888758944883465,0.822544546687115,0.5044038999965296,0.06349770728579929,0.5211130048774304,0.04500686533433906,0.3301174779816076,0.3103413613111342,0.6218977741206988,0
0.44129610267434016,0.4595558600896046,0.7346553051025131,0.5828389162013357,0.6570734287923392,0.8813407874250305,0.4260292431791408,0.1862626908527263,0.11579235503442342,0.33802921357959304,1
0.5512491374362362,0.40877532743037226,0.502708447806217,0.9261941664063145,0.07012987612540733,0.5630289755980731,0.6388305056424026,0.04240515670052836,0.8285477929018282,0.12262320752334566,0
0.6615076616487853,0.0012694604725924652,0.814922468538765,0.5156249203815708,0.31565342656678075,0.0003237110854693581,0.8626068683409102,0.16735027422101012,0.33873598117682613,0.8545835799121881,0
0.2943033263880519,0.35382079970948854,0.46569774370399775,0.9631084616629572,0.09264258229151845,0.37478246211213295,0.05479901570653101,0.7476736077243905,0.6540756062300468,0.090616394562553,0
0.3736772465421411,0.8770871859508875,0.3360429415167431,0.575586796513862,0.6718429536594372,0.739695011157985,0.5931156219736576,0.8333141947440945,0.5763883248849527,0.5322547885628207,1
0.31118886627495057,0.9479205693871017,0.5974456433258188,0.20400746693562954,0.16293617897639845,0.8355774726549164,0.958253613483982,0.558499633574279,0.715388431804041,0.7814132932385253,1
0.15369824292390732,0.5909915582835915,0.20753571251616187,0.14049717839230424,0.7624061718189215,0.27944853586321683,0.35301438095564674,0.9617204899696196,0.04209125461084828,0.871533549890015,1
0.8727821013049966,0.07304176640237692,0.9289162194072056,0.49602670493137424,0.5221502971326658,0.34875656206426664,0.1544995212282837,0.44896584194069067,0.5409012958921868,0.38865985273887604,0
0.7406564588197186,0.7208148019971324,0.6496665420349885,0.9168500308658596,0.994677330466581,0.591908998762376,0.8301671323969834,0.9431925197946431,0.42932623116672697,0.4903866326345073,1
0.8992173978793532,0.6672254259129227,0.13175967979043424,0.6681746595386833,0.6450697912269349,0.23002234008015388,0.6795472026957656,0.8437562630228739,0.9261651577178538,0.19566705867117107,0
0.13565804108655166,0.42919103643320833,0.15064341739685627,0.11502210639948274,0.28448893737788583,0.6627499561074647,0.6000328990107388,0.5549715061344608,0.6875239797301236,0.7011138692893166,0
0.5707205441803486,0.40456134721769355,0.5475729334980418,0.9668865225330535,0.35931020253033585,0.3437799227481879,0.08905373562203489,0.1409817617724417,0.04895318927279424,0.21715235555623857,0
0.5567974654486725,0.013329090574179525,0.25510877927505393,0.7962464377825931,0.40706979364033646,0.0425011431905834,0.5411153487970624,0.07537672439062537,0.611184794452512,0.9070367150173102,0
0.28048944894998606,0.8752815600663194,0.029837115259669256,0.4039400742318844,0.5906225642569699,0.8115550342920735,0.7402024219365211,0.8286343731632952,0.911722149711119,0.03473151038565414,1
0.6842570052909674,0.6376781429825874,0.9145525606951895,0.3483872232697799,0.6538612398551522,0.48711157037236974,0.14165958470395645,0.9828020131154329,0.0781740345437012,0.1430751730885772,1
0.9077010559370998,0.17914159086492698,0.8479719995747103,0.6744829249463655,0.6271007547799797,0.28765476833387726,0.406236385947088,0.3905344128967799,0.08557530401749325,0.6005702227832533,0
0.9804100292177107,0.4008542233963518,0.46941322080216175,0.2934931194208269,0.7121998025128606,0.890137005737071,0.32016878263987825,0.9066366032833171,0.13475068633323173,0.7823179659391194,0
0.38694623214830115,0.7687280455169108,0.5401432841943017,0.4353862479916065,0.7679936750951482,0.3084415167329021,0.5220933864077532,0.270068316220594,0.9412290856243716,0.8761292587845894,1
0.3695777533835092,0.1574013146697516,0.49763665159055226,0.4910714314991239,0.6838157795023351,0.04480521498722645,0.06290548962984932,0.3639229224760817,0.9347567446324254,0.9518455127785866,0
0.15137155608513264,0.8278037439493207,0.3902783232267374,0.03384648263966783,0.5209988901095769,0.7451248454817936,0.5224804940647312,0.6193011724121853,0.600203420150868,0.8785700877198491,1
0.35998053035283584,0.7321509636722063,0.22766182072801844,0.19921810006754137,0.08765661856843388,0.7189920329975115,0.5150355195417635,0.3714668595682238,0.4137089030195643,0.3293871329174902,0
0.711107821193185,0.006628748808291229,0.08519739570611384,0.1468839788537979,0.8781807018716054,0.270867451402673,0.25814309633602117,0.7441702874468326,0.7255374797359321,0.7928303838847988,0
0.9262379317732012,0.48547751837964126,0.22244552720516308,0.6946667872885895,0.800358704165512,0.19683447987522118,0.8428303125141198,0.4655762901600513,0.8344732707866537,0.5917408746634356,0
0.9305600936033105,0.14727243205969043,0.09272953284539842,0.492086213996327,0.9403223959047312,0.8654938763488511,0.9012013058799564,0.5170449769557294,0.5022482507605052,0.6531435922942502,0
0.3438036366803907,0.4631641098806134,0.7723569021862152,0.754820553999637,0.435219226857784,0.21704438834848017,0.3324960720659933,0.5039347892513228,0.4516585169166607,0.28224076909051743,1
0.9503502214937394,0.14370608475373436,0.7489854377299204,0.9921405352204322,0.8239650027935673,0.14909376438384658,0.31081639450362053,0.747852021349068,0.12826151877190595,0.32192976923733274,0
0.025242271506180636,0.046062469369954395,0.24952799269382153,0.33640944485011226,0.23040128912045743,0.7362166980450403,0.18668790542173685,0.9621833523491552,0.15883783256348472,0.9870114047974033,0
0.5459819582839972,0.49514390751144344,0.3209529050198886,0.6962967129632505,0.5005539539958991,0.07903042974292429,0.6651264811261142,0.055615556432074054,0.47263803566549667,0.20760719531964655,0
0.3714177144850461,0.7500654139321142,0.13626412597397297,0.12839458953799143,0.6566669989737851,0.034466612940763475,0.8413970343435873,0.7118723459428392,0.9405677622720563,0.2569245903965254,1
0.9219754657607964,0.3554719995136306,0.5908810480568831,0.8672648638300773,0.3819512198222701,0.3058911066690625,0.707827295820123,0.3118885030688414,0.9315734669919438,0.2135335435653294,0
0.2270816104016291,0.24303892915818093,0.2766274421326145,0.5806284094813233,0.4509236079799209,0.6222212495813968,0.842000295335532,0.46740317365892536,0.09223488737009866,0.7500052753516145,0
0.7388929405170629,0.5427378170267934,0.35594484816285177,0.5515484639774348,0.4133557351447559,0.06881928245471214,0.5306830445192227,0.5065883330428621,0.837869539354678,0.4761626237015081,0
0.5907634284604071,0.4991410717889997,0.2551269770961283,0.4563445257924864,0.9776306369774915,0.2195905261856993,0.1275635770786121,0.9030223212276848,0.5833714967033673,0.04503621870710017,0
0.5567478168082031,0.9293789482104001,0.4389719070030754,0.2898377288167845,0.20673950527431306,0.11765938982785074,0.3121967742728876,0.9418008839963269,0.7378049558243883,0.9031276816529066,1
0.006377685509939446,0.017998793879002828,0.40268932569768967,0.4111301068933926,0.9980171172470971,0.7623201858494597,0.4022167027929553,0.0037318294660017015,0.9669791344499645,0.37762516708936567,1
0.7874436727720511,0.6450188349095439,0.12705908805819033,0.5810284750833625,0.9279312879780429,0.8587173808842772,0.5034453080247201,0.8652116802214594,0.5371849623697477,0.48076136079130316,1
0.19756136723225948,0.011093414621877185,0.2993643486643026,0.7792476367961853,0.6438469781445675,0.9983000147232952,0.43088867194891134,0.16609974698914176,0.7604901569834649,0.9001339480451964,0
0.181703777629022,0.25237452725642784,0.9141458441661588,0.20558397470773215,0.3400517219383352,0.8113724718019679,0.2771172715595218,0.8782814517592351,0.5624216280249681,0.1124651429547866,1
0.18131559430324817,0.029089278525994522,0.3887986298602929,0.23503896197440133,0.557330270724068,0.08834824319064394,0.7571421765351343,0.01897707810200533,0.5591111757630209,0.7258379007724454,0
0.3380505709304228,0.3496127942630375,0.3614296372094232,0.9848673553784768,0.5524848685152118,0.6254238017629842,0.37227238396343687,0.9320508260876609,0.16691990996339534,0.6226648483182783,0
0.6893474787017483,0.3364538891330403,0.4965447349642671,0.48886114656738255,0.46121598353735893,0.5196667499271846,0.47624094402876505,0.3661072371002736,0.2095997136896851,0.7883129981085614,0
0.5848242144737095,0.22005881946109052,0.8140255957534643,0.5553978534302624,0.9599331062117651,0.6523572321565455,0.7994473524226258,0.17915619486833378,0.786622855748153,0.8549653152397073,1
0.8658865319756299,0.033157878324217016,0.07499587596951085,0.22394383407972418,0.10626224677497353,0.307948250514938,0.9670173749344244,0.307817684732816,0.18342868051963868,0.19880964914484422,0
0.08703090252381396,0.8640067631462383,0.5245744731333923,0.39378003103471393,0.8002279842925751,0.3844734115700229,0.8192727260845211,0.823314154521296,0.8255185444673097,0.7040357336819179,0
0.9812409274707451,0.481207581044523,0.5303155754616897,0.9221375214067192,0.38142033259711683,0.6130968774751294,0.5722958473927532,0.46178993334104657,0.23116644015241028,0.4520905999951603,0
0.18120426261684597,0.3055526481846048,0.6746267540264951,0.05713484707350591,0.5089172109845179,0.38695391690443315,0.5659040319832541,0.9809157860147321,0.8958051373582883,0.9111715209712985,1
0.44393140538083387,0.19546925393459047,0.768220781359402,0.48889267047423945,0.007113010574467338,0.11563151837356767,0.3356428169329051,0.6778289572788513,0.09587492669773712,0.9650632177780926,0
0.9664117961096658,0.4240105338988932,0.34033171390221195,0.5083861243115714,0.6878599415424521,0.8674837696615677,0.6866671483985857,0.42010099257770717,0.06283652063409528,0.9278973024799502,0
0.4788493876307638,0.8299533264179391,0.9204324843778634,0.5911615885298177,0.8292772860269109,0.9488926581804534,0.9158057212423333,0.9928593773796692,0.4107220267788071,0.2715419000663465,1
0.8850208133602342,0.7652150904722862,0.3506501733849049,0.3937080935275201,0.8718775868303789,0.2638377751063695,0.33477874486329096,0.444449831961264,0.7414165689591019,0.3850108729229904,1
0.6283571407880523,0.7382767143742248,0.27507623176029894,0.4433524303669065,0.2527415816749212,0.3197162795646077,0.03607890544013015,0.6385261202581856,0.2531877534353576,0.7746527967195574,0
0.7480371633486324,0.6111414164182825,0.314820571828596,0.22699066729607253,0.6237434689603616,0.3327661594564413,0.026985557653184,0.44092627469248713,0.8147415917321863,0.2796577181962552,0
0.19872166014758608,0.5336779532721151,0.9249128580310462,0.5803458928204247,0.18652968646299517,0.6071625733440044,0.24767465447695347,0.6008356167359267,0.30294386279596286,0.740332920289499,1
0.9675903231123927,0.875473568401012,0.08736112230828508,0.0013079548009538033,0.8799112095409917,0.21842340511588676,0.8107978700804355,0.7065238673803793,0.8384310232796824,0.31422606932639896,1
0.6316397307919405,0.4318812579361755,0.20209098525980596,0.29135136250052796,0.3945681860095195,0.2811326581814796,0.42704118986783823,0.6916569395620352,0.9978044166317778,0.9539168767691066,0
0.4856924205762595,0.822236081837046,0.5703763337383504,0.47453703928333757,0.11145935457702227,0.5946352790790542,0.7825595815009305,0.7087122347572976,0.7579058973160837,0.2836771519345176,1
0.8041940222182864,0.11017501117334927,0.8738524213159419,0.32789792206126955,0.3917401604282088,0.9767532163690649,0.2623708143226735,0.8811522160581041,0.47577657227055326,0.6338475679556478,0
0.2149628690588956,0.32143207227578163,0.8622110236831065,0.3712047805606695,0.7058145101851252,0.4730584288247296,0.5900421083746364,0.8550130079790463,0.02292689640698642,0.8085619353598711,1
0.02899332140534494,0.40348768130479307,0.5278573518274068,0.33412014270360135,0.7562173118475473,0.06046256781284032,0.08519644019386852,0.8461385660939106,0.6995983089637123,0.6802000697130924,1
0.21842139638949443,0.10978738313448422,0.18760324636089987,0.46172072182263135,0.3639155223833148,0.6446078239995963,0.5209172887011808,0.2975958582755436,0.672171712685034,0.6998827139766465,0
0.9166664011286465,0.5050242899246621,0.9792112559952421,0.48927881999894696,0.06613817631076746,0.044870105594161824,0.8026445564168357,0.404462470449673,0.6411798921478181,0.11910555427109959,1
0.5378419435078676,0.645487348000636,0.44136745878240513,0.7307510768540547,0.512290321059415,0.1962776914650992,0.010630043059572714,0.2543052100952313,0.8414250595030937,0.3512691964390884,0
0.8776409124010811,0.6201910684205308,0.47920885819720305,0.51407273901817,0.6143391207597472,0.1891422131485051,0.8668713305271136,0.5540810292149705,0.8191676326546823,0.2448581292618861,1
0.7442058288995729,0.3256220277109193,0.6241749338997585,0.8286295925600825,0.9481653292558524,0.9938472231265248,0.8887574824813457,0.5508258906153457,0.6589890314082499,0.9010000699419584,1
0.6263333103616889,0.3717425721564426,0.0050788733716432555,0.7132459418836891,0.3422779601403704,0.4233255357989205,0.624994514742776,0.05408506933002111,0.7432171654820668,0.15895365332605416,0
0.38109740015740423,0.2189448626438586,0.9593947425514251,0.8225209257865912,0.1651324697602875,0.2458877068625125,0.8496861678684265,0.3995505895661132,0.2647372034866595,0.0032170487826429506,0
0.8415877003976805,0.8043105615675491,0.6826173325099886,0.20848037246161277,0.16335240025636555,0.11747500409163147,0.86638180892679,0.6279554784987714,0.3572826028987902,0.09341799883861979,1
0.1400315068646022,0.0389820393775665,0.9967103503113078,0.8543234421648789,0.9332803377298925,0.1263151750545779,0.9085656259616204,0.30095644688863676,0.8744862908456167,0.7817621580743659,0
0.7088165614626367,0.21751452174202246,0.5162052985945015,0.44346501496797175,0.8245546034381797,0.6000030521085179,0.8849763661963755,0.586912787045155,0.5254352237371515,0.7484691526767681,1
0.858021297191424,0.535784119045839,0.4860195155839595,0.8595628639943247,0.18779390875018198,0.5152198588128372,0.1380832153304724,0.9317976480311737,0.8519518161677131,0.5868815433609172,0
0.41880271415416315,0.527866533275265,0.525948544303949,0.7238174533789291,0.3365434848164297,0.3384477838259088,0.04101868155359001,0.05363760841533716,0.513302014201384,0.5751875148953639,0
0.3876806132742322,0.6752071291149201,0.3385841698564064,0.8245571681008294,0.7622070259911655,0.5124987554133423,0.2817249192685157,0.7394510143632342,0.8847752043083107,0.8453067490856363,1
0.2373270907808097,0.33243617435367534,0.4436197201369443,0.8506737233174838,0.5956597099474135,0.3611118744810652,0.7838542934678254,0.6013343833220683,0.7999233512102812,0.9341556147510564,1
0.6640471678416684,0.4466367024081892,0.7759641731510712,0.300025079004676,0.7676391589370688,0.45202599188376524,0.4966528559757153,0.4931602423750564,0.3721038816453808,0.8738797841960166,1
0.7366607977956133,0.8122339234606947,0.24831943573450665,0.5961351131643143,0.6156949552784672,0.017026867668776258,0.0621242203615221,0.2850227644604879,0.33093393514087277,0.36418809443597056,0
0.9220229962440416,0.8454518757210036,0.10552279231233064,0.4263715455872702,0.19747797904718223,0.5636398594149882,0.7880921171737724,0.6589910301972501,0.4885789462731246,0.15403801448562826,0
0.26350739318181027,0.7342375575843065,0.02082158159914682,0.30112584027592015,0.782238454780464,0.911266578553678,0.9857300009805224,0.4908190678620733,0.6795399821003933,0.39730079740618807,1
0.27630502807512103,0.49643639405371276,0.9288888546598665,0.8191239464985229,0.05588216587144745,0.28291767806099555,0.36453702551417033,0.5556843745757611,0.7903057358398292,0.3531922053966403,1
0.42396267497616047,0.5582435872876006,0.9698608567086003,0.2146896213556626,0.37301178868362295,0.9700884888156688,0.6580271384392258,0.6993554753850383,0.86064297530271,0.4146122963336202,1
0.7438180787900773,0.09165781013644703,0.5027420700890955,0.7591323384459269,0.05081510762649111,0.20092304110122994,0.4736493534504952,0.3705567934417552,0.3296289718187789,0.4715491574939744,0
0.5559880091526771,0.8871669176684756,0.7784363846341479,0.6160625717166777,0.9655265677166718,0.8703404595596129,0.6682296594975178,0.42023396518861356,0.5235121665578613,0.9556643215083905,1
0.36855383494351457,0.7900552806442358,0.5518679409988487,0.5972172623744524,0.09283462992330538,0.369424051353477,0.20460923890182037,0.04371047140481621,0.4058972320335765,0.04848759645952505,0
0.2429937757534848,0.5874355140519507,0.1849409707609344,0.002438945067595122,0.6691112137546668,0.2362041290353476,0.5605162727555745,0.4475462326315043,0.16955971675840742,0.6548832952550273,1
0.5197331242214119,0.7526905592972115,0.41221412847135086,0.4528057756444581,0.4041806850468058,0.7477312004712982,0.27296912581233723,0.8433235347597655,0.13511457844934038,0.007902141985875355,0
0.2921020200903315,0.27809407672956055,0.7279307232511942,0.4130284660082614,0.274813896776941,0.02998607797665276,0.4631000283974718,0.5588052287260025,0.7664958885626793,0.7649838042740059,0
0.5182831666836467,0.6830993644375842,0.549666132586982,0.4436268122851015,0.85473753737176,0.27262615866500073,0.5664783281740898,0.31110008350141616,0.5264745238860262,0.6637514091157324,1
0.703138167671557,0.24932137945183708,0.810373651437733,0.33028119659488064,0.4371623873962116,0.3109523926198071,0.1441727295218721,0.6150500273641105,0.01023691104015989,0.1525963144496475,0
0.2682689708893925,0.955150549032911,0.3886009558325474,0.4182994713460797,0.995999684988119,0.519360684334311,0.9587368063433054,0.1217351977623119,0.9863530959023123,0.18206170826988055,1
0.645602100613731,0.26628967660448444,0.5601849369007746,0.13737090070351066,0.9033159095976689,0.22655641636036628,0.2077887447953507,0.4859703831896376,0.5579971505220079,0.26984141806687223,1
0.8832506834667823,0.5208266076718363,0.3267819322330682,0.5014430600748028,0.05145776218356424,0.26549535086172504,0.3297023797620683,0.584121654816286,0.6864860787993888,0.9133635229578113,0
0.371839983952602,0.8011418689815311,0.5024156897170321,0.5616224607601864,0.002128966555831724,0.886692385022057,0.3373241504065979,0.8497295657900026,0.13176468697610488,0.39559904215634867,0
0.414231091108087,0.22419137631065256,0.46689214584545013,0.36764505066787334,0.10737090748071698,0.9621288138210256,0.35513166481914293,0.8828103337534545,0.7996361200004429,0.17757159503035957,0
0.09975199301137672,0.36865865541464116,0.05070917494267446,0.32579712631420843,0.6315721763256108,0.09268827417231462,0.9710113445496655,0.34760146342717,0.9440564934715417,0.021702079508204353,0
0.04966207998561145,0.08759067673912602,0.2631112932331183,0.18753696167797662,0.18562967205759628,0.18580493859628167,0.5626546256296654,0.8680315906489521,0.475793293856403,0.42331423171428284,0
0.2791492054526262,0.20720725658875128,0.5479672930820924,0.0015638351605216094,0.04055727213690252,0.9817035328148668,0.8004004173383621,0.6156026942323355,0.07742024761943933,0.8234739116658684,0
0.8385927502387304,0.7785070302595095,0.9183036930521734,0.5803787993780032,0.7666222483398705,0.3618494988838924,0.5985979737410664,0.3337523478809349,0.13270551318736024,0.0189455725497788,1
0.9035659058400392,0.5038001971068312,0.19374056938847317,0.31211125062537415,0.8673467487561634,0.6275111621914804,0.479134863105217,0.8968498836607639,0.7195445400944381,0.12350271061677698,0
0.4014534618687604,0.5876739804131864,0.28750071182215375,0.8035762826790099,0.2011662857465899,0.4599015199410251,0.28251623361067857,0.44701133101587565,0.9664266395149589,0.1549975800791915,0
0.4249850765707607,0.351390022025581,0.8558937537911216,0.17553381041931926,0.2012463167436881,0.08644791621214276,0.41382217383400943,0.35580284401590057,0.5101925434333879,0.4185199421855428,1
0.054138941127450435,0.24195428494499993,0.6290566764149601,0.4730693306579421,0.057443068504135275,0.4546946192087473,0.31408546203922194,0.0077162981607289405,0.8892593455326883,0.35624667930171205,0
0.002740370625308075,0.46236038175920025,0.0760153291568264,0.07099799790584482,0.1778307116272232,0.6978242808770391,0.09130956865394191,0.3830715153637527,0.8695004633676711,0.5988282948926793,0
0.6962617331671965,0.23134644341988864,0.6296438341218156,0.3705754151392232,0.5297251588245935,0.7340759901908162,0.7008628943538051,0.968317695572232,0.8708728169696689,0.418603422722571,1
0.5280130000949065,0.03206721058417594,0.27140963209150404,0.39594482394608954,0.2650667310674849,0.7498761752867743,0.7841213072413803,0.6280800396863596,0.6841088334539355,0.7392155685303271,0
0.3229938127852593,0.30478153038302847,0.5044242518602099,0.7790578701798834,0.09852625466811338,0.6067917214435158,0.1903613528939574,0.3913507221243485,0.36502472850237033,0.2478130029460075,0
0.30265504265954923,0.46546225026665045,0.8705102954278529,0.0028981534960784705,0.8196317519266848,0.8997082433239247,0.11951798502818067,0.7710688858542878,0.2635469379520956,0.4508372092923234,1
0.26955449909594753,0.06148766809194628,0.818915092825414,0.3410090334993874,0.7000710358755583,0.6223990706325843,0.5517993561813433,0.6799615013202595,0.8049931617377308,0.8626083970976582,1
0.5390768526055814,0.38068224138905193,0.10844072292755047,0.3785911769057074,0.44444982986879156,0.03681013252292542,0.6043064601301681,0.4935806911575774,0.7394967096802195,0.9678723863469227,0
0.3630836672520634,0.8253072022621477,0.08396222274342136,0.378423970986721,0.7690780725195723,0.18920449351779156,0.7174744505469504,0.07363606608007911,0.588858009963351,0.9950255296331978,1
0.04316037435611397,0.35038552212869634,0.7173754707085591,0.6294804461003488,0.9280764162001478,0.8701133828978482,0.8280346628222022,0.9791168849173993,0.3340489534358224,0.2026318530097284,1
0.006706480507174928,0.26095973247258064,0.1799266030590867,0.012349966682298819,0.5379846683199422,0.6480325037266158,0.42537862917188485,0.6525529618694782,0.7212381972542986,0.4501667701502102,1
0.6576480223463846,0.7876358906896178,0.8190823939402163,0.06485487611056151,0.5611130031653493,0.5125327248926532,0.8651125283536863,0.7395038389976332,0.026389554067397958,0.6063639289598998,1
0.5717713460586082,0.8145817038100001,0.06724313388526815,0.46735337413071565,0.04898915344742916,0.196304686327753,0.1359339989691536,0.690294708357873,0.6667717856771382,0.5273816661843896,0
0.8511371649486119,0.7848947722446359,0.08462683318205333,0.671024580215436,0.46414588491716724,0.6976606502063362,0.5065204585302037,0.880941293827057,0.1005567096559794,0.56316815566906,0
0.490857097876058,0.20228034731551936,0.3179348704349627,0.5946261239202095,0.3903434626412692,0.7981568989376033,0.6858466871981961,0.9904891892734335,0.817435452097942,0.14929638830511893,0
0.9274560416440137,0.8339085472295708,0.9337508882472467,0.6628956232932482,0.7970805785231969,0.7306069994766028,0.7824357499943603,0.6098114414118829,0.3517058271533532,0.0487078912257336,1
0.47288367293131883,0.3631061281363658,0.12064766549316586,0.13071770020442353,0.11300564922440326,0.7269383333372885,0.26214024804228553,0.4492746065845512,0.9803775122922135,0.4991260949606212,0
0.6546053554867662,0.3068949372780334,0.5370469781398517,0.3728437079983099,0.6044104663930004,0.5902546679204387,0.751725905568866,0.17744375281533553,0.1445953233020102,0.0360965269979342,0
0.14870384619775134,0.8098559341646917,0.1119359253148039,0.0890467060252822,0.42022869707766464,0.5852681292235554,0.18914908327772362,0.36956092148255915,0.6782438236294069,0.21288752278025147,1
0.13260468479692622,0.7978423739823974,0.7236979587594219,0.4774413062178421,0.2321428003566096,0.3294240373604197,0.3314828215385677,0.4235256887193466,0.17166453639614043,0.13575145302879,1
0.5585305255475908,0.4032309620893767,0.8544936304126183,0.5892337649834741,0.2903828303963586,0.3683898309038617,0.45205763899354834,0.5705854294713921,0.16520233303787968,0.12753468854311767,0
0.7932157907209924,0.5676580268965857,0.27690298621103226,0.7212210954063842,0.843992854948171,0.373521669480933,0.7580353889179992,0.6483725760540435,0.3162658164326605,0.9654361194547677,0
0.07416410680583341,0.12553912899879605,0.3012681246674277,0.30180944979741453,0.31926482324597116,0.349742168543004,0.5029043028130564,0.6956674462295429,0.06870966173659365,0.33042545240337917,0
0.5155692326623159,0.7330728827954655,0.18809517011445087,0.5915241517262867,0.8546431315925707,0.4507073211942022,0.35233862691977114,0.41770536591450347,0.882060442952896,0.2565820604345138,1
0.8065865972701772,0.5371071198241663,0.3245130853099577,0.3997357232319567,0.7590170373937197,0.22782924602933763,0.9227387426734694,0.6432162964036287,0.2725860645325665,0.8018654816311235,0
0.47394327268334135,0.6222337871264769,0.34880770205263123,0.8414935364167117,0.1502536916340298,0.9208225232193178,0.0013968579978064222,0.8508006671411654,0.7996962895319134,0.5049299563891999,0
0.15562355341509593,0.8475227047701158,0.6276560618447039,0.24541992969595583,0.44829817094751145,0.953243481523987,0.2101372072746558,0.30668624338935757,0.5027971557359319,0.6341609364566497,1
0.05321062835325063,0.09250857584662331,0.9776798921608633,0.412036219882163,0.8415627027528072,0.8787894970708796,0.1613715468671043,0.18737641946887917,0.8321697633028586,0.3343230404599866,1
0.34168260327762945,0.25066044772451146,0.38938618915515777,0.7091951943618547,0.1696171622282715,0.6636113468554509,0.5696159398890345,0.003966022209759168,0.836533515603069,0.08336002939007592,0
0.8014382468478568,0.925918134603805,0.8332002157433523,0.2591880446097584,0.6851804483651173,0.720742319986158,0.05063636166692209,0.05072375980098742,0.7914096582668673,0.9263378126224908,1
0.1898858125306444,0.13346165474175375,0.2597585740119729,0.7625449354807979,0.08540764257470324,0.1773211732540656,0.9126304326240493,0.1654578692545382,0.6331079908214067,0.48760450138117284,0
0.08589402235136612,0.7319321927001275,0.9073486204130654,0.2698125848311663,0.1917449848229581,0.6741113826413366,0.43475054496575705,0.35965645857765705,0.8036189303720969,0.1404784285864874,1
0.8792684847078804,0.5519252502662899,0.439244796684362,0.6126242287375323,0.6669827354938561,0.7270271440851983,0.5488042620601907,0.5658196215297616,0.7038898567050199,0.17767911208960752,0
0.10264403857596105,0.28314031034732146,0.5704289271153272,0.910488446113499,0.2703347094638434,0.11290304578984656,0.11015852752509492,0.006839847200212246,0.08409075600206184,0.8155674302073523,0
0.8547206757099065,0.41218801827317053,0.1538362354466436,0.9057647371344736,0.8288485866955663,0.8207909368768512,0.030528702647035,0.45022459553160343,0.8900295275670176,0.15214680918783785,0
0.9603563138885197,0.39100373836789704,0.36398711520613214,0.29729500073015036,0.07410285391682159,0.5424625660991336,0.46335111697478415,0.9394955918139958,0.5998578751431722,0.2472929556822353,0
0.9565918316923876,0.6938486966435935,0.5767141217273033,0.9961440556411337,0.9666634746890874,0.19138875451607074,0.14953340380879532,0.11367906302024755,0.6546314360606402,0.8924303732447566,0
0.8778222839058953,0.7675025401325926,0.8872113597739067,0.2358225605623403,0.18303075837451455,0.25070565144781887,0.7152654526594725,0.01236985420633896,0.1253842573430498,0.8814079294095013,1
0.2426961511304382,0.7803584050990521,0.01002766188227422,0.1394375585998201,0.2468970264292787,0.8350329247677707,0.7575730225529447,0.2531379920164196,0.2417415867514635,0.4239118653611198,0
0.7317410498701261,0.6518127992216892,0.6344805280391528,0.6611148838749303,0.5900425072855825,0.535262990694443,0.6397917174255788,0.9099287234229674,0.4266062431657931,0.3951390453424679,1
0.13409353103517563,0.0397172156633534,0.6502887035760381,0.17847814257064243,0.2921125132056902,0.6881491992753672,0.02046415389405165,0.8325600491364518,0.6989579873963858,0.8824697344852808,0
0.493046506989964,0.9172258536863392,0.2836572959890872,0.46195203665142437,0.9746259014127341,0.3446653133370675,0.1828468697686536,0.34635520942017195,0.8853627373630663,0.43686801005111175,1
0.43440194988590275,0.7239180650823003,0.7534398563919772,0.7133094462300356,0.5809301029958422,0.31906262561169296,0.18528022780664588,0.5555510942456446,0.1033980608354349,0.5513319460247418,1
0.16641204638083495,0.8341992606179416,0.5492806483127918,0.4264793285427454,0.021341737196624577,0.8846391661748206,0.7375937396184662,0.03973159398285453,0.1806456197106353,0.8764036836642707,1
0.5788132565860797,0.07077652082308117,0.08064355496665443,0.4263815334565352,0.5785976692525358,0.1870863562409737,0.08087495454252258,0.19116916744968648,0.24944639438734517,0.7071088959841375,0
0.4794860733669717,0.006129955673323972,0.5585898127524451,0.9188269061917558,0.9023865856046452,0.5663423782777236,0.6586225373884191,0.6094216377433833,0.7923686348866177,0.39949875472351726,0
0.23768013378109065,0.9343639315030332,0.8118666360181199,0.9119527383059337,0.3584029754471727,0.6108874289776559,0.823206031748688,0.5524449592789532,0.739848035268453,0.27790397963115987,1
0.1889282592235657,0.03456899331879626,0.32740616509566967,0.0673208933399525,0.2941452644487278,0.5818350345899949,0.20816911503260704,0.6887645151793007,0.10973386407434171,0.7476588391065547,0
0.9773269881349974,0.8066869522012317,0.42888807676269414,0.40190279302231824,0.35548171947996776,0.6054062248007686,0.9427815366797303,0.3351746256200573,0.030438499538666175,0.06488551565435752,0
0.7020624837790759,0.8432780839676276,0.7868459657567801,0.4661218588678179,0.960540391190263,0.03953837598150145,0.7093700706863554,0.8835197013306924,0.8260591602208444,0.17248915297150103,1
0.5263280407786941,0.6220876101690617,0.7254798156783189,0.75011675231203,0.35330477315585285,0.8607193925023633,0.6747455406421444,0.7417235797791957,0.8516091387653897,0.3201573183933343,1
0.4231115895820282,0.7574200395988614,0.4980437747474593,0.8167426900376192,0.07033024048566461,0.3058132127398664,0.841262697830583,0.2058444934979492,0.9905323310794288,0.105155206454289,1
0.7668482239121888,0.7814695981970582,0.5814653254197548,0.25941584760943137,0.8305242287095408,0.026751050612899507,0.814039006291175,0.5325471244418977,0.5094313457695133,0.018712447907434537,1
0.12898919036777523,0.5007998284180905,0.3045515423700417,0.7064219210507504,0.023735676288406227,0.08724389558836343,0.04554117571350902,0.5177958478166955,0.9725150571961455,0.06268115658023843,0
0.28154885446929934,0.6065823553051227,0.4782472838601395,0.9147607598754489,0.01074502773303121,0.664739885392481,0.9626452477321018,0.2801042883672409,0.6442272313787625,0.664291571792778,0
0.8707885969056521,0.8047895880103907,0.2942287910242041,0.39509828390139556,0.06563577809920096,0.6290061719141599,0.110525102907998,0.12195871199975095,0.33622814987888117,0.33395806670220884,0
0.6846325299215301,0.12790320574503578,0.23202143309113388,0.9600966673891299,0.42326322760448265,0.8606251701379358,0.6924488728065258,0.13047686708671302,0.0850864163720706,0.37777285870098243,0
0.5543156377734029,0.7153143253455003,0.9062230501248866,0.8231713954653981,0.4911065282189795,0.4761209840741004,0.4379543953971915,0.37106533247804796,0.0635676623712299,0.5001010632543488,1
0.2232064129019089,0.45647153737562185,0.6358610600224237,0.1607369038590769,0.2777349986633574,0.47655150461811324,0.03883485700868616,0.36124605027518475,0.586928689874058,0.3190851311503543,1
0.8282992074205848,0.22334651858023813,0.11346921725981629,0.555520593366238,0.6855909826652785,0.4986311939495831,0.9744806705321293,0.6573206141795197,0.7788595878459394,0.7279143309394701,0
0.33145155474406796,0.1927057721255172,0.568727903858148,0.7672313897643939,0.5393330278810863,0.3252893629552869,0.6616748824067236,0.7202926735595547,0.03296818853689054,0.9005275538483833,0
0.3162001241122374,0.031096748584175993,0.4105781482748968,0.5165621140153215,0.8474399851298076,0.8964053873426214,0.008433164211157917,0.9771211523901128,0.7388815542180898,0.9635339128590187,0
0.34636532037736,0.6824415299958057,0.3482424148841833,0.336575692562473,0.21904550249703003,0.31961052318647554,0.2824155385566497,0.7593211147890929,0.03601119257640528,0.758844747685377,0
0.5256333018693821,0.9720479831285299,0.5878175342614101,0.8767270681615356,0.6443444692776149,0.8974879587435582,0.1354242337864232,0.9734330683876359,0.10585311623130733,0.9249895068353682,1
0.7560966806005712,0.3103556744343784,0.7598144186280846,0.06805092831825255,0.12479525642313904,0.17378779720548654,0.4025324516419322,0.6880826312571249,0.36706101647515976,0.49178129089932776,0
0.3106251549121124,0.4275233627025399,0.48347538025542136,0.5218166591110714,0.25711215996024106,0.2734214153061425,0.9599290075406706,0.1260829699754038,0.29234451279505347,0.8237256254793474,0
0.01567165538416848,0.11747030542850989,0.4631858949825257,0.778588242931513,0.23093047918519005,0.15703017507716732,0.46324395221887593,0.04700619498594205,0.2852655698330213,0.2937576712975566,0
0.5301116002074977,0.9918775827703207,0.8748622051096305,0.6572685308168986,0.2563670396858396,0.8112855465030281,0.6793165062356136,0.7547626883818925,0.6390872282966877,0.05704703376279818,1
0.7406862638906474,0.9334986626348601,0.573415638079734,0.2611217901404448,0.8414808703482923,0.16084385129533552,0.4671160356874111,0.28250988464856985,0.5273963743538557,0.10528210497715518,1
0.24746053728265938,0.8140715678355687,0.9223268207704507,0.6893397523384946,0.8155906377105829,0.0968973600127142,0.7871415847889962,0.1660511155703397,0.3672037392458123,0.08067376090240952,1
0.7288372504925421,0.1545570221103707,0.8882994158665314,0.8060653186040408,0.4689961470366868,0.028334431145376593,0.8125179916169318,0.9675023465010847,0.6888257736757674,0.20998493865089507,0
0.25783446512535746,0.6369874780361463,0.11354264312887652,0.8359672719251895,0.9009795116411075,0.6400777111761915,0.02776796653256408,0.011580299502612745,0.1024607512939466,0.7370053559691552,0
0.6748968087829051,0.26477836939655375,0.6467289765522569,0.42383160281312293,0.9274548771808957,0.6539858355099921,0.9462316724981666,0.748262783543172,0.36553740364538234,0.20016636372013497,1
0.6854194127967215,0.6680754703614674,0.6211738405441896,0.7154227242701474,0.3110830207924148,0.7345582406347175,0.4130870982416436,0.7017764977013403,0.5339384323001812,0.8510185020195774,0
0.4014760816839915,0.12725240528461812,0.6411556499068888,0.3687440012397343,0.5338575549905478,0.2697115156912384,0.6120408369640223,0.8170275751657713,0.6569086261909065,0.9674870299652177,1
0.5111760799286027,0.6936644405592545,0.9490061675732069,0.7368096480738419,0.6285812507067575,0.8758951473596651,0.17139482876646073,0.5178715663422631,0.336063251108068,0.9260573074658589,1
0.8917300599102088,0.8212792310943072,0.8082952142642332,0.36071220233475443,0.7883625685418586,0.8224441356561359,0.9120688820742803,0.35812853411461487,0.28049875575113425,0.7012318929535227,1
0.5873004886901529,0.033923874095969864,0.42713800283008574,0.80673249105267,0.04880883868605668,0.00870911319950296,0.568300042540377,0.8737897165941754,0.9239284555294867,0.39017461462059155,0
0.4968390871780889,0.5936927588870371,0.7851573518363208,0.8155746981318258,0.5624720107885914,0.9032122615843058,0.8653436846304946,0.6532246753905885,0.3798391075484283,0.5828095756521511,1
0.8098261876237614,0.3542277718420249,0.19811548741945806,0.43506388398649853,0.09257985469450114,0.43414020583366275,0.5735046776671827,0.9916423157937548,0.8544343783425462,0.8142593370568212,0
0.13607592404312585,0.6684288228904892,0.8927558123619368,0.10415285607175195,0.47692410868889645,0.20129182282369718,0.6856376632619042,0.773851477032689,0.2176066199816482,0.3717329580986307,1
0.6346214160135886,0.5085155288459509,0.5311637540061522,0.9477353115933952,0.9378309559416385,0.4599291798234789,0.5732072618416516,0.15529410306870228,0.9246471542328426,0.4273797354907197,1
0.7984384246639475,0.6044969461757635,0.7484566859591826,0.35434420936744226,0.6231792073997791,0.8427234177024571,0.7330459692111162,0.8758465805349844,0.17330072409380493,0.7251365571695988,1
0.43944888360312195,0.10647039509626943,0.22858177969398163,0.8500064845760594,0.9317751652209096,0.27985960917349895,0.023668461750458114,0.21327726244703904,0.9649908334662657,0.39413829045367976,0
0.030399238813262786,0.6663141941783792,0.9784940335186938,0.2781649435192416,0.9230156122851274,0.33635641383960857,0.3665831319935554,0.08076888444550745,0.5524314446581388,0.23140626776695983,1
0.13125696429533507,0.71845852287934,0.1619352552135367,0.476827895454652,0.649849402099502,0.6791709410878338,0.33850998124228815,0.3565071610339592,0.7931415881686733,0.9320600593528805,1
0.2729075043094187,0.2062780233096344,0.2101957598205325,0.6992118974402157,0.21702296220253148,0.7520084919723626,0.8199195685889655,0.9947795709985887,0.45680659408514435,0.731408944633133,0
0.07981174308711136,0.9585168536358518,0.11969369680482389,0.011919506922017153,0.37935543061357113,0.48971710682677183,0.7565903377915474,0.06771223438873641,0.19371004323686514,0.6280320184427526,1
0.971250681505157,0.9264447825500054,0.343266257767201,0.8745863623672601,0.06828318805390743,0.9026039194797996,0.476402664546865,0.11139870412343722,0.02634557601881271,0.18151515725479583,0
0.9881435063582009,0.051739591928642525,0.6226967886804974,0.8412966075013489,0.4670726615882824,0.8499910222709298,0.9045589210669347,0.1054503394842553,0.13017880627737022,0.47633422902900013,0
0.9787048605620349,0.15990904483470203,0.6903288770755269,0.669841646495826,0.9976835502171388,0.6065371978201057,0.8294564552241699,0.6967218520253923,0.5254853974981428,0.4119748886235852,1
0.47758908633434394,0.8714110192404843,0.9437673520533321,0.12123862298165766,0.5843432236110402,0.7525845317205748,0.2792766120073914,0.17998768571995793,0.5962089746889926,0.6431804798519335,1
0.6206813745717181,0.779765143198297,0.6238372289843438,0.7215812017363213,0.9460762318281802,0.11498780146422993,0.36077843193322234,0.7895598681349683,0.02955610452369417,0.16734992859223619,0
0.6050087234602078,0.9389589955437003,0.4648569623844341,0.011787236998230255,0.9547436147577704,0.7342451459145235,0.12176403363657651,0.22103507766690156,0.024018727593714928,0.44370184476105023,1
0.6827717761785518,0.33808439932385825,0.9908917621142119,0.5877009878961706,0.5750403683860368,0.0969660006736276,0.33525797756831444,0.2966759996012821,0.8288450532312079,0.43773810696583615,1
0.42924854871209706,0.3391167082219123,0.5401767187660337,0.1248399785759493,0.7671720585957071,0.13433345436573108,0.3084644957872472,0.9676463150893015,0.2259653631694688,0.5534423609852062,1
0.10604553287471774,0.8767417549048815,0.26079033063649415,0.19337882793744565,0.2958941206691722,0.8698192998855565,0.858314093753653,0.9042518160234043,0.1066191824208561,0.7841116106422242,1
0.8944067186026603,0.5597442066074584,0.8770129732413282,0.41946520331233605,0.5107430348975646,0.8339522619909719,0.9360008068119982,0.8983714195782654,0.946913625001178,0.5328984358509292,1
0.43675433440305467,0.6411064129414871,0.9783370899319013,0.2896969091118685,0.09164804595711606,0.4475992592037785,0.23615006844042807,0.5790637094528722,0.53797506251298,0.8927675732749036,1
0.10951466434568236,0.740535164370908,0.3563741123362526,0.6699947312298126,0.521537028240728,0.1472198063604695,0.8938531745871918,0.9821766186270697,0.986566133324046,0.4385397847487168,0
0.06827219427973574,0.5089608493298501,0.44705642292849646,0.39391224672174585,0.5799049897375272,0.985750283540111,0.89993506444426,0.9027665599397484,0.13956177053490026,0.05017422015726081,1
0.9528291837002545,0.9638999577037208,0.7763144485377997,0.11780981824534642,0.364205869953276,0.8910258597416226,0.990224876885051,0.989007369222979,0.15429921338435237,0.24916809055849654,0
0.1151389134482308,0.2341284911473207,0.7056393273542421,0.18162869170620455,0.7755931197729704,0.38065744951159475,0.006907214077813917,0.5396521149909528,0.7239771250938958,0.0008401414413876651,1
0.9537310466583024,0.030826152877394986,0.9018741541358904,0.2686677655069142,0.8211536549792829,0.9755373242936268,0.8218143555288953,0.40566231562478694,0.6542359306592356,0.12500986895193755,1
0.859115417628053,0.8657428601393644,0.8027011263459226,0.8163670820391087,0.027613123777263104,0.4983350172733376,0.04350950141392795,0.043976605123981716,0.4987196719076913,0.9386413572529496,0
0.2777785787973973,0.5912531098674599,0.7295718630230765,0.6604762039199535,0.9918329813247334,0.8917371775959444,0.28371173290144835,0.3875192967043768,0.4376828974667799,0.6603175381437598,1
0.8749863287757021,0.9065453436805858,0.8920351153463822,0.7078728861346301,0.7999907307405082,0.8324491158590562,0.7390533411877933,0.2549666983800801,0.3746562960247699,0.5015931311035657,1
0.17033992327029124,0.5059045133109962,0.8823786842366053,0.6277673249208915,0.25069254717847,0.7257929946036127,0.6043620445066183,0.5005698835114087,0.17312095625895907,0.2072399013400229,1
0.8695189176889597,0.8344979494884959,0.5241528741795836,0.840798555442602,0.9183060911239316,0.12267296995254795,0.5631869195809995,0.023810409115988862,0.461025973399554,0.8222008282164008,1
0.2585674891099,0.7805661957793416,0.41990950296356766,0.923661163412546,0.4829775845339237,0.3633785607669333,0.8276283045616284,0.2659185685996933,0.7340881895319744,0.4646593753241264,1
0.0845189682539037,0.09873056711159178,0.6856221990197353,0.7385879554608217,0.3705831128371595,0.6529079482009382,0.4915501692937698,0.7869103760960527,0.6673619594135164,0.4501195382463593,0
0.4806579349388528,0.3940488997613558,0.5621387761293992,0.1257222667963851,0.5001339366377463,0.7373919407153546,0.34202293194732214,0.6407606537616127,0.5861155199690933,0.3108511070127209,1
0.519407506995707,0.5292197401401385,0.5932846408956622,0.5012792459700298,0.9960681210725849,0.46801966697419295,0.29908625588119486,0.27587395266997206,0.16661127660383945,0.43112471012029785,1
0.536209758128324,0.7836363366204393,0.2321595374148694,0.5261865290388058,0.7851220792947047,0.27562926735506244,0.061703468709465414,0.8004063552539996,0.13969262916810754,0.4148855795028832,0
0.0556097119598139,0.08896202254284769,0.6962976767861729,0.9998246101041927,0.820761135948861,0.23906538070600059,0.8207973690317436,0.8968377566261586,0.10849422158137056,0.11203830540903925,1
0.5230702049892594,0.3197825653220018,0.13342973363794053,0.2895496663114365,0.15347970701391378,0.39269538301484264,0.3436028068871776,0.276480109936426,0.41206814802149516,0.45745907676519926,0
0.5718701472855723,0.5462071016409908,0.6501669176047375,0.45627658600076404,0.9254282719566842,0.6567308175678245,0.3281785052202455,0.9688793450401477,0.9552403720037188,0.9138673738958542,1
0.575167762900898,0.7105908385308511,0.744549732932435,0.4373631005309113,0.25033602914431496,0.46397527048979936,0.5338846439378235,0.14086646085247956,0.944550765175497,0.3870745145079335,1
0.7349682482493295,0.12890908318562044,0.8607115628165618,0.9342715189066327,0.3065188499824747,0.4705269368060314,0.7036812152637384,0.16812065684729194,0.19592619235317676,0.8017076319852867,0
0.9661015912134552,0.4575743018928118,0.4341071134908979,0.5645894089854196,0.8384572610721204,0.8864454104498274,0.04861163415354375,0.8126529446074793,0.003924601756901791,0.6549789383117051,0
0.6201507397950293,0.8560616278670578,0.741205950648316,0.8638745481312783,0.8366843909697858,0.18787271186729138,0.9551075001091416,0.4541965660366821,0.10085924651553457,0.12860608193427336,1
0.7310096829869577,0.38269081094504787,0.8262598239239005,0.8155093564556779,0.7231263091464485,0.4170724279331264,0.1828722070940163,0.03565130452700316,0.390686074916882,0.4250229105951958,1
0.28794885567285544,0.7317932034393888,0.38326085454394465,0.3230326342626091,0.6735966171209513,0.09134367074377481,0.2765152529961876,0.23501756827275633,0.6432049981841146,0.31387878442830763,1
0.06128829822796078,0.884145470582563,0.5292195848936273,0.18962645346688867,0.9480661254117279,0.04927026843919724,0.28001984483802744,0.014482660293332339,0.9547628443362548,0.6002489195194708,1
0.5650056198842929,0.7912172784330742,0.024443493334307287,0.2649982070165109,0.003909485804139856,0.927872730700186,0.20221167866914713,0.0240485139734945,0.6197357029618668,0.4680572858766948,0
0.12921865103014474,0.8698471522999045,0.47471511833071545,0.643069350873021,0.4895188319397358,0.35459899412950524,0.257255095547706,0.3978369315331547,0.43757105713541644,0.4438131180179703,1
0.09732411935720198,0.9091374009075305,0.4062866153418323,0.10575277611304545,0.891315271581272,0.24706314191294998,0.21715579776940597,0.7718998683773036,0.7449753498283159,0.12753686761272298,1
0.6416683278845394,0.20769409004377015,0.2546833517440148,0.8540080578817683,0.6365876812455126,0.5693940226028799,0.436664046031218,0.47254974856026544,0.8546779806975634,0.5395940763684575,0
0.2152183853451599,0.8845654788034675,0.5649718200405743,0.8313464308649113,0.6030211587612945,0.6036730100553486,0.04340116844361486,0.44992222576557706,0.11192213511955662,0.6005141817751694,1
0.6679575362807944,0.0875341292391344,0.2878234073671787,0.1807597211321874,0.7897706757440819,0.08957224653230911,0.9404124965767598,0.186973087363125,0.1772753300785752,0.8332332814197166,0
0.27610613282144236,0.2514288439571094,0.39387403615702365,0.8765523375242245,0.3922959809530203,0.29010139592722106,0.21026529985451814,0.1603680830355636,0.7781372410314317,0.8083638980566122,0
0.6315405969051598,0.4633885445389996,0.15024608496688296,0.91984838909798,0.9576404947149507,0.3979734608367318,0.5002258810324706,0.319140115061481,0.46181557706454657,0.046957320326406427,0
0.056378212582951726,0.9160017834477073,0.18835501775448782,0.7506098476956262,0.21804733603814452,0.014264732924088364,0.5880015793695111,0.8995123882591506,0.6656014876290829,0.21170639719170536,0
0.8847087944351554,0.2836862906998934,0.3696761246884528,0.4131878772422337,0.47943420086576416,0.5527399827396129,0.30906619104688615,0.46252113323079436,0.027809971878895334,0.28929491545422137,0
0.7889524919699005,0.7607165848475158,0.41310915243380275,0.8638632262376095,0.285045690374631,0.8223132027031825,0.06505795072156761,0.2966863121730423,0.41081855248545807,0.2006960163481304,0
0.5146735263351417,0.10822528442448387,0.72908859583087,0.9923939891136998,0.39588330364883983,0.6746192379787921,0.3589754082533392,0.8170127985352263,0.3609306954824859,0.579915824595005,0
0.2286661245326631,0.21892790829914288,0.7439554282633716,0.153446213769453,0.5693688976988758,0.3951615373549122,0.27204735216376985,0.2562870952295334,0.1396717584749736,0.008704733580005564,1
0.9178090660860647,0.63389757549961,0.839179059269594,0.19796011189489915,0.6411740342562031,0.22985219571495719,0.39649883965561317,0.04507385397714225,0.07008669737532869,0.14392182183052415,1
0.7900752163431777,0.15525555743975816,0.5903374817934985,0.14274352879717755,0.016140979676944278,0.7791632205271428,0.36170363901834357,0.7572093393549687,0.31139720896252965,0.9789402162371073,0
0.6670479695811211,0.9352867626071868,0.5677658125320304,0.8977699215195074,0.5569919218145302,0.02557719097186084,0.8052608477511844,0.676871066141213,0.6676147475216372,0.8099890822799612,1
0.29405798577907927,0.49882731886859555,0.45790732418774105,0.6237023102048578,0.050297438732415545,0.9769899430744475,0.5057798635648865,0.310703860994043,0.39923858963654635,0.9805420815358457,0
0.9677550909300708,0.6337825753487405,0.21036161123246322,0.4084746875283046,0.15876911490258871,0.6822764854386679,0.3559809990631182,0.7287765295535323,0.5293775150699858,0.3353902666217192,0
0.565565435221651,0.8502769630129847,0.21071513598556835,0.9131034745131537,0.14275343960072406,0.44792590092426965,0.8146176499041885,0.4878416228670448,0.6320072631946148,0.3041701593834166,0
0.0548522228572933,0.6820238401776695,0.4675248427453319,0.19243697658894476,0.6719740381832208,0.24096336404469088,0.6380335632816371,0.875238574130846,0.9781410055639119,0.4161875799131213,1
0.5468462709203157,0.9803205160679548,0.870088916370287,0.3958555919588086,0.502153499526944,0.5488974778809649,0.7577513734908625,0.746209796666752,0.6953969413174506,0.9557288994705327,1
0.8894937933907384,0.7539115417436475,0.6801808471615686,0.7963140737953521,0.6500105312156345,0.9090775521300991,0.3602265870823319,0.5201414671322434,0.4272440867243943,0.7072763765156969,1
0.2278581238940599,0.6557739469061443,0.8688270010165633,0.544463330861732,0.544455513564194,0.12130511846424652,0.5793021451026319,0.19061398705732202,0.4689159797193708,0.5856169914313928,1
0.7850492466069927,0.6316377816329264,0.6099213253783758,0.8070529624995477,0.09105894547623106,0.6734485691536796,0.15775240331845697,0.9303798884138356,0.02780295965655799,0.38555574577347396,0
0.3638124253742583,0.21624909395870684,0.9281806513283207,0.24236591021484633,0.8259701311214117,0.6371597331751907,0.6857332826916195,0.6788892899942989,0.2910887805225202,0.004870694828384092,1
0.4264471566968152,0.1872977542502009,0.8337438487440116,0.1829324634553875,0.34768377694782016,0.018167852592213096,0.8481696989281498,0.244884886575365,0.6630866361654048,0.45649948333172385,1
0.10519885015605623,0.5818341272984016,0.9976847078786518,0.7486804953156595,0.9512174834528084,0.3762181242467423,0.34275365503799327,0.9594846284655839,0.21256536111853064,0.7577604738933136,1
0.9096706120529572,0.48095951314071206,0.3727180429782373,0.07273050630551692,0.28467820375250774,0.4928130381140482,0.4353631780952696,0.11526892418836476,0.46519611013210327,0.6263561178638217,0
0.9061136024682129,0.8437660951503781,0.05322877352377042,0.6232445704744417,0.6567887812201952,0.7327760362550109,0.5196745768909922,0.8610475649652639,0.5453159953139126,0.7270902335800637,0
0.6660656309221926,0.012618854828232218,0.37465789065600197,0.6003034477713303,0.7101887927554172,0.17794844705833956,0.6978940000838029,0.5463844629633151,0.1388323581460198,0.7360274475375616,0
0.16402579909755155,0.22024256074207393,0.09872816828379749,0.46732245060801136,0.34632240031321826,0.2901334029855155,0.5291321572256702,0.9053566362344675,0.21510513251621488,0.890537376599609,0
0.8032047259286521,0.9872160622701587,0.4682812526424638,0.8293364922849112,0.537017601813633,0.7368548746086611,0.9530849501326885,0.007059322144973179,0.3198586336959204,0.3330927579760703,1
0.17111647159454124,0.614791725377532,0.29886637690416984,0.4833274460268725,0.8069197604884893,0.9428206707388808,0.20871571928796517,0.8571300433811243,0.2829132597552525,0.6737090350085916,1
0.027468654866208975,0.32235192355040865,0.31972890349200955,0.5276177470345631,0.5018005916469546,0.1638166423719266,0.2912134037379952,0.9290868601902447,0.44658097671184493,0.23268487886837952,0
0.7260770591141418,0.9961886780239377,0.650411594282881,0.39270337129087507,0.6598793588140263,0.8307778614784591,0.33974249611619056,0.5099369081280578,0.32193069404120056,0.7178861714586469,0
0.24237463571017492,0.7250842983837825,0.5484979017630087,0.5647078456416631,0.11780484651588508,0.6896047781940065,0.9077749493439357,0.13043609269620604,0.3610065289433303,0.08999090456520376,1
0.031034090168744255,0.8857949496653003,0.5965379181469995,0.3638767378737793,0.1787701495204036,0.04145741016588911,0.31479810226124494,0.06614326443082141,0.4690637338015201,0.713257147609601,1
0.2715165208337392,0.35164371832579633,0.8119966824189374,0.4399332446362102,0.435630201640421,0.5102151226710576,0.40553897583580434,0.19524261825349387,0.6573638028619055,0.16352760712976921,1
0.6347199477088644,0.5430247462148964,0.0802499647441034,0.24645260380513012,0.9826630700949143,0.5212155962025399,0.5775492493990123,0.9139139885030466,0.09979844090934364,0.7530636187555705,1
0.4389781163341767,0.9021191974820694,0.5844714407660939,0.33832799739574115,0.2679743361807938,0.3991058747305981,0.0289874307545519,0.48393924563385937,0.5682442870235334,0.7901480428468987,1
0.7985339912781264,0.1289363196813318,0.1525704090705563,0.20563572313725065,0.004196429636944443,0.7039685918776387,0.35000678865054324,0.23000297922889645,0.4521161653459189,0.8739756208819358,0
0.3533133017727059,0.5880560475910667,0.6897204755439322,0.532115349678494,0.5241344017090532,0.5556287875346939,0.7838402408042581,0.3607609101292011,0.5020313002083516,0.17465164496354824,1
0.7005873283192349,0.8917491710518421,0.627015888809385,0.16340907439610164,0.9011416230718498,0.030012860106526373,0.8155774072737015,0.24267849009727094,0.5030291706389478,0.6659782038903831,1
0.13531516997016302,0.45491253769741913,0.5855361562761422,0.23251866786997855,0.722836455395786,0.39289862510609896,0.6770349692315114,0.13087075732732345,0.2397462025494166,0.07744079495276257,1
0.3334903119005974,0.9806245778986875,0.22574768834140824,0.2346743111080497,0.31173784207518496,0.002972974919353666,0.39042906188047466,0.15803758097083043,0.8520996652868427,0.41101140844916384,0
0.3983575827607023,0.19624517303277522,0.8822388253289104,0.9849491890025777,0.17705266902068428,0.8736666397422727,0.21178047657870902,0.1713272765257282,0.8687423059953678,0.5566047610311963,0
0.7992126175508034,0.11719333186892056,0.907760127514815,0.6524052615709269,0.30648273381133206,0.27089512997316423,0.29049049268674343,0.1472981727425211,0.07749616433123419,0.46718859925518896,0
0.7653092430006802,0.08105328404736856,0.5542135278245702,0.7185928620344595,0.1796318281910826,0.6254599449655072,0.300254839499037,0.2376370393162004,0.1096606545093014,0.3670874839618381,0
0.1736374937152524,0.25167533502450234,0.38739517545903757,0.17803341587361576,0.5962318768981264,0.5011082141898363,0.44215944538659924,0.25318605781292247,0.7284399509750116,0.32320864658361426,1
0.11825516343216302,0.23986547331561991,0.002100103059077929,0.4647177183336346,0.8095210426988405,0.26109057194429575,0.9815722178211045,0.6509142672664999,0.7969374919610637,0.22024124008888102,0
0.4655375764725135,0.8886507418580735,0.17151629373487376,0.3242818544816243,0.19656986741455018,0.07621967811667218,0.7242180966077159,0.09179007366533598,0.2509940594770159,0.9796922601749007,0
0.167991118941743,0.20558810043913978,0.04744583359201271,0.8179700645483231,0.07101146072831876,0.26865112507272026,0.4157627002391687,0.42577372059761254,0.7363813202339857,0.5903380095158254,0
0.9131346889548861,0.6071359224799263,0.8809520066682303,0.1470351427717479,0.8583007514163948,0.063861500612443,0.9128616414299943,0.5977212857883583,0.7000535326363592,0.03697408278105763,1
0.10237524738521198,0.9003919077268983,0.3184211030768265,0.1387931460674643,0.9909375696704598,0.08139664989199402,0.044099926960823765,0.9097741339677528,0.761539869403118,0.18724641137096631,1
0.8600516133862542,0.961924070319799,0.6388717005674858,0.11282008830832857,0.17265206620155205,0.5541841863923571,0.8885641029473271,0.2642734926010134,0.7020162240944747,0.5479959495019673,1
0.6366502475176159,0.9648979861487345,0.5052549606196312,0.2612685349876185,0.03242028453525292,0.06165422236421181,0.06744882677434072,0.08477731256384069,0.8381476124352697,0.1364149470432714,0
0.9173563079769761,0.06772970943453072,0.9797555979636671,0.5788152394310687,0.1696571969897972,0.7046307021871726,0.843056889787744,0.7398676097316615,0.708687691890749,0.599622385749672,1
0.7023276371127904,0.608804319082521,0.17043650592143378,0.22962206623490722,0.34001422162645756,0.4989124944646689,0.5747814958485132,0.6600774140715198,0.600818430195096,0.5346421588109257,0
0.36897181411556956,0.21841816310021422,0.2725942934286839,0.6726527626476094,0.10337687519534688,0.004441900341814353,0.2807414145567113,0.8469753878555107,0.5698005263185114,0.9752407464115465,0
0.6326733783618722,0.6189722242409361,0.963830228023729,0.42553490189229903,0.015078349818249515,0.6174016104574783,0.21147904066165046,0.3072541630008313,0.4680029668450484,0.9172492056548283,0
0.29096374012180126,0.38941989217098494,0.6632856289802339,0.3796895914584507,0.8384603385284563,0.28571224894282454,0.10378309731481195,0.023339382383593343,0.7850548783738595,0.8546053787873912,1
0.40527967641875906,0.24040272337471047,0.15747757107841354,0.2764198157259059,0.24417205505542072,0.7728824723747133,0.763784928097547,0.9452136202954479,0.3308518904303561,0.8229568559472429,0
0.22350901727259675,0.8754834596791422,0.25200725019075587,0.8124178331306914,0.7989027554299458,0.3526197875098914,0.9204848241054417,0.15470971413148948,0.07604853190826899,0.1705324869093856,1
0.6402225647224372,0.08229100450628712,0.49177387211795676,0.3246208039884141,0.16989743599370222,0.15779845306216123,0.48029469392440083,0.7515137093852174,0.9077788753446627,0.6211655681859779,0
0.3974084965612815,0.25479525833311356,0.8734248026073035,0.9502087901202602,0.5637395949405475,0.052735352085598874,0.06022054567882906,0.22407053161243673,0.5170069883720508,0.2692049521062332,0
0.12890282484046012,0.14350216399767002,0.5642318780705011,0.31987882755537,0.8889424452197815,0.22137617198494508,0.6947290788841082,0.3407087256699103,0.707165911742974,0.20171633866216931,1
0.07032310450295298,0.13084099235397684,0.4343861620712063,0.16757897303823788,0.2711195652153401,0.5111220356387428,0.14073731766955555,0.39787240170392013,0.24606784585485686,0.2634613132860061,0
0.1795581180654987,0.38239747957836134,0.3493283465251328,0.6032323084257654,0.8303691982373136,0.6590116859861616,0.6915435754328129,0.041066849878843126,0.10240962886734595,0.9544484660995831,1
0.828272035255917,0.8033755099577814,0.23140713618066389,0.5046033919990205,0.3737046665838023,0.28137139295665325,0.5291409689940886,0.30136183835417785,0.41963920483508343,0.8043403019384964,0
0.4712257825627483,0.5533251653633066,0.048279320680806315,0.15834577146286866,0.9085049038143014,0.03141510173940554,0.24029537983089455,0.4155041835123515,0.7248669264945453,0.7232023248955737,0
0.9541326571713407,0.37747515224778583,0.35708049944485654,0.2987951958985938,0.6174800014914962,0.058172570228780196,0.2501941017770346,0.9627384730001111,0.11082675019935206,0.3308236360991197,0
0.13971006409688802,0.6242619023048785,0.5741983079547743,0.3714638144181932,0.23503930734534006,0.04931627614316503,0.6182688454656563,0.7511076117701391,0.19214068868121115,0.24948898843372058,1
0.6548252144457513,0.3149009819057671,0.7467119305243037,0.028491865579113762,0.02283801990193246,0.3765160683572222,0.01736396128061901,0.13861456364602365,0.7956419469608828,0.014205741774344416,0
0.8149664812314881,0.47751197544470003,0.15718656113268747,0.9325454304833795,0.904469236571938,0.4200655367909647,0.2856491920537283,0.9840705636492627,0.7347605525608787,0.2549755100973139,0
0.2818735916441686,0.436782267442238,0.3271914856512316,0.4779858359562359,0.16887484002766462,0.16772878666740865,0.03357722727718293,0.22888980612551413,0.7976069508119171,0.9577842828722629,0
0.2644675711596143,0.9863639307507166,0.559339326639369,0.8940116694914724,0.5917407920203873,0.8903384791854707,0.7183249338676687,0.9537170526449552,0.3001559289556096,0.6033503961431719,1
0.5839767774663754,0.31356730935134647,0.8164996832131127,0.6568113416416426,0.2932058796170114,0.29852716201960283,0.2514212412197534,0.3214297007350596,0.23825655746956476,0.5841787830435116,1
0.8538142050610027,0.5263188732838695,0.49551501526195507,0.3654782200622091,0.25564587484084433,0.8905794025163015,0.7874630024219043,0.5021064623290482,0.4699260649240944,0.4880678102308236,0
0.7486102725067623,0.6160655295779559,0.7534242587425555,0.4235190487659912,0.1432527732757508,0.6416797932465022,0.34371213543189794,0.04446103232282195,0.12817478856136388,0.5035085581070095,1
0.8286555754784176,0.49528701783205176,0.2698497153897096,0.8506154747557466,0.04289290810317403,0.24819004614536366,0.4136054076086292,0.2215600510211484,0.2980727107269827,0.7465271837065166,0
0.3236136573778964,0.17748693740215693,0.3453109360380565,0.6475970236896144,0.7175577096852506,0.7116305524229208,0.6666397815493765,0.20121864131990086,0.12550210774153991,0.5615484249177809,0
0.42290496757082374,0.884511995250445,0.5210686470235655,0.5080903028714386,0.3475261431826193,0.7427156006402971,0.10981163153476015,0.3251012218356554,0.8358507932415595,0.6773430140048272,1
0.23951385483576193,0.9342221226265199,0.2389833061993839,0.2508841783354593,0.6392266602378412,0.34163511968161353,0.8826082599945055,0.3135835686282705,0.695602427522247,0.11656710403873483,1
0.9062992213029425,0.9311063071686005,0.5107598166807792,0.3731927826622613,0.6069914877719496,0.06737598473920603,0.12865925641003384,0.9487953196862663,0.64123908958601,0.4296566240753289,1
0.5797338819957083,0.5534460045708159,0.525594446672014,0.5710684042696973,0.8272772618194503,0.6274730310329564,0.9904020906116999,0.7395257890090117,0.08527463355402287,0.42485744453753693,1
0.8750534715561429,0.9892285703361217,0.1804309320592714,0.3475446314640611,0.5633987838907144,0.07858114258912408,0.2504396597530478,0.23506063971165103,0.9412914374508067,0.1341430878838662,0
0.10791916961331505,0.6059386811440944,0.5706680553070853,0.5024095316399533,0.4252472910561934,0.4666909277155643,0.6821745980649113,0.01697929081957672,0.5241653946252223,0.6673569556020089,1
0.3482980088679398,0.4704499185538671,0.6411732341118712,0.35278553135940505,0.4547738088199008,0.39159288719551066,0.7314105874995238,0.16620129917823623,0.6079857984247601,0.3093880176573073,1
0.7444925841640476,0.46877369436054983,0.018466176226746844,0.7523971954543962,0.30853798066816795,0.5237609757044517,0.7094483259654732,0.30460597474033657,0.6947641371708984,0.38093707864745485,0
0.1159358885645072,0.5148520223088702,0.7527958091441309,0.012866690496666444,0.24283481266203966,0.9755953218046037,0.0033058798814737944,0.8430685134922524,0.8569475548288076,0.672599104818468,1
0.3348408207287693,0.9184785459148724,0.9677727346466916,0.874621212959848,0.7101709775848294,0.0938872669328843,0.9301176753906846,0.5025165957369548,0.07860207160288635,0.4844266384480057,1
0.650931646824196,0.938512434189592,0.30371851831794805,0.17518685390888333,0.07363770641419298,0.24626329659197777,0.4141457971308903,0.8490499952910038,0.5815124922649679,0.27988108498072106,1
0.6012174656844089,0.9878891780463932,0.030866204445086143,0.22491485245948928,0.3612270073496374,0.34503615374074736,0.6884951457227422,0.6662946696748292,0.10765582814924679,0.20086897280291016,0
0.45162793867638207,0.09814366386866158,0.6313594456188648,0.04743624339469943,0.806238150807717,0.7836728076009569,0.24952483962859662,0.36915359946197523,0.5013252232579499,0.5554489125429662,1
0.8543163584365346,0.2921099200508235,0.5418107703598771,0.07224897668136165,0.3555400085447249,0.7993223795535258,0.5993932556822915,0.5053317266550574,0.5076784528999398,0.8994609875175975,1
0.4136559163648392,0.5743442035410824,0.2460918903347754,0.7258824265368151,0.40820961339114903,0.3520487728749473,0.4139309364493562,0.3463789234881556,0.5081439308988009,0.9951195878276488,0
0.6565488894946394,0.7084345737767577,0.563553472358062,0.8146049158550644,0.8893703360663205,0.9569908613789099,0.5627231620618793,0.5618989382375164,0.2635403840273708,0.7786960623897805,1
0.8087876363601697,0.40927922623933266,0.3950878983499424,0.7218298009143069,0.237713172425009,0.5423320422772745,0.8442409443626506,0.34326127637426507,0.3399364055429084,0.7769437859714102,0
0.3466788062472861,0.4002790506542794,0.44359995808875796,0.18750809238588106,0.9460896790645051,0.5643208302331415,0.6511728091014471,0.7412472798250894,0.7640021843060374,0.9592738742814948,1
0.0869603243040612,0.6371177320158079,0.030690956227990784,0.38286160011645964,0.5619207380339594,0.32717928790565387,0.22974063016297364,0.03433766741658173,0.5310529134625389,0.5349079969643663,0
0.9264163049600024,0.7119562194843896,0.5505805756138155,0.5491325788214644,0.9435029109320897,0.15794330843840954,0.7583517351221771,0.5778402359620143,0.42692341205491136,0.852427165781973,1
0.7743447888659001,0.5032870935185908,0.9869270391450619,0.37533527137039024,0.42052744688848487,0.0009612996876285917,0.6405990652787719,0.5793052139053236,0.6965194493719217,0.3475068539800633,1
0.4891185498112157,0.03396728126441506,0.26063982688705223,0.818700696904893,0.20122680515823244,0.24398873057882964,0.3924700785521982,0.7258031561746622,0.0056375905151930805,0.9462732057474206,0
0.24108681618185146,0.6610813815152514,0.7550532620682331,0.5174841654904663,0.5026136817690359,0.5337998354771133,0.05813331790145404,0.160827989358573,0.21234519020483222,0.09451959383933561,1
0.49533784223612454,0.5083911113037629,0.04870366816536098,0.03266532393955157,0.3277792223966166,0.0517488442797589,0.014129294823229888,0.09062352612302083,0.2938811882295116,0.12215018892275398,0
0.6715226326554684,0.9661760619951056,0.9252163621404926,0.4507446900727964,0.5190525986736112,0.9381846064345986,0.25763315999871694,0.4410279312556594,0.7582763262770619,0.2317925366074155,1
0.6362273169265447,0.03243279870206284,0.6043825319133281,0.10463451006016022,0.10731252710802164,0.5311292359080677,0.9463154269400266,0.3779630772606346,0.06768355908748347,0.21903511988708058,0
0.6547460540603874,0.7097267745073393,0.3584618913401567,0.06776397752437446,0.08658654962834,0.902991068235968,0.6562155339259624,0.1963189226068266,0.353372757145492,0.30023161217435357,0
0.5647170353567654,0.6214476125304058,0.7383306981655592,0.5896272438492731,0.72869792344601,0.22826929211864344,0.771599971797482,0.24690253703163612,0.5422414370604645,0.44765824585692104,1
0.8415433669679824,0.5235882295462385,0.9379182705296667,0.8962727486741058,0.8375304570126061,0.8942437261492946,0.7810996543540598,0.8314481475185034,0.016695124266041028,0.2124524456573651,1
0.6524764686407476,0.02134719139372865,0.09991979234318016,0.19655289059480308,0.23881826669782358,0.6905810069756761,0.568474372211913,0.20452855254440772,0.6234845807596865,0.6840836317758624,0
0.4719237470806268,0.348250932495332,0.30891729562908743,0.07984484397568858,0.32570394215896536,0.22246198522495442,0.8249031891459373,0.10543947724758851,0.8127080088101623,0.5093547807258468,0
0.9875383057023988,0.7822350030679532,0.81279459346006,0.5586827885558586,0.6067751507071684,0.7632393243414867,0.8745719509398105,0.05907551140984413,0.15608548768360975,0.9701233877432787,1
0.18569962857832822,0.6795755538043425,0.012939268419252303,0.4176457003724543,0.37807140825618935,0.4888033086796435,0.482174494197698,0.5946334814422848,0.6434078974257982,0.26628841280656146,0
0.1893428781884059,0.4048753029242449,0.5761876094455094,0.4142071491228406,0.9480254371372135,0.698013524439099,0.09474470238673705,0.7451006346134463,0.31635501406251976,0.45260754493176314,1
0.8235991188750267,0.5318436409996194,0.9830981929307366,0.32313890859109107,0.7203006924633754,0.6546951520713696,0.9481406927372791,0.5734449697072896,0.04853064348694791,0.1125018806485234,1
0.47632323870923166,0.2496558486472551,0.23222345518653165,0.8646010558628952,0.0745676928741259,0.4599470230029893,0.2868491689564926,0.4204598255041646,0.9931868690034539,0.6490094093104402,0
0.20227361845973768,0.7352326974981922,0.9924894352831758,0.8594810261047828,0.22333940311653078,0.4339179122717002,0.7025477816204162,0.17747746228726324,0.48486787319211866,0.5091454457720439,1
0.6881506088453895,0.8541102648270781,0.7774256806111345,0.578083799412324,0.24420985058436773,0.6236679849890527,0.885736900266748,0.13840670346391526,0.7693067663984248,0.4520703111111859,1
0.9526932361570593,0.13347678186318646,0.19237846535008007,0.5439159647193271,0.8238873827445224,0.20252975675536922,0.16618797899420767,0.26934359964259136,0.6772331128938913,0.8738561414778008,0
0.715256526542253,0.6880200319830245,0.9092744859452339,0.37783360913400055,0.9355249439380544,0.9585833753335217,0.25093727917523323,0.41796664687498697,0.805432760565454,0.9526746116002454,1
0.4695838135500727,0.7574244174651832,0.7520992820729385,0.6950641958819391,0.4132081309453355,0.09598274209199553,0.990876971690463,0.18921013860409452,0.1228525697926095,0.6107101302967742,1
0.9625263936944141,0.22292021765930892,0.5104287024860669,0.6972065866066245,0.8670403282272597,0.7642913311634624,0.8552949085217533,0.18542979917315805,0.24065297607483793,0.5797655154072183,1
0.5391562850245546,0.16418659924192414,0.5387722320671452,0.5298371083126737,0.9224567854131597,0.23903649364067758,0.26127888087796114,0.003600180530294428,0.890540266277212,0.34715640099597767,1
0.6677379258182986,0.8710785255757959,0.009071575912473206,0.9838539246229617,0.5795719609657242,0.755008969803628,0.9512228621565054,0.3602895024644497,0.10026172866398331,0.8283183633774949,0
0.3666860316670132,0.5245090530650784,0.1726190809192807,0.5398947030885741,0.9072230423707277,0.3137287898803849,0.29217216342997254,0.6251068354422379,0.29805628536830797,0.38660137392981986,0
0.851038294743751,0.5443749386024638,0.17709335327644093,0.5979849233584427,0.6510668519129638,0.2894797578085978,0.4668307299383624,0.8751214047102605,0.21346842045286019,0.2093371829244055,0
0.7442197829047704,0.967447309882646,0.15224887813739107,0.7694877536168806,0.23561653453619846,0.20748472736029866,0.8905501768382313,0.3115964279224358,0.049101483192791506,0.8253713832046186,0
0.9987398031319847,0.2541270692142358,0.6519978918683857,0.22256965829765507,0.9972254163012814,0.034569429075256175,0.9427850328014589,0.061063086340796935,0.9507494843726875,0.09792132219813143,1
0.3628331336161923,0.3181537710579265,0.07237053133625004,0.7501304224331717,0.5334218266283047,0.33129068057026567,0.6153214269413656,0.9264321986849349,0.9513209937390869,0.15226354571313638,0
0.42698951124995066,0.036385099460555126,0.7311143352272285,0.7741373882783354,0.7474571097177227,0.7397730623172547,0.7903817449520095,0.18265611578751395,0.3894660315737887,0.006127247931020263,1
0.8293113010689808,0.6242595620896838,0.9090142236860578,0.7190556703488146,0.891207984243689,0.13409760520998126,0.3122635727931281,0.07259138647022711,0.023905593279102244,0.3888615118450409,1
0.14750133387131703,0.07615300588737028,0.3491458375452333,0.8748518390782168,0.9111752113945392,0.27380558217224693,0.896909827079321,0.7741868684055793,0.5722354814040821,0.3465451394474264,1
0.6870168184046055,0.7559494612480432,0.6165449359700812,0.37486247736199363,0.16893071117909908,0.6612232451049959,0.025534428585093805,0.34605693547944705,0.9301315154807945,0.03043133646647278,0
0.7762032309327931,0.49961598041623345,0.08057893257382842,0.4550816161551401,0.7603564062475368,0.3568317462166226,0.7355423779068762,0.0659877074562355,0.5629067712955935,0.7996406992254124,0
0.17990269890163313,0.9582072620948673,0.9004667367702293,0.07222494003577462,0.7861383904038031,0.18099760299592205,0.509011064369305,0.859526000912546,0.6800652247236306,0.13869170927005003,1
0.4301112381089073,0.3341644105677346,0.0454869929778392,0.3276097682062056,0.05704587308486153,0.7366698028741259,0.9868518539701059,0.13587102501509685,0.7498356544825339,0.6001429637026439,0
0.36537474427988736,0.741869097617762,0.1683865151281947,0.2506024658706343,0.3974332125044153,0.1519596560919817,0.973174178896163,0.5611538159128562,0.5058283206841558,0.2817144937491999,0
0.39298462387010513,0.2568906859344743,0.5961241840126513,0.5918710028083412,0.1543598461372907,0.7313422677080503,0.757515030774194,0.737377327118405,0.019157701664248905,0.22476453323170364,1
0.8294883156421904,0.5907830942336434,0.04680785175667945,0.31932336697085384,0.020353766774385607,0.9745973054858008,0.7539488660534744,0.2723819906812447,0.6710705869731124,0.854940917309951,0
0.4666244498508171,0.1703954495845188,0.05935387771046907,0.051985781515408336,0.2531347370813809,0.25715559326499904,0.5723878643726741,0.23150449669361173,0.10722154894333336,0.07172240668286023,0
0.39448460584784517,0.6796011693005597,0.5041248849615891,0.2770410993349305,0.9480724970248138,0.39612800128425585,0.6742084468411759,0.48676335628563216,0.20810740797864513,0.2937713994140403,1
0.7296112184081298,0.767487163038436,0.8512013322237584,0.7949280177799124,0.26331652778042036,0.14797976618021746,0.558328897547899,0.5432312116144009,0.19296060827640005,0.5167580067680184,0
0.5856302799668154,0.28203924003800107,0.30613613289553687,0.58086409603854,0.7737148803846212,0.1169667050402895,0.018214547162744066,0.39592374568954414,0.774155078146991,0.3286091721292673,0
0.9353212867030481,0.21702842910915154,0.7405652485687072,0.4273537039480997,0.4003828426441577,0.523239754658174,0.45993325349017167,0.1494696681322517,0.8342274177635115,0.5534755294550648,0
0.5151428299400022,0.755865824321482,0.22021358468699492,0.20919284937022964,0.624118460438199,0.978077853902401,0.2403293818191855,0.36669494312740325,0.7404971919818731,0.8824720520471366,1
0.8366824646889318,0.8796640056128785,0.29027975130689176,0.8650762664541244,0.09299212756817954,0.2539588557139134,0.809680011886437,0.48883522924607625,0.7198079325599995,0.45529718680884246,0
0.2754594442311755,0.588463671153518,0.6159585866320966,0.5759235544721075,0.41701101108507044,0.5340094273377369,0.6031546466799835,0.3645939813768907,0.7918566494387327,0.9766624037935409,1
0.6633235678119258,0.7733149952230411,0.2508180590066088,0.34312307439850254,0.205593950364915,0.8970169901957051,0.5414347715969261,0.8489183167316104,0.5805571980518922,0.9225129637955013,0
0.3137714000740245,0.6248995262319386,0.27791380055552073,0.21457699709904932,0.4738006953558851,0.7134096392386226,0.1615470707797768,0.10407442523421828,0.6847035549794127,0.6602360888793452,0
0.588193611062077,0.38720554352011294,0.5063005869283814,0.18103815787732025,0.41018013840352774,0.3082028013706022,0.07014433382984042,0.03204956847198526,0.5380286638365055,0.3318136590693421,0
0.3276917994709081,0.4770610086190623,0.15981299839330254,0.8319152151545574,0.5532271263658928,0.14357064545911935,0.77019880404209,0.8400663220708696,0.16624636835974582,0.49054401187702934,0
0.9552834382189089,0.5824999665020503,0.6245206138430962,0.40433459003145245,0.6381758788960292,0.29220344200671144,0.7190427086926137,0.34767479954203384,0.9993885871787319,0.7783868263269553,1
0.8992012695694507,0.20320181640966695,0.5296122977202007,0.3684100625327634,0.4035595206241519,0.4940189795330059,0.49304985867128104,0.1232574018478928,0.751376037465435,0.8346091900426985,0
0.7463461364376166,0.27172859040058583,0.7843438569051229,0.3695915669970026,0.04513572267440835,0.2384417114721641,0.8614519461605924,0.12303731628444892,0.7265848995954449,0.31234858161949597,0
0.1613285480176282,0.7329764557020075,0.5033025567361945,0.8983755583330224,0.7491581424476896,0.3055040922304153,0.45345211717434997,0.20613254414976157,0.2673779149250918,0.9948893754831728,1
0.8526963490402439,0.9197004705411034,0.4804405695919204,0.19490618864035447,0.4110476330508698,0.6310696588755381,0.8770406642683062,0.9917878156591898,0.44535544315549747,0.9396485192047448,1
0.2433875572290244,0.6668250075304132,0.9097862248638778,0.9102586065220699,0.8395075924757985,0.32261450728412133,0.9739188521129578,0.7448560647357847,0.14287519719158281,0.6475594096924888,1
0.7147153422333459,0.0020224807251293386,0.6351789840073758,0.4754638916960042,0.9283866228491008,0.7006400229038342,0.257185005108025,0.9630127469057178,0.1578053634628226,0.3770206418193214,1
0.4942027588549869,0.3521226133976836,0.4802968187362775,0.9996610581919385,0.4378185354955433,0.9906126346867496,0.8813464749446551,0.5756532027787121,0.7066245953364813,0.6885315736287321,0
0.29562934621012127,0.9995809025786866,0.45851917682054755,0.569469844704122,0.6074894958494167,0.02351448452140492,0.29410941310718075,0.5117208253425213,0.6290745295635742,0.48708074471687657,1
0.14383659316780095,0.3477407568097918,0.2465746846106276,0.0718625887950265,0.6403496115209092,0.9913157092938911,0.5745537882055747,0.31856732450630587,0.30898062136479776,0.42100776190094014,1
0.8913300075558784,0.15757520482750775,0.6533716473341226,0.6820533365321486,0.43583690837289724,0.021442505648590182,0.6937047012749864,0.10749937832558498,0.7100291907454965,0.7029366668382371,1
0.8708477168582205,0.4712646322431794,0.09359668094767237,0.13506606336481064,0.7929630411476023,0.672014989371768,0.8155372650469913,0.7122131022211882,0.38387798100004034,0.43542685662168923,1
0.6272099015983552,0.6519292079949328,0.6916060884478317,0.41187360121188143,0.5651967546160591,0.2212546492736044,0.22366358117219232,0.16666452545708088,0.9663174562199345,0.7454140814716814,1
0.9670161643571694,0.032022215080047545,0.3329313207647503,0.2243513478844681,0.11574454772157972,0.378163969336201,0.8064553919701406,0.857257668360488,0.7572080041123403,0.9126187090092741,0
0.030172373655941054,0.011134445614392252,0.7350731815977439,0.6655941483780482,0.981777373684391,0.008398781449870052,0.9640197229157382,0.15643952505956937,0.9462662292531249,0.03611790062583364,1
0.9283862834694252,0.5866790233741621,0.8373710725520963,0.967315760989924,0.5461627512375011,0.4340188924655346,0.17333488116247575,0.9336669841257015,0.5613163813736005,0.5967016976361655,0
0.34583848016640995,0.3662044784977473,0.48256859779610073,0.7613643702229558,0.5873790001314556,0.755289580276131,0.6947871964582919,0.3632316073444207,0.8659991218524442,0.20075613613890086,1
0.19788551529584952,0.7652312283836447,0.2511781216206751,0.8681205983030104,0.5299603838202782,0.019893941797598513,0.0661373557479108,0.993584696147688,0.42311041569499486,0.1595036023259051,0
0.14869699581346218,0.69991258386174,0.9159422176445321,0.7700213293387465,0.24826108776903433,0.8124078522707326,0.12750641142467278,0.6751478447829585,0.26170998739412143,0.8787461725904083,1
0.6909881540249323,0.16782376604422067,0.7205412420833744,0.07230171274709363,0.5583700428548759,0.27246957304746067,0.774393870235019,0.5555564731440749,0.8797217083531436,0.6582959685554377,1
0.727407059213074,0.7332720524199704,0.11938585944099223,0.1357598445880529,0.40184998151158113,0.10996565585980955,0.7540760779824313,0.6014739070068229,0.008285974918515904,0.014205034980145359,0
0.6543844558974984,0.9892519675781426,0.041800503034189584,0.12073823264070382,0.016078905706034652,0.21663038643166155,0.712398371393631,0.025162177830310495,0.9939691575864802,0.552866189471251,0
0.3412742909580184,0.6415726581082732,0.7206581743329902,0.6572912516602646,0.8103587314636437,0.5913089259736162,0.038036485275355525,0.18437780411117144,0.1056613235018653,0.23591365664936625,1
0.6363712852827187,0.16076329285346047,0.9560097968585639,0.29061215300647636,0.43016450079375257,0.4480171339918677,0.42202541065051935,0.2582787658586103,0.5057201394047726,0.1490324192170256,1
0.45703716440682407,0.8087257613798688,0.6218940206561108,0.8235844787955248,0.7834212991535336,0.2634598134814793,0.9014536119270498,0.7243805477099989,0.5988182878110683,0.8472350848627327,1
0.7450870829279385,0.3694441945646183,0.968618338457111,0.35395154726085254,0.7154339246564101,0.8717029625176135,0.7590125010875594,0.39074311669485895,0.4909686509566069,0.8606209897921769,1
0.3032063412302798,0.9271176643767164,0.5698096206442431,0.7538015946454772,0.29070173687670575,0.10042696742665469,0.270670029161197,0.039464701178395734,0.3856192390931247,0.8756381625243276,0
0.22610986994927318,0.4717637002183158,0.14774879063082913,0.2712158627312299,0.7274679241998926,0.9820834513946174,0.9174591562837173,0.38554813157523526,0.09402515677253942,0.1863492460043793,1
0.49000743963789506,0.32059488850897566,0.39686077921517204,0.5039853732725265,0.013321121691385551,0.3229120213928858,0.503999286890608,0.5766087267205131,0.31229206833625045,0.9643636199544129,0
0.47382610674916337,0.5304006662433614,0.5645984898934191,0.9278760143365424,0.12498435817294695,0.17198462050540475,0.4333706171208065,0.3830737722880382,0.3808904857428723,0.19614453001156384,0
0.13885633826250343,0.41431808128112924,0.23595634909650431,0.8062004832477658,0.4700108866427555,0.23069594730269105,0.25431683751021206,0.5324233338673436,0.6130219678545737,0.6073366306999146,0
0.7790800403875491,0.03271611899881954,0.9050851535938692,0.7834246600293561,0.8219024974867621,0.8444028655752641,0.8940170222067972,0.017747916936356578,0.8608936775799858,0.49713351637621006,1
0.7489003195358414,0.6605402064204252,0.5713918602933248,0.2674563262971589,0.22320982647646226,0.3647543167095333,0.21354708282331336,0.09548241640613053,0.8802158373515271,0.6425383931538045,0
0.12369627376633163,0.5285880821286413,0.8379791651888172,0.7484147058945311,0.9663321187247356,0.8567450610780608,0.6371484849597306,0.8884356128018399,0.4220287698487274,0.4863523837901801,1
0.07947306083044026,0.8724827100449571,0.2952754348630965,0.5513042303209092,0.5092968735867947,0.24689961032330432,0.46827510629731706,0.5578091008470728,0.3942806349534069,0.7923553666839959,1
0.18838929285467998,0.933194933436625,0.9324220216460624,0.14246703038551278,0.32450243988441874,0.5914728509334982,0.9411757932302749,0.12967178325304707,0.26367769485822856,0.36008341524804055,1
0.3390769813053419,0.16485550996008236,0.10665072991229074,0.8045253941503597,0.5255402540956741,0.34427493949756993,0.09323446526980028,0.9356847399888273,0.2819740811462075,0.3090118574498292,0
0.7658622006642094,0.4891862984152142,0.8321850933544195,0.8731814123521185,0.17634599515300475,0.7837707848535069,0.7581203039592433,0.7958215748306572,0.28536200867683703,0.3312256254271829,0
0.5940589406421288,0.44707394952190227,0.47480394732935494,0.880460011834791,0.5762282811221672,0.9521795416047181,0.8293919730517364,0.6824694617818526,0.17765824143755815,0.3403330239753949,0
0.8521740244305613,0.7126882423845275,0.7040772039100989,0.4742008119229425,0.9502550757662291,0.41150939275421516,0.9871583912156935,0.6448446992952815,0.5253391985930965,0.7931061988193413,1
0.0784286921702968,0.22482514284348654,0.5741912672338496,0.6184002214569353,0.2905763445814551,0.6372136498095806,0.9781420065848841,0.585775294416158,0.7042631281343196,0.0646431678143593,1
0.05165906315583424,0.6187727621256155,0.4606262833905531,0.49432929968398587,0.5709473000654564,0.13763936162761126,0.6746837287895535,0.505181557798922,0.7819377376393448,0.3790728739152922,1
0.5701923153243557,0.7080000525615423,0.5539552616107773,0.6316627871520886,0.8100907792533574,0.7942977408703075,0.020325273603144733,0.5501406395293691,0.6448044413575911,0.023241339541929085,0
0.3951124115452531,0.31973680917774605,0.3218115083012184,0.3233630253834533,0.34019479235768413,0.25335811724544144,0.5826910344304072,0.7547555771555995,0.04274459604220371,0.6992847949083038,0
0.0015649029103863565,0.2651690887746402,0.9400709744769166,0.5148443780439613,0.48374746665515655,0.1833927279181572,0.15662658705531074,0.17449546220727874,0.8578081032141107,0.8998072940193891,1
0.12850864692894148,0.2974110008486529,0.5162743195770301,0.8534808311229478,0.9498507380046542,0.3453311928731726,0.45663821789843984,0.5863237266596302,0.15528851555989864,0.33188739466626893,1
0.944546836853172,0.4632957605506369,0.6755132186971274,0.6798455527727427,0.49770634952394244,0.21267587878324667,0.903200564698761,0.7870161743520254,0.13008089652659505,0.7991660969926178,0
0.7088593739796862,0.5902889776051292,0.5992655090402833,0.25676073879755645,0.4703123786483816,0.4773830702529267,0.6295481688934476,0.6857232870739067,0.18232798477598566,0.5100046472985006,1
0.26420044896340944,0.3943280532437303,0.8873895608483408,0.979347321482765,0.6042477172832599,0.4975361215511337,0.6685060804557001,0.4745673101511668,0.7936547088972012,0.8979234465704341,1
0.42319539562204467,0.6564335659866632,0.2449798791306792,0.9895693640064168,0.05041787190753089,0.1536394458134832,0.7571684285791637,0.3868573600816372,0.9889217305747166,0.9171538544656457,0
0.489620240083935,0.32017592884074964,0.010520007271682896,0.9695852589624823,0.7592704377592847,0.7461176667763826,0.6611863411904806,0.1758575552895062,0.6885729001760286,0.6524586125864619,0
0.9396152129171518,0.18341397255558256,0.37887750631695605,0.26030809141243394,0.6976692649648412,0.7886750817857239,0.20460957032636407,0.404883724973942,0.9320355820397672,0.10731672324937269,0
0.22296515539358785,0.8674884867821151,0.038249854617331436,0.31836331683123886,0.6295472428586756,0.8368395443029294,0.39324870622660213,0.9921263113684832,0.21771207450954,0.016509876114608968,1
0.6788227042348718,0.38884080394340104,0.056486408750214934,0.5104176287525933,0.8701269830835369,0.9650542584069352,0.8098152109407133,0.8468559656141276,0.05547299885075563,0.300459964866011,0
0.1954113533619416,0.9321887618886421,0.7294700181217433,0.7486247020348311,0.9936022510441048,0.630998270558857,0.6043520377249715,0.36489045568562783,0.16009156765588128,0.9219135912404108,1
0.4688132159186382,0.061189169694774614,0.36054204626529895,0.5168289586359586,0.5847704240249637,0.770298734582462,0.4742033339230102,0.9856913252334811,0.6933950751112057,0.9199335843708781,0
0.8220923762081565,0.4782581404556746,0.049625982767774635,0.12729248832077178,0.24728714091249493,0.775930327887939,0.8253749840324314,0.21214479193545444,0.1286907523206985,0.5093144966060552,0
0.8443063909988426,0.28712746557401425,0.3597061298766894,0.48202958765321946,0.6931885938004225,0.7418495983446253,0.9908257355347158,0.5263007526540218,0.17278164401937035,0.6254039827447196,1
0.9876984648942435,0.3645874435901387,0.5579750061037715,0.1565109949941823,0.22011453429401406,0.36860147387930076,0.8829099322084044,0.690803353092041,0.3231634986130303,0.49024618914858176,1
0.5469379781056297,0.8697691165916467,0.17733585542703323,0.9283863173633584,0.7973781990672462,0.3568144958505356,0.14371958779668692,0.8538617375405709,0.5271552921270303,0.4978529893150191,0
0.9432208251703431,0.4105385059583788,0.6641887449458451,0.8504925797694889,0.49883681733967833,0.41236013380423564,0.6758881834144608,0.3209588306682444,0.45485344294047614,0.15089056564022785,0
0.7259743860683913,0.04928027485560893,0.5463309068167037,0.9346299807715552,0.48018307474324107,0.40312129065420155,0.3104990707250297,0.9355504731980219,0.3506198730332235,0.025561703347965703,0
0.904479843689129,0.5560587859872875,0.6804328473187853,0.42046717171729975,0.5945407561348561,0.8037156460151023,0.25999478439717527,0.49954827454121253,0.07937934687936332,0.2121454212556535,1
0.6339998863315374,0.38866201611454676,0.3304942491817242,0.9360225813035516,0.23397028669974662,0.8172385576681335,0.44268582222239794,0.7437531692838335,0.40842385570754747,0.22887082545930681,0
0.9198773644308159,0.17026854680477543,0.11444333654740257,0.9248698284794727,0.34492812306075193,0.18131818785203224,0.48492327548690084,0.2067360173867283,0.8860684010298334,0.4987366664772761,0
0.9082837822541228,0.003904851172108037,0.4732380891633352,0.7515488297992107,0.026420627715540546,0.4782009189151071,0.9091413888454118,0.5636725979079859,0.16384549882391375,0.07603520355881199,0
0.5326332058837612,0.7414829875216168,0.31708372816890684,0.11485151653363002,0.5566498644138413,0.43908371591102946,0.2980389035097464,0.9769836047343629,0.23184586606075575,0.43583711508541323,1
0.7475079714923857,0.6830201348660204,0.34635523634521703,0.6545794075138258,0.36220696905764416,0.11646848354295114,0.11323148608050548,0.6317480699127472,0.5352200288561381,0.9591897447589363,0
0.5644869977245691,0.18109039469769195,0.4788920078499195,0.4774716457480992,0.483372563702374,0.23700319557330185,0.6402100187376956,0.07935887680652154,0.2222600989609147,0.2741649710775411,0
0.9277729581913694,0.7559538600056276,0.8326063939865662,0.46907493719540627,0.3733128196952963,0.5926273977046683,0.6688136572976894,0.8483437595770486,0.22094171588743405,0.7304713963523439,1
0.28665257506579134,0.7394387655951824,0.4381501542785371,0.3797840425527428,0.550529162319902,0.28438247019363216,0.3225197101336491,0.5672750701543481,0.571652592898288,0.27724907027868007,1
0.13473108551236856,0.6100677120260369,0.2469628597627319,0.8833458193411919,0.055324627271119864,0.9790053051933837,0.40641987574275373,0.23674547077848274,0.37185928879143226,0.7914341479148648,0
0.5417022334049378,0.5703217044171052,0.9975322470855151,0.15643052387065537,0.18590449340817383,0.7039259532096849,0.594411212230767,0.9162268936641008,0.5253472737229373,0.5601402483045743,1
0.7867690434760801,0.9842317491050474,0.46506948658778846,0.9394492315122733,0.2475509498074807,0.5879896799621536,0.46886282008630364,0.2194924248832788,0.6412262083065113,0.5154714563841749,0
0.4985903091970444,0.8104135790907085,0.9299329469723752,0.9760821388001379,0.7909632241684514,0.7540803257767019,0.6861179593398147,0.29233639148951607,0.9959534210249769,0.6617596674440005,1
0.9707786274954057,0.7404167207122032,0.6862686655051257,0.017217732437550315,0.44144323179240463,0.23132282279931204,0.1819663173685674,0.9495722960499313,0.4047614511526555,0.14771636909722596,1
0.7378360804261918,0.42535504326131335,0.12106699546938948,0.4588128137743228,0.31948775949550223,0.5840536844070672,0.8401662541229022,0.9572413021705317,0.9456042035552545,0.4423011479123714,0
0.5530678515162553,0.6705961155466658,0.982219126120364,0.6712563596726526,0.3041583151157643,0.4948441634277315,0.7118400209801151,0.7648142293131467,0.6906825866596424,0.8064138963983941,1
0.8704277621151034,0.9455564720254982,0.033236822258110976,0.4534387643691892,0.698214627606761,0.02403542659581237,0.08207123575735265,0.18988191971224122,0.04544189876873783,0.6060098589614619,0
0.44990233914097755,0.028093597501098855,0.9312341450390313,0.4835051362592918,0.9443401137046025,0.9368697727739743,0.22439456321146756,0.5691623604105465,0.8142220419402864,0.7709070828228606,1
0.47944297821323445,0.0025223632961218767,0.8863650666632037,0.6884898632184873,0.5663585218440013,0.8288770389362593,0.5291821239291055,0.5306948886495144,0.033339123487450606,0.5592672918796854,1
0.12362242805499413,0.4430454385420919,0.1989513824561998,0.39466578830455834,0.33597214271656006,0.41376344148760946,0.934307399385352,0.4748033395465374,0.37139344212176095,0.9340341936789157,0
0.8108838647827906,0.31845141905130336,0.7450500708610918,0.6388040383837292,0.8883369299912344,0.4813908331111302,0.6589397872301831,0.3537915943355905,0.01193830589699807,0.03909921779360992,1
0.025790956826378775,0.5405795418616018,0.32015678141954784,0.32533340549914913,0.44755407535470015,0.21123022096315203,0.48443083840497336,0.2919610720580208,0.3597889079465474,0.47263087056043473,0
0.3698485647087335,0.789209518335127,0.7351423721759103,0.9363194462860036,0.30297511502991303,0.2446951725851203,0.4060672624332837,0.013777289710916074,0.6711170086181354,0.42812223558520324,0
0.2309578556411247,0.2845327408361875,0.7046280523798807,0.44045064347658347,0.6544048216662847,0.045038797274918774,0.041431254682550156,0.8292598151556352,0.33571515643593575,0.3008690478944539,1
0.5706792967242788,0.6817710327888857,0.9268528197021604,0.38442698352164784,0.6069820582094263,0.30775053518872686,0.2419961268606301,0.43709476775768663,0.3482841978900282,0.6960118625484392,1
0.21116574527638066,0.21753447803445103,0.29288128381400214,0.14010468029102452,0.1647429041892391,0.3628199646264869,0.7712154426424738,0.9163044373974226,0.09727871033931734,0.03838148358447557,0
0.18397776976700664,0.27214694505113235,0.6360515123007278,0.7834279284818065,0.6306721033886207,0.7101935476584105,0.40137760864457583,0.24778470897073668,0.6074685606004144,0.7704141739057495,1
0.7014757988817595,0.872983499632766,0.7242729183296646,0.8677799758360114,0.5437328427957924,0.7366429225885788,0.4958152073023194,0.1657167810363236,0.3161776148117317,0.3015911207366405,1
0.2107567569130373,0.49781639743324235,0.013911626878442607,0.5899861790320661,0.9686055117525625,0.8875399038046596,0.9696331650486988,0.9592470268406281,0.9110304978560697,0.10264728384374289,1
0.5495158962602178,0.36483439843840226,0.10114790038035948,0.2523823479228837,0.26110904609769714,0.4088538243253177,0.9953280102719716,0.36969243317240763,0.23163416319864005,0.15478754688859864,0
0.7702768807629542,0.1618003456788668,0.7559159095890365,0.8863792388439433,0.3546553472271661,0.49817155891493103,0.7456062707221182,0.5843607629971068,0.3090792409202643,0.28009790453210437,1
0.9037431048716614,0.6520290167664802,0.08955146937403546,0.33685153554384795,0.496035911843536,0.9328366400621972,0.036822862131940304,0.2777450619078401,0.3826545472280888,0.9437393086178502,0
0.8481642549105665,0.2624923047874963,0.104788805320703,0.18535517476603647,0.2612358352834647,0.9685458194092036,0.682187144902333,0.5002253557730939,0.6328722323733147,0.5995950840631576,0
0.8392796782654288,0.7981615132352319,0.11450357612389428,0.21919480660577673,0.7302938462630001,0.4629072514005371,0.04453663717426726,0.5949371271281052,0.4851062210536835,0.4285715381431354,1
0.3252627308364413,0.16478113317831145,0.8989543033660893,0.8167521839977985,0.6701173813409793,0.0024306677656886766,0.8016476741868455,0.28131792440932823,0.6758735263426989,0.3109929445129501,1
0.3523037969416508,0.2824148845294302,0.32555000747160423,0.3414865835412396,0.08631330398460169,0.1974570463849482,0.8172551389385566,0.4302423650016818,0.15243586772026008,0.08828464305268036,0
0.6670132454601844,0.2731704185138134,0.13252401255617308,0.9677420230837869,0.36202779987999545,0.14136312802338136,0.4812428529506062,0.006628232954375646,0.40196312891405483,0.5411673374721248,0
0.4386017855730219,0.47081304395065404,0.1512969984955459,0.18814736012758349,0.30685304129584956,0.6922663723227311,0.1843308110279973,0.6183032334736835,0.48871285862846603,0.936297983715834,0
0.40942633245419113,0.4488253105219959,0.9158900061324314,0.4295445936841239,0.29142040337933084,0.8820883826494719,0.33574311369300536,0.5066090508810618,0.5086976204806491,0.12362111792440789,1
0.2942226721612351,0.6859954308796568,0.9756308762369892,0.28952875933413424,0.6070970193339501,0.19388247122887714,0.07292377353648805,0.41708161301153723,0.34657800672356964,0.8848257027186801,1
0.8149833947683748,0.9639365887392581,0.0045769431428969165,0.6867449010188439,0.22990978810442753,0.6491352202198811,0.8975644516880794,0.6461670510574874,0.20923735024971124,0.1867255496363981,0
0.45018452105576523,0.014813798230464803,0.2433257274509002,0.04123080458595607,0.20737196918262646,0.6805884058327354,0.2216081707880765,0.1997055865959011,0.6541851410187632,0.795488826727883,0
0.8178045377979537,0.1575194466824147,0.42337467622140024,0.5377455954128586,0.868715071076408,0.8713040619864433,0.22208155319640865,0.5285058977942845,0.6931232790470349,0.9144495771423068,1
0.8940941336823226,0.5633678025307071,0.5441774719140572,0.09424724697678888,0.4846872333144405,0.26009071476101564,0.08658655628752054,0.3175208537265809,0.8034674531553668,0.021488760961219877,1
0.059604617131529314,0.39717807648981696,0.9505745108511189,0.41039797598756234,0.9888602320329947,0.17458925999506647,0.14355153822108568,0.8628240969174159,0.49445686900760777,0.6390974939251295,1
0.14641683450955933,0.9582873574924249,0.4262615588431562,0.64122389330938,0.9427647500639743,0.7763493153804106,0.337350808405221,0.9554681212887995,0.12537260402038541,0.060345497201131026,1
0.6516106502537542,0.3946838091011954,0.7090967939431108,0.884274844254951,0.06429553804673438,0.5643311813386693,0.6117867266954023,0.6425672497884781,0.18393548479123922,0.9560157911677047,0
0.7628002270410458,0.5571530977635738,0.809523863148818,0.9328555849489495,0.11371064402841524,0.041972178537582505,0.9538181440981881,0.47104431678085457,0.1959647391283279,0.5254543698273868,0
0.6027718849007814,0.9540500205386714,0.026166118036291097,0.052049088040658664,0.8455190270429325,0.7389315192771122,0.3911520702919541,0.39780402031608963,0.0395628696857081,0.0072719874418631925,1
0.44888397770897537,0.5234356501420384,0.5342610839241491,0.5296499328020573,0.17178366380267573,0.23103651529728053,0.4618462117643066,0.5329494410544947,0.8897579783959282,0.9392850411989653,0
0.9640709219191574,0.3279737774723932,0.037172646165889445,0.2967150329996562,0.6707666058353414,0.6759719345630814,0.5506675145323211,0.9507250699829836,0.8929181120972305,0.4893028868053546,0
0.6001539920886272,0.4545217569625243,0.05211205823295206,0.4755519614666014,0.629174156719114,0.8301669178455262,0.17369963032339208,0.9823337813436712,0.7535211475827056,0.21668512672024398,0
0.6495674205236496,0.6483239607294505,0.2801427381603361,0.9181138078583915,0.544154571324652,0.539662506377978,0.36087021260479435,0.013610965568598754,0.7416838966295234,0.7476770241914222,0
0.6301492965133015,0.07780305887460681,0.22702129010770067,0.3625698014451326,0.5875602268175284,0.5003241300759071,0.28275298470963517,0.20947779146191992,0.10999128823120063,0.7573624802735416,0
0.09063511257362189,0.6180863356380024,0.19989631316798706,0.9212848910584891,0.2088011304056333,0.1855926365191829,0.8492074604030331,0.43477882568822124,0.9862173734169412,0.8094523397963854,0
0.3863292738691555,0.8378793145483577,0.2267155664496331,0.11697138383343941,0.09449096242215471,0.0524848841439115,0.5497345399367451,0.15616353743002864,0.10540378099532133,0.06380659695981983,0
0.25004868243784584,0.3344490882933867,0.11013419630917398,0.6658776673439117,0.5726573121695114,0.028841350630518958,0.07360279260588243,0.8959872402977301,0.011614590925571489,0.8415051164481478,0
0.8025690795272271,0.9977446587818191,0.3648015901304845,0.36908024614325374,0.47184259295295716,0.4321983474391041,0.3615111573198362,0.2637329333232892,0.23980809489011867,0.9452327715466228,0
0.09781473915519168,0.39685242931703624,0.3265334050542932,0.423431381744907,0.16853153925279352,0.5811195162505625,0.966861852953356,0.3663324481518624,0.4457511934660403,0.44379467731377875,0
0.12850509370382446,0.4959900965075432,0.6822695480588439,0.9299681009213411,0.8470400336081778,0.49320148448719225,0.7923799282140255,0.7684335958054346,0.16321465666417123,0.9850290724785794,1
0.5947759286106642,0.7142024197827732,0.40104420345777125,0.7286963504093743,0.8618667814826552,0.09863374737911568,0.9708045058391228,0.31724844772941774,0.9571005859473777,0.09361627747633516,1
0.36426090364781183,0.30535359655434646,0.4164687651366027,0.21683351750942337,0.9153068413793661,0.935232886701012,0.4436691259917245,0.9230891074320084,0.46996298354641886,0.841555505132523,1
0.31026537645381946,0.943931224327379,0.6546540636830388,0.5427486475697441,0.4755859728178139,0.8143904954561177,0.1920562107426398,0.007439761555052216,0.12224600948042486,0.9804746642339721,1
0.6502512758734682,0.03677093322094682,0.1035287281282482,0.12572247126649938,0.21321718046261218,0.22165661198709385,0.09047427523632745,0.9523651862319362,0.6314655008036717,0.649977036475002,0
0.8385819451651757,0.25952821979087126,0.03065271723010643,0.5697363843308763,0.6657038314237729,0.8520860869434459,0.9298860634552898,0.9109386005788473,0.2907694865449356,0.12988021806736594,0
0.2909079348677447,0.12297220841903811,0.8700695952784995,0.2057753374519542,0.762301733259111,0.17252791898665465,0.960393903112355,0.7073639257753398,0.8423830424973138,0.836215899304335,1
0.27475054494718987,0.7528941745174624,0.14585535322822263,0.2288245182658123,0.8429588233116792,0.6442207874762177,0.8945557549058601,0.8823076061446395,0.12629596697050138,0.07328696397389822,1
0.5975974187921649,0.3477065421476693,0.6279135324187075,0.33794000456766493,0.14880798189391164,0.2790776708673678,0.6894446195853461,0.3909104788199226,0.14686234343520999,0.8455012124297399,0
0.7520630051657179,0.2703365428782116,0.7925105565374589,0.009549233541996216,0.0337327255243669,0.32357847426514497,0.8215274683236526,0.10340016406870223,0.6910303151730534,0.21319476124499037,1
0.7428300521135174,0.7897553759969735,0.6327364452569648,0.7569142779975846,0.011881783205860086,0.4963663484403633,0.5986215907918641,0.6839413199239447,0.638974439230044,0.535528715165223,0
0.7659618372238277,0.22742174553816186,0.013690779166590228,0.10647774260863341,0.6736798384987609,0.6339984972675595,0.9669094776981326,0.6387257522603911,0.4884537257734075,0.8378137163691911,0
0.4687975589082344,0.4320190903474126,0.6029816230968797,0.034428306622648286,0.6648536505294685,0.5019630996269367,0.36025087651786725,0.836101278298839,0.3628121453276505,0.24141969588773826,1
0.7951627713703286,0.214266706062617,0.01854123981748801,0.9119366537603284,0.11557536213352959,0.3274739132924275,0.3978281286135974,0.5722983009854801,0.4476885890116217,0.6442636848825926,0
0.032509301595114226,0.3501006400815593,0.9217007128187814,0.15316111968599389,0.06742089637098914,0.2669012877860112,0.7299214761951496,0.39057126937970843,0.505326472592557,0.39672818739955307,1
0.6354476220522021,0.0903853595020403,0.346329330368606,0.26940846469427426,0.8124979189783175,0.7210596928274249,0.9222506426174156,0.6362575279862064,0.9302944376263128,0.38122940940783756,1
0.73570724386817,0.656129025324623,0.39375272022412977,0.7990594074233195,0.0890299138586097,0.12273813895950492,0.9600266565959323,0.8216799282860007,0.4603499392908146,0.5825679475980783,0
0.08131080258918533,0.3293236821157819,0.486045721906194,0.13700333495599204,0.002309164587885104,0.6901312150690243,0.8332302064760743,0.5191032651909635,0.3440340231573199,0.7566684848958238,0
0.18947955429008945,0.7911573810463322,0.49680505434207545,0.7083922065389457,0.1886289577482192,0.2015501209761824,0.6505581102661623,0.23252315595401574,0.4900747229376272,0.2543802647285026,0
0.034686129087858175,0.5939186009649923,0.8963830506887159,0.2609040000433722,0.3696159247270444,0.5081849504660382,0.065505553913217,0.7089091212782517,0.2874884094556718,0.3423794735253921,1
0.22622501814606044,0.8699031688557038,0.6409964845086269,0.9069800749583975,0.8635154125547823,0.5746778425882463,0.3588939658484397,0.8483861814379042,0.6838745217576453,0.4916964061138799,1
0.21085553959259562,0.5849711697417186,0.4538315247666994,0.22252702355810627,0.7216602238032065,0.09954498277809853,0.9608944481686892,0.7848754220044553,0.07144258266433823,0.5829953264339872,1
0.05072486480254479,0.029381055201768924,0.3281732513585973,0.37295568693830916,0.7649431577056407,0.044351295963824255,0.8684557844708402,0.4050056857939509,0.5767721927085474,0.9546786809360306,1
0.7292847866274567,0.181359873921776,0.856102080420608,0.9063488172991576,0.5577158963985431,0.7853521425222689,0.5237225648210125,0.3217541566974258,0.7038720388718428,0.8053300192543253,1
0.1048267576735602,0.4800382406408895,0.9839808309584231,0.974945033738451,0.5618569618312743,0.4396065097957078,0.5191794500135023,0.47972494824208534,0.16945599111835508,0.22519114576177224,1
0.5158643872031846,0.6172709464692602,0.8097081675831765,0.20914022957066636,0.06760626563710292,0.10670947003807885,0.23188512082780177,0.9254081431712151,0.8424500565488366,0.3015961071100596,0
0.6379494017236398,0.9846067253501942,0.4376709899894675,0.7404294073875937,0.23130987989701102,0.12330120128183031,0.22333206082113644,0.20886519138058535,0.06120007985192055,0.25020737629281653,0
0.8823319299794631,0.015255913253984454,0.32087302888759894,0.23263779966695586,0.35607690603963615,0.6500117998072947,0.5077054688243897,0.1301686454866544,0.20446418909146957,0.26380095296926565,0
0.6519097219856961,0.2323419415762603,0.9924324029833914,0.057958914384037885,0.9304801459333407,0.7291599952481486,0.5349423086667988,0.4921547433826683,0.5915593801087615,0.5533335563821081,1
0.4261686039726771,0.2947870574915026,0.3211272946316889,0.8498325408016186,0.947214024028615,0.21636485117305093,0.03332077299243352,0.7718057410131166,0.38132560559336426,0.4160927435834937,0
0.09061070606015031,0.5730707406160763,0.9869163935563565,0.7186336325909863,0.6969618357218718,0.9988996319797065,0.9892085191834652,0.5902826438277163,0.3369593973723296,0.22021857668132883,1
0.48766605178188194,0.6227689838198877,0.9725298990794445,0.008421292707003758,0.9479151160635751,0.48564541766223657,0.6310245592305844,0.21120746454210249,0.4141686640495257,0.8107503767196254,1
0.04508377221836157,0.14388043289222519,0.09650036238993531,0.1825118573615362,0.27030132300232257,0.9737742371318685,0.29856880848838996,0.2985542076200177,0.5588805546612766,0.9316776430471374,0
0.8344779993176584,0.5755333875162174,0.6059045644408276,0.3352886268236067,0.8911071734044202,0.3845899910261351,0.9151938627664088,0.4411573084017014,0.6357357585403853,0.12938561308554308,1
0.5487330765478611,0.6614328844077471,0.605339057912633,0.8471060859721496,0.3137763715932025,0.9753036402293837,0.3208213598368619,0.9203931613155262,0.5371095321976844,0.5683702200985736,0
0.2630537620013902,0.32183335300859306,0.3266419615705456,0.7040438759825994,0.9988977685337016,0.7441172800736315,0.7192763875322736,0.7797908714372114,0.8243716711487279,0.44726269143477015,1
0.904184058941311,0.9737449354942851,0.9212175337218033,0.9232407561727446,0.6659812802510768,0.41982723388333176,0.7975644915322958,0.2806081623555702,0.5639765395750393,0.1742893759049715,1
0.03543502781358032,0.9809676708581797,0.07155431228933307,0.8842638824693476,0.8640952306067269,0.07843829172269601,0.8731269540881303,0.3491145948896319,0.6291465501401141,0.052163261082757484,1
0.3593505345980019,0.5191472042902028,0.005557387890466781,0.04902383695208623,0.04020029224053001,0.293798156361357,0.022498580015366754,0.7132104442443239,0.25487001872997583,0.3587851170593449,0
0.3510068369686311,0.3612815618983516,0.018926674738928395,0.993523216956705,0.5515966980230963,0.605011546179422,0.8596774137170721,0.3963153989985507,0.1345513188559997,0.443483132288246,0
0.08917690059349237,0.5071427606948119,0.17063830545237324,0.8924513020125568,0.7926197857739605,0.384057002908766,0.1768827563618418,0.6578752277259948,0.059878293848580344,0.6750371390394991,0
0.8680181342227837,0.9296794597082692,0.07063818555982848,0.4972590823227375,0.07115614885057175,0.43283763292255006,0.2745227775054214,0.9494055122431604,0.4841928769406413,0.7662407306629149,0
0.6907812354148918,0.8927135335557123,0.776893450491052,0.15630978867850132,0.2475048312666991,0.5839383934331431,0.40200056487180236,0.05791074903429583,0.36222151150769866,0.96340889763648,1
0.7610800113406326,0.6436325945338328,0.6069391660583291,0.7591063542665042,0.25129522147166616,0.30831080737708205,0.941474077584422,0.5422423573429158,0.1852203496432937,0.8947319445956119,0
0.9417261760374915,0.6828488981775658,0.27904563968944385,0.4931140686090113,0.712381285396939,0.8170207344758587,0.15711885527625946,0.5782764439102894,0.7481661790388799,0.3246147780055776,0
0.575254298690359,0.30574940159928166,0.8890703916919694,0.5744324971776423,0.3095361022985653,0.33975701667916514,0.7607404877538567,0.5444145743181454,0.8970405340580435,0.23462752909935491,1
0.4943314608942708,0.018284318179039638,0.957568783138624,0.7519440445594857,0.4784185692466587,0.6660793545737839,0.6735733211453596,0.4773409248744104,0.8028060961860668,0.8537005750251495,1
0.11151485564487285,0.09961581122132257,0.5380197052253668,0.12261931168626594,0.12679666911572507,0.5382288215432302,0.446366930802252,0.44153990920794806,0.8067313466797095,0.4325305702172436,0
0.8941279304383762,0.16368183777144474,0.8386037368559713,0.126179578472015,0.5768658195273657,0.6486432597876641,0.21059478903728668,0.4483244526030751,0.8646712569845523,0.4962173688818634,1
0.11677595992504008,0.6283507151511902,0.8457151252970235,0.4360712225262744,0.7862344176512739,0.7965035579431434,0.7336853414119349,0.652118546298948,0.8242403565368752,0.4156697205076867,1
0.9943577878995471,0.2716917398128641,0.35543754551529005,0.4502814251621835,0.8474492316549297,0.9446401292476004,0.0554051185754626,0.9692633179216807,0.9960220601531645,0.749868109958408,1
0.7842389242418877,0.6919715376420795,0.8780582810806276,0.32070876999416154,0.812242473093936,0.1321854469940229,0.3894426971179369,0.629930341366452,0.49061147316050957,0.9497776248041809,1
0.4733993887184281,0.9422332110512691,0.9395268019500075,0.6731111437827383,0.21052169235069895,0.8280754412581323,0.6898482015094687,0.9715593172888765,0.0032240801198952784,0.9046822189006536,1
0.1605485414744977,0.9285359362790779,0.4701491604055542,0.5279722334819104,0.7067748807036961,0.7746409635462637,0.4748026757618299,0.5717846030517273,0.6722514220141605,0.8807329949461672,1
0.7353810808167041,0.6451140193828495,0.42637898636539695,0.40308297442533647,0.23475526578536887,0.9251250879739903,0.8109564603129594,0.5403061809473686,0.7879591333584581,0.18740048839053602,0
0.9624156491742799,0.8039760812235296,0.2854708969335703,0.6919638466861749,0.04618326616758783,0.9605055785324126,0.6031571986604026,0.39810322822606503,0.10261047953629554,0.35488710719297956,0
0.420075081242251,0.2879266408402569,0.9949757387088954,0.5864189722515365,0.38959118122640757,0.9448440721657414,0.4283269687141621,0.33367288873871315,0.8545298713174067,0.6865938117409959,1
0.42709172228760306,0.47643195487679835,0.06197841078309907,0.6248823889316972,0.14192379421114687,0.053470808850592855,0.6698906946635323,0.02113478276048475,0.06331219670680588,0.21575889553289396,0
0.2996517213560521,0.1778499695003185,0.9872259231820406,0.5742182497714325,0.7161091206639286,0.7578938438001174,0.2787082316243483,0.28140664918474145,0.5522006973905923,0.09028693062591509,1
0.17454430887373573,0.8470500953534787,0.4205299608492239,0.26284242450763606,0.24727727523573717,0.9909187861306875,0.5423995789564383,0.5532978956561353,0.9934965491261553,0.9056799791338442,1
0.8097206293684671,0.8263996856696028,0.562882436913262,0.9059311132829382,0.9813746888902788,0.9927785796481328,0.6027375754121731,0.38477178650992905,0.4322214922307144,0.4327132973544553,1
0.20780814976253192,0.481671172061911,0.880534446699755,0.6759356762904823,0.8851393461038608,0.2869921169177805,0.15901758916602404,0.5009090326719703,0.3849072697932756,0.4740447753631042,1
0.8162942378307209,0.7310300929793015,0.8742001239102553,0.4748981281395419,0.13664176079470258,0.7928899756023372,0.9954434741582623,0.5754548847999322,0.8140211930470165,0.4010311302422249,1
0.1456898769581374,0.8619150358580113,0.6546337279207078,0.3052325969604668,0.7740253709476681,0.5110266450500581,0.6909737472672225,0.14358298774491984,0.9541692402836004,0.7186962102455423,1
0.8321143036216572,0.8606145724245399,0.07925816477340974,0.17146669965259875,0.5265676302278264,0.4361999738398443,0.1657416411222924,0.4875929316887775,0.25711093468862334,0.7884526888905046,0
0.7843203929468701,0.5968083096828648,0.8662000791760444,0.9571977242408504,0.3808984407297973,0.1826410281274512,0.74934774102046,0.10033193784695649,0.31674356375692003,0.220401689963852,0
0.46019223932678577,0.1022845399884792,0.06906130265184596,0.595141796585856,0.8044737747298943,0.24935216297740692,0.688476363185747,0.4563908804672143,0.988378524228168,0.18003241287420113,0
0.029964201740530494,0.5824398115986087,0.37003155208398597,0.9026395757727338,0.661722079511434,0.03035049052729688,0.11380245327410077,0.3232995905813375,0.30214286125733336,0.39566707196027295,0
0.697353159754183,0.06560455253050457,0.6640812582750217,0.46117329802536944,0.5672272606980655,0.09227551449232063,0.9510888341889636,0.3594605804596309,0.9515747802538325,0.8019096739565484,1
0.9753651726641123,0.21311001072186386,0.21307455179131263,0.8338179409173478,0.48107414552036576,0.6336182703000692,0.044289060558582616,0.8414595640126121,0.8747515157289233,0.09770664319790046,0
0.6165805448058271,0.15806323974832293,0.8650770795292517,0.9492968672959108,0.6772672004733536,0.26107709121369194,0.9828255176550619,0.4159284463327043,0.208716090949015,0.3812680120366768,1
0.8551725751534731,0.9758495908239068,0.2708454672213736,0.3413914929515526,0.7218671593176271,0.8345394751187192,0.8286709299010097,0.08346040594685444,0.8300503012322824,0.7112202260897853,0
0.24242334010246358,0.07005291214385356,0.11250554451476469,0.94372812902911,0.6112470698878634,0.9113122514952511,0.962089739151308,0.8126998292441515,0.4064445127406575,0.8305284229228272,0
0.9269398747471602,0.756594505119284,0.9966899118180199,0.6069515380041401,0.4171392548805877,0.8473463678906457,0.2566685074028948,0.5024250436028805,0.8909513006529729,0.3760239791100406,1
0.7571217868990915,0.3867900192041912,0.8767273594696218,0.6629248242539323,0.692248646171633,0.4150311332707949,0.10962921217352439,0.7289086040860523,0.49202651781968465,0.8527336810369235,1
0.5617569205021494,0.827337308144096,0.09713731246205015,0.055516648062273855,0.9645095807041121,0.02106125613488452,0.07563864117504882,0.4992161145148001,0.7856749882013294,0.33031883354575153,1
0.3260990447371114,0.04663834171483805,0.2708317468622463,0.2896920821920673,0.9023085407838117,0.9061369298662666,0.278993112941081,0.137398895801091,0.9729220712509796,0.26057690207476436,1
0.8480490151317948,0.06479754543607041,0.8191394144584163,0.2273306357730548,0.6690816544875345,0.6579261080551962,0.9794491363384449,0.8819863511381979,0.41070703796928987,0.252066439969585,1
0.6652838178344765,0.11639793436834966,0.1498676156557912,0.9065043324746825,0.005577954987325939,0.9758506669264415,0.6594654287321365,0.07859615563704425,0.6533812285260087,0.044091302373809094,0
0.22563127127266225,0.7482381064486286,0.7868103643322581,0.391433905147883,0.7371986814198833,0.6831704381657505,0.31288897433560603,0.12149891902168486,0.45898992406895867,0.08354045690928424,0
0.757772877525817,0.11088193737237728,0.7425883973902796,0.8805776983944075,0.0054443098539287416,0.4487776600762422,0.47325214411018035,0.25042132421597374,0.5069037622507542,0.9739186418631912,0
0.4334686206867514,0.4881040314676386,0.6880588538373983,0.6041122132996288,0.15932197718605867,0.8275856835907441,0.5532337185719852,0.2325564943208761,0.5861946632276084,0.11732027127552658,0
0.17670566398890286,0.3635437236887187,0.48527675520432145,0.222047963710718,0.4228246655593504,0.8287526403655635,0.9115918574704623,0.280388152488661,0.6881163794874028,0.8953072169711994,1
0.8081334552658717,0.6880737726787043,0.6280500879753865,0.7732528030207768,0.5908974612840591,0.8473666573569517,0.9889629994374917,0.5394994991217301,0.09060414266859096,0.6711730120644588,1
0.01455747976673094,0.5593525733032603,0.03830178192795719,0.357676174423763,0.8238025207681957,0.0384848549375465,0.06986350454317458,0.4034317722543673,0.6489319888383338,0.7176835018937693,0
0.6190549757461425,0.8849983132099938,0.6227481149554915,0.3180397087577709,0.39142503915810234,0.8990107504932938,0.7532770490414559,0.43559296954633275,0.41335018837208626,0.9825634999017462,1
0.38576038819462677,0.986875042724243,0.13275370583346746,0.3597451317568816,0.9808173616359046,0.3757166453706645,0.48817667505150675,0.9261289398692056,0.8093847636924179,0.6188293930006923,1
0.3872103289845913,0.2682319359357753,0.6125319036781292,0.559149613982116,0.9314484332731857,0.819380575450542,0.8223568645015941,0.9060107592451907,0.862093378296835,0.49801773511889047,1
0.05592703806043631,0.050893661675765256,0.004465821661186253,0.3895099187091978,0.5399128145938596,0.515274169200631,0.9923015829931633,0.967658914344773,0.24084707239009462,0.711503630543102,0
0.7015628353650024,0.3131801771859939,0.6501069122148204,0.41408875585579763,0.7089202965325266,0.6092203534864841,0.8525896813849391,0.6287159882225023,0.887584135220582,0.38381304797470317,1
0.4674785053996573,0.6106011120790794,0.05093887921759854,0.8303418900609881,0.31488104721588317,0.5544507490205416,0.24258106989923933,0.262804660721793,0.014756203640164722,0.48857336979250365,0
0.004383055013633563,0.9440499824877205,0.04776507854939738,0.9211322712196207,0.7950746569777526,0.897105551170241,0.11826841454970238,0.6231839697466722,0.927610151103874,0.3277722665336502,1
0.1799496299379686,0.3074568660882243,0.38280892491276197,0.5105212119565158,0.5013735393099696,0.7840571031173217,0.4444122326656915,0.3444743626917435,0.22369574147302185,0.013147654909278272,0
0.18853043265250458,0.15700108746358776,0.4681150323198787,0.09187104404699253,0.4377139847938547,0.5101447587757063,0.672486832445631,0.9802957085868185,0.34552647183432217,0.7195539128887923,1
0.0877932571834471,0.024512867322982967,0.7486575327261394,0.8217181882969535,0.10182852392774455,0.022065758465033336,0.7131849224591363,0.8248150199893218,0.4926133994630817,0.6319503033535728,0
0.8378586188915444,0.21626944692595418,0.7716870095880687,0.4728219092426138,0.700157393701131,0.14539924103464097,0.774302351345674,0.5617554006855557,0.8932895207209334,0.5839156677218406,1
0.369632558361943,0.8507710561428589,0.6027303416165489,0.37547387166887647,0.051234024516996324,0.41277609913568813,0.4114676848888289,0.04536687909765613,0.08095363638335418,0.301669484596237,0
0.6451804586718808,0.5352022572492428,0.8141015028172621,0.5674922184782331,0.8935865419376927,0.38937119825633226,0.2871645902815022,0.18969318591564333,0.2974803686705402,0.9679210813903948,1
0.9690514772845849,0.9749509825721203,0.27994849810624567,0.9523256228917308,0.5519233328150931,0.11734074628472246,0.03172761018684189,0.5430494590376267,0.31961457425529505,0.10886290606965743,0
0.5505914135198141,0.47892311124062203,0.41085143224191445,0.22826500415692808,0.9757309606208541,0.7596547160027056,0.12872775791939728,0.007834809133344112,0.15565452583469253,0.8246914313002758,1
0.3865852281754265,0.7685162808386663,0.32439585795324055,0.610582334744053,0.7137070719820473,0.15355980765565647,0.016154678601813743,0.005767740489921014,0.7782121547336478,0.2451588792710211,0
0.49964460471508776,0.15283192238731924,0.04282437814937601,0.16019223976216312,0.31447816250199023,0.7336915769147834,0.6059750275199483,0.9523636879520158,0.202537249127971,0.5034655707250799,0
0.9761013311229332,0.14723392725920215,0.18990727426802978,0.8544445637104052,0.5642402653425491,0.029542573491987745,0.6087058171416997,0.9931704743265286,0.5420074550041984,0.2946047593961767,0
0.10431262108073325,0.5634434484467552,0.6602283539275117,0.8762630656069063,0.6561395438721299,0.901252138719179,0.8394953995058082,0.4037650112837122,0.527401707578484,0.9851958355724477,1
0.013771626192342734,0.7750343895272529,0.8987226813953179,0.8535193561963267,0.5041986456582894,0.9080728927521377,0.06329558696779336,0.9068786960812599,0.48634362658853414,0.04694971674366233,1
0.02323740290321219,0.5459315611142088,0.07507859675299566,0.4495868205784468,0.13416446117149905,0.6312959886005883,0.10086303700377297,0.6111463577273789,0.786180074932729,0.9934039086439032,0
0.004384581877302507,0.5460683771529576,0.8502252872716333,0.8850311392950108,0.25847851676800593,0.9083286488853952,0.9860784668926444,0.5509803710394734,0.04452606994005237,0.8199256270999955,1
0.5391861451949675,0.917937753290317,0.4578694843946849,0.7362295510947822,0.13549749096400832,0.05987964706717419,0.09995884609633221,0.07024425767337006,0.9958249144580532,0.687742948752287,0
0.8841423509863119,0.4765349375859953,0.6837517492748261,0.2225704538847898,0.024296563351186462,0.4986999386906549,0.5557823107288347,0.8418641217254713,0.21164732758053806,0.5240379957331567,0
0.4182682315629186,0.876856139857264,0.5258845428191342,0.4964915813738441,0.2873311191272284,0.8953340730093092,0.3336337639877155,0.954681778848418,0.4866112138369112,0.950456556950537,0
0.9704616302210222,0.8407314455361687,0.6686551894114964,0.38769754009086577,0.13752538912073176,0.48047376866787983,0.6022888219024483,0.965477889199608,0.25203118656763324,0.19639328744312368,0
0.864021447425045,0.47759270972387813,0.43470039319144516,0.032026086210287796,0.3089078428217257,0.014034032237436933,0.9104294437209601,0.5208536257910859,0.7149826952479514,0.4009735528608158,0
0.11684419661684864,0.6144591025856972,0.48577896141259347,0.6622040444360036,0.8424993338244746,0.3429446490938003,0.12521506336402566,0.9029588277906394,0.6639886264058686,0.300698549670644,1
0.05483213062566383,0.4632239353807063,0.13527080403772151,0.718616824001249,0.4721790374509375,0.2713081839954211,0.4334547718331755,0.023470916590788482,0.31443375340891344,0.7735164333863876,0
0.5375466162384623,0.21863122276233227,0.236596171678216,0.13495861592504976,0.20288867379960496,0.5363911812484928,0.7506242961125297,0.5247371151318921,0.13782668229293293,0.35815151517763033,0
0.9829564324533686,0.06039557029795206,0.3604023337471791,0.37292534483401185,0.2686851668464024,0.5546415377542804,0.5595603280806218,0.3121562615094421,0.4906125191734969,0.9260553947031657,0
0.00406709795837934,0.3987886982519523,0.05228707738030902,0.07714916131381655,0.8219225960072597,0.412590688927282,0.2853685830187218,0.3903610530249543,0.8279562148181767,0.5854713231278712,1
0.5972917907415305,0.42968955928257013,0.35561796154477465,0.6660068079298587,0.8730059737196202,0.3089056338356324,0.9427675106449562,0.9354919844885085,0.2486181336547727,0.054678761184856706,1
0.727178791896371,0.8621955570542591,0.6508160582995481,0.15627090487178008,0.8222569972593213,0.9113337520264825,0.3147913156516696,0.8213444256341706,0.1305336828520507,0.6652140071599383,1
0.7737292569748031,0.19829506544653974,0.10900710084785703,0.9918546631696588,0.37351636455177517,0.7741278477086112,0.39986364967786003,0.8866295002846984,0.04584900103124845,0.4474344630473698,0
0.09320653388946509,0.6689456173245345,0.25282748789287623,0.6393303211541717,0.35759965355340406,0.950472966003768,0.4071456810067182,0.17614369204413105,0.978745665091144,0.9939479412177732,0
0.33843155309668527,0.9176136436392053,0.6737041897014893,0.9145403158376525,0.06087224071746222,0.3198807908084621,0.19246369812226238,0.4990874297079777,0.49034473055534955,0.8497725521280134,0
0.1922459134239608,0.8384862913363166,0.9032186266327027,0.5494342933407773,0.721177782852448,0.34336179017387514,0.599505630428458,0.9002617713879042,0.4935437509643922,0.31642748090460915,1
0.9622606619400068,0.964428257416319,0.7377552448551791,0.8405254775055986,0.1646892112694699,0.22841389514307564,0.805823518799478,0.09896990954403762,0.9236315782474226,0.27377973294656244,0
0.4579845793910886,0.2792507133998894,0.6433676687966132,0.28726628592061587,0.22790130805750275,0.7175608946030231,0.1454797803844755,0.7022234671494553,0.3450509583883379,0.45654919389858906,0
0.29493503270385113,0.8567683242115794,0.47244790154018745,0.45441886134057274,0.26182809201099244,0.6364576426485022,0.39334441512355045,0.27394770766430365,0.6203560045423103,0.15033980300349792,0
0.010172519162833349,0.45068226477368944,0.8978900223392053,0.6591054713003188,0.07447677866953006,0.03219157156673513,0.5723057571224313,0.5590363688139259,0.2915672062657192,0.1737414271653348,0
0.5027629817027406,0.4236710172556034,0.5059205096114694,0.960406553778381,0.46983381338127417,0.7748168412619283,0.9675113105757638,0.8666314241774769,0.1799344739629758,0.5157180994163417,1
0.8486190798062544,0.5287915449096217,0.2610422911390272,0.264499103118082,0.9879678290392727,0.8922378598072019,0.35027807177050774,0.1169763926465528,0.1473869755409679,0.7705828340571697,1
0.7721724437185175,0.41440397391705897,0.6523127422962736,0.07111565724007518,0.733748296196314,0.5909211958108749,0.6103511948024317,0.2924594822425395,0.32267811099407784,0.449799973814758,1
0.9968151427132633,0.7282346325572365,0.12351205316220815,0.5230471131469164,0.07332426039259876,0.10075429673603253,0.07137196646994459,0.3934497781736208,0.6373872917308555,0.09466108659002159,0
0.21740939294706885,0.4643995511207508,0.9715877134779815,0.05184934651548434,0.058239634110940464,0.8557338865716702,0.443948477693932,0.6217160327064011,0.9470019463100623,0.7215330974754712,1
0.255370674385089,0.6567717930191973,0.7629838800237209,0.9881497562092367,0.13000190576473292,0.33471021393689504,0.15292260053244722,0.9577816931083395,0.49603234683251585,0.5252758640987928,0
0.24161719114280567,0.6042658308491841,0.5171130634751738,0.49463196593195125,0.32881163927228874,0.7003688288519032,0.6517676352769978,0.620316606677452,0.6217155414421714,0.835802755015595,1
0.8663657060180817,0.806498815016661,0.5453473603250689,0.22453092025071653,0.5069417723602091,0.36232208052556303,0.9730939695106112,0.8902952191881828,0.15361203646144173,0.16557848006315867,1
0.603277331020676,0.5772895091299516,0.165946934235642,0.9285184240643694,0.4463331613858248,0.8009567822768948,0.8311744164003657,0.9938985593179693,0.9577417157505334,0.3611172709076148,0
0.774062977937759,0.07123290593161313,0.6651420758155299,0.6411462820973943,0.8172825015716538,0.329467884426889,0.3829228273023576,0.0635725231190083,0.8318461956308878,0.7494401193765404,1
0.7858957726011919,0.17152987047070367,0.5283439116489188,0.30769208567523787,0.6108059568040946,0.5630511370061042,0.8878049315244662,0.8216846922174385,0.6703251966479882,0.7553382282579794,1
0.5127359024992207,0.651846081416362,0.874587145817764,0.7855748342111869,0.1932810552086962,0.614066486806994,0.0027964288808831617,0.900339187799139,0.8871226943726963,0.834684967230122,0
0.6836643231493594,0.7089174752756442,0.9255235862380938,0.4979394174142515,0.6755231383632435,0.7934463052809237,0.7747078924425419,0.17898594882504792,0.9108279534847771,0.6763242081628866,1
0.7932084367156468,0.5390592850148638,0.13399772241148944,0.6563297139576639,0.44447298590221695,0.4460660264089098,0.19281521985607508,0.09702573947966875,0.8611153636202745,0.29978627898615473,0
0.27016593005935774,0.9690729281196905,0.5746889186739739,0.9722034615259697,0.7628670830402507,0.38436410707094326,0.6329949443243502,0.6691317647882401,0.5528638383593681,0.006342366083373907,1
0.8437964197601943,0.4504668776223272,0.9234554784634589,0.6657637703133101,0.41402884966092124,0.3314132467324975,0.6470567766182014,0.05879209429393528,0.6739062898591764,0.8956991846981438,1
0.5312532069874,0.4529310847117016,0.9972174541573323,0.47686199363416626,0.579052069078491,0.2738887911872787,0.8286715354160767,0.37328516255505984,0.4296341832821404,0.9118246143845623,1
0.7199204588897088,0.05459221241161394,0.27031731035255313,0.27211076017324587,0.0014699978284591353,0.08117643744505088,0.9872418357831902,0.39221136759256303,0.37203938768926814,0.45360184742875465,0
0.3627534489784354,0.45798152597550335,0.19258037749765433,0.1392677470143846,0.6428841387972776,0.47969421725088035,0.30086052480033854,0.7645142306287475,0.33756235988970695,0.43322063624599616,0
0.7834212057066282,0.891200407389188,0.42622515380946435,0.7026552199260817,0.11727908485098704,0.7029737195762255,0.6364678891258388,0.8638144613665545,0.8378572396761003,0.837695161813552,0
0.012692677393389085,0.20383997094653095,0.8751977076660524,0.2963378367194195,0.5431723266572578,6.990843220999743e-05,0.49074087820456613,0.5281852339975673,0.634945250235226,0.8321381465931307,1
0.05616731553526877,0.11155315383238207,0.842228532213578,0.4318307146286904,0.12175737617394033,0.6039006565107556,0.22025376136202468,0.8473642682288839,0.4596399296647271,0.331660632611662,1
0.44306511885510014,0.43074171747813383,0.2027317740314386,0.5944222850744115,0.9787541276596089,0.4124085489151208,0.032279480753202416,0.930086043640435,0.3872424339733992,0.04869043491411329,1
0.5112718062027389,0.018398884781565483,0.6695314999741262,0.49008797512244906,0.5170762338561592,0.7121496310017349,0.45231858528787283,0.5631852190133821,0.5084405981475333,0.5047448139870959,1
0.686559248200097,0.9962326524925738,0.4469915701934163,0.253635629419958,0.5022214292540852,0.9388125218154844,0.234332114549057,0.8727088330637215,0.9450362923425041,0.5698804461436685,1
0.11566067347237863,0.9942589714705884,0.8520258125744509,0.8018619190239309,0.21608084726813692,0.4523276974104,0.15138748829680115,0.6578677601206955,0.06563638773031477,0.3275297238071113,1
0.1825108151692807,0.2937762197281333,0.8322646052071061,0.3085854197904562,0.6091261181426092,0.8298567297497481,0.7958157719010858,0.8130979248808363,0.6407125461099732,0.44938033133543287,1
0.21661585316555632,0.10583281050399085,0.9063185495887663,0.40831316738341594,0.23580982885646462,0.9833925928077427,0.08579260704149849,0.222711541638986,0.881986652714473,0.8296785102132939,1
0.023433141606548857,0.2757682495020646,0.440097939924459,0.04815896081822968,0.4322088638965763,0.3052758669959168,0.598425136966403,0.0599832219629538,0.3471166914876841,0.8054100092227087,1
0.5646333015459272,0.09312340616925063,0.8653732441613301,0.6259736118989419,0.07264455871470221,0.9773985645598448,0.1605342509896679,0.7896064359087207,0.5349050134161536,0.05434718743792677,0
0.5226362204001456,0.892539053867444,0.8325941211842214,0.3083007027218869,0.08072024903371422,0.8964798796079029,0.42664093428169825,0.7225147216673138,0.09601709323247132,0.4769073259773856,1
0.46878970451766977,0.5571199653228447,0.029799128638849925,0.7403793746149432,0.7440372778375286,0.34463943209030645,0.15357707649566643,0.9989293864245853,0.011649163476714741,0.6230761606062444,0
0.9984651878980001,0.03348180078322205,0.05871983764541089,0.08351284537837056,0.06450006921898155,0.7863769048446801,0.8648466498674913,0.0923639941761143,0.3475491150429748,0.5583859950964253,0
0.26396837566247555,0.9596995048265197,0.6100214590913111,0.5897959691678394,0.8428081523346612,0.8638450392041723,0.9322036595036716,0.18114971366080823,0.36289679315152246,0.5990837110026838,0
0.6227634313334571,0.13389303522788398,0.14492305698295438,0.9193442221873606,0.4863269902568934,0.7597911616673698,0.05486507364737825,0.327373851666266,0.3059438977415406,0.678993241231327,0
0.6941247603167416,0.25606798036551803,0.7878398312765029,0.09140335202993244,0.5225875871895905,0.004183621087589073,0.1207149797182494,0.6479538295991291,0.3388710430062415,0.4053998485358088,0
0.7628090746172828,0.3625026865502513,0.3684118524639656,0.9762874785692875,0.15709415007875804,0.9350940376876477,0.4705523502947082,0.013924706758858485,0.7580944017746161,0.6097935996575025,0
0.22036510070567772,0.2787600400651058,0.2511153273185277,0.144745141983058,0.7387627005913581,0.5689382206606497,0.7976806740624041,0.4825533612936831,0.5761049604851606,0.43245093022209413,1
0.42031691006912,0.25902851564202967,0.6907837787694926,0.7712970400308847,0.7204313540697229,0.044299118213485644,0.8932529040040056,0.7819256225118348,0.1706910477064576,0.8923158220395891,1
0.5215672510913422,0.7484978525318187,0.5765401362573696,0.8672908375601579,0.7491541911051225,0.023298060641829377,0.42777337041981145,0.7526766297014559,0.6300365152939755,0.36120145670275206,1
0.13297889997377965,0.6764382283082823,0.4180651317805455,0.7557324856732839,0.937080053290225,0.6643929338655992,0.9719599143323931,0.9936169494702317,0.37327557689837876,0.020086959477634947,1
0.21502739813584681,0.30074074690772234,0.09545341006987729,0.9045028677166372,0.28559778583952256,0.9431276279973114,0.4767993459468578,0.33746797410487905,0.3797295231460328,0.6979632790745801,0
0.5901121391940918,0.537127237562383,0.007901456393403672,0.031024581653811167,0.8087888858489308,0.9710919696780204,0.33277124351391907,0.5058774812840751,0.5396243925022361,0.5833243321683753,1
0.6589642604357229,0.6117428793783949,0.8010519953641295,0.3300949815876848,0.687932765094591,0.3637672204154563,0.19525316178401353,0.64515818273068,0.7921002712820944,0.3889211585359962,1
0.15319181987661667,0.5416522395961227,0.8767719541251867,0.20551270086263174,0.2806275544435566,0.40784725421012435,0.2563903605685175,0.2688275858758541,0.9825768406056656,0.5880862963630059,1
0.9426499856716553,0.044364645450027274,0.7288924413362352,0.5703011869834465,0.7974457863881566,0.20241809342214956,0.5988246445580805,0.33986919428585816,0.03693853282308113,0.38433488948660544,1
0.5822146051846195,0.9999301860528738,0.37771246593229213,0.3061288944931071,0.18554111931282014,0.5068478612099372,0.7010986245823273,0.794992549708237,0.10581006668657156,0.057232970338064626,0
0.7556013570365889,0.9129155589357557,0.31597847213260044,0.0345619893564324,0.581270511324103,0.6135009996599146,0.07331818446644611,0.21425739913511144,0.16811128368315387,0.5286980386547631,0
0.7596957218900763,0.518991790234903,0.3835995030591388,0.031052205899990137,0.06858971783341561,0.8843958072056589,0.003625537905020959,0.09946223558741762,0.5958392675560122,0.17441983456974386,0
0.6501536692209091,0.9815594148513007,0.6623449735759848,0.28620410160028187,0.782052865399963,0.2719951213108016,0.8022183092881434,0.48797419767328176,0.7795714669892895,0.8404131173968615,1
0.8639907953073723,0.7813384901939973,0.22365251761508553,0.9427421470929431,0.7151032804499547,0.0759230232532977,0.9222349562071442,0.05482165367180014,0.30442967439394464,0.5124768606715453,0
0.9585540575635364,0.37580033773641053,0.7159700526826317,0.2614218456788102,0.11724485870692114,0.12152929273351576,0.759242258673634,0.03294715334256515,0.8107350656808122,0.8482285123085499,0
0.12304261445618492,0.9645238920036441,0.3568050609463259,0.691753003304937,0.3091694667015117,0.00737010849418851,0.057261847936699195,0.6860384509899574,0.10688818345167572,0.07216639436275718,0
0.49393001091491917,0.3147144207796664,0.5444437679008125,0.09189247245257248,0.07935520658688522,0.3174653322326636,0.8119098631050983,0.02417592268068358,0.21864509600628945,0.8570354376860896,0
0.566428535453397,0.009684008172116343,0.3441244753096008,0.09686386536200409,0.04252219959052439,0.9735727749680676,0.8255928908992122,0.45968365372692266,0.6588113817491509,0.18087231187326847,0
0.075161592776545,0.662504430478682,0.954989858210004,0.17662699542864546,0.8505717036551623,0.6526737800787371,0.560025288817709,0.8472545302731728,0.8325205117222227,0.31173609200779484,1
0.8159609318001837,0.03585473400109396,0.4654244146893257,0.14282565485301013,0.49092742172419623,0.036326726025109,0.742991367595927,0.3644614446801361,0.6961081453636572,0.5714088898593515,0
0.22869032800925904,0.960591071894834,0.3624198140742063,0.11203499104617687,0.4022498779763056,0.1874935881883869,0.13204680625690957,0.9741338198500495,0.03566733235351127,0.8430829482789143,0
0.07461823381584842,0.7292226400048267,0.3379264332390933,0.2069402130047896,0.6575264716563772,0.029318225321785185,0.39580597313590415,0.20301447849802812,0.8649494712412306,0.9342276423163034,1
0.8424773678298021,0.3379677278329667,0.6317662051340543,0.4196072475230186,0.33743397324427693,0.23650132539469726,0.049887725876989975,0.7953570439211375,0.2252877850900249,0.9803009742310498,0
0.504370413865394,0.7025708110009425,0.02766450342094795,0.5526206366601915,0.10197166645413858,0.14161292971420758,0.37719386434661284,0.3605797741100154,0.0925228127343074,0.3100801067838417,0
0.22514896525103856,0.25567436045809155,0.6331250287892082,0.9853921411199,0.867247550503438,0.3607543595945182,0.7166099002623486,0.7262992167365566,0.9505971393768021,0.3885100995030103,1
0.02125653729174004,0.21360888458179184,0.0021906278649144184,0.3753022698874604,0.3480571143713638,0.6000468918852642,0.5475472877272822,0.6039991006774142,0.4059677328477014,0.01582315447236815,0
0.983124820463191,0.5783693188800534,0.16151647560211202,0.8147550516099227,0.4614768361535697,0.6339976515942773,0.8024134786493957,0.2805637225601202,0.09414376978127004,0.3914524439536259,0
0.7333685577220885,0.6738682719415624,0.3457766728473898,0.5379312700015368,0.7434724261641081,0.6364583638168757,0.8316245880621495,0.6389844454753179,0.7845839333296879,0.16466768838582935,1
0.029876335176861724,0.2273684768636044,0.7829947745325123,0.3393594714066568,0.28430533772622346,0.3765947055226605,0.2953542253999959,0.25252140530549094,0.7851949493784919,0.7225822729157172,1
0.3371157662412737,0.06442651051006021,0.29659310253953897,0.5804681060329296,0.35513035219405276,0.9571916428203342,0.9609421495416994,0.04974050928016993,0.628129434713811,0.8977333532159365,0
0.917389409648453,0.1352311805743759,0.4490784755939803,0.13899809564279808,0.2542062267894185,0.41283129624417325,0.09283602266029345,0.9539348988482726,0.6102002115905634,0.5654928052478122,0
0.2971275332715585,0.04120490812412325,0.8360390007355102,0.4183424786182538,0.4396902642816427,0.11234573641407719,0.059248572471382266,0.42789200702871477,0.1674085346867188,0.36300540841966644,0
0.4501067580376681,0.1864751874950168,0.18670946766428342,0.028164900150007055,0.5759976383032503,0.2991686457850422,0.06926384934623875,0.3699762766503054,0.6789673569171149,0.096214632603286,0
0.5537095301867391,0.4456113516384975,0.6135648057175133,0.21128675904231164,0.8478238851650097,0.7428949133016417,0.6184370266689688,0.9038052641102882,0.026300212449136273,0.9171561595765436,1
0.4340669807212295,0.1090884889410283,0.8121864427693697,0.781441150909198,0.9425385622886389,0.28489167531180104,0.2777763882342922,0.40879321721731177,0.9424359947440896,0.4795094607474185,1
0.9216945123150315,0.05796874869375579,0.680500217361438,0.6487712030629156,0.9987368724174726,0.942634957326224,0.24781333501856306,0.9841998132182223,0.9649491501867217,0.5803491217254502,1
0.11980602151367625,0.144254375405364,0.3443513186919914,0.33494680944614086,0.8326839067568512,0.25088428883565395,0.5287126800133601,0.8583217498148111,0.3223342201372841,0.33356306061860364,0
0.8328808290095563,0.1178207809978915,0.7625532892683313,0.12218487159237212,0.8392136064380268,0.7916556138872177,0.5290965962061537,0.7789522584444976,0.18567636258962283,0.856249736287875,1
0.43306382364769447,0.21931379206150492,0.01496986846590187,0.6707441772614984,0.22498022624742575,0.05308197607842846,0.5620124183688845,0.5272941238396551,0.018560559336866844,0.7376220109370788,0
0.8650658700368606,0.1230191047076481,0.01737785584018947,0.012701920007157752,0.4896071693386935,0.10154968931257358,0.4581984209642097,0.6018767904787921,0.9782696178930699,0.2932373804714997,0
0.9883341937837793,0.11635695315619854,0.30940533613587673,0.5098347176208934,0.7984814303665455,0.47082435494109987,0.5523045110964504,0.30518858317794784,0.11644629218956182,0.6918276617359478,0
0.4618418039748946,0.16349903168675428,0.3771332441274554,0.7368619546960088,0.22658064338613215,0.7159966414858971,0.21844007944613053,0.963289784375363,0.947770120414808,0.4890273791256994,0
0.4090706587247527,0.7647894868339948,0.6832371190619153,0.9756400891334521,0.9239202360541752,0.2655595024145492,0.6852279397366455,0.30819115930194607,0.02105721006380812,0.44833119509500097,1
0.6951697509535376,0.08584958792433517,0.6330651026110158,0.4314542638763288,0.9326073479221944,0.810349767811425,0.6272672868277771,0.5830131404345806,0.47079125637143715,0.007433840335476671,1
0.21502084629607554,0.24938373665595637,0.04525914093392003,0.2178547976165135,0.075245220404354,0.9952998553424606,0.19277827655704893,0.07507088920803529,0.34445822134232273,0.6739649435993017,0
0.998807201437281,0.4612663416695,0.9252015344561102,0.1705753730622852,0.44523421082625325,0.25533847854482583,0.5386776885500246,0.8858260645802609,0.7501121552955802,0.7329858269081231,1
0.3053189251725702,0.9027132312748124,0.9898204817920507,0.06421105304291241,0.09771294726759094,0.3964272626627666,0.5337919766218653,0.5924534661779063,0.40452496262210247,0.23139420504434927,1
0.5488188579257152,0.045347408388371924,0.29821318795537843,0.6678957519375408,0.47392249485181626,0.73580017682465,0.8900752671364628,0.4046008912736351,0.9019735487816423,0.009773586087541974,0
0.6208209621738433,0.7510555233796902,0.670993433370138,0.28130167934546446,0.9480039283793176,0.8064290636450169,0.1845832433979704,0.5268584101032359,0.1704729604142181,0.06560199310845438,1
0.8083594995284854,0.8344987571359948,0.07819245950808895,0.5639743893977012,0.6895474276966508,0.5162794074817323,0.18998521157669335,0.9108988578147921,0.7631140884138957,0.5894724111120054,0
0.8980995389982196,0.5246572404139828,0.7384355904896324,0.2771841702437854,0.11194485913613483,0.0809076309341269,0.28622839219930174,0.4124191422393303,0.5806309818098064,0.7253546824848447,0
0.7280597349633551,0.6489753881953152,0.8880517534811231,0.161365118888383,0.48738224662714447,0.695590211309114,0.5583962805812439,0.5582657611011916,0.36377869803723173,0.8980730712975769,1
0.20009757874552347,0.4866823186238084,0.40808903464192947,0.651663536120369,0.2443510331486004,0.3109085118224484,0.9138696098772623,0.4735608678998512,0.5211039815476287,0.40366444746657704,0
0.6857094336366311,0.5307540111900276,0.07095540317744509,0.3385033212217272,0.030282067121425338,0.587660156846614,0.417448829716236,0.5370268156717518,0.1736340189806055,0.510728632429242,0
0.22329251424795193,0.7568328976298891,0.05786327851633721,0.5561574913021949,0.15526265625314273,0.9600777685104677,0.18383639892300363,0.4480384263861773,0.9549942949182729,0.09640582854967483,0
0.7291211347926015,0.24297200848476586,0.9664945809266163,0.1743345561827535,0.4386711803629493,0.6323393158652788,0.8142195829129178,0.4143239043588409,0.8598128011756992,0.08549712852135627,1
0.8175982810185838,0.388802815216016,0.552540570716251,0.06451786070445475,0.5760036206203579,0.3857159874678633,0.03740699585506846,0.08465224710815034,0.7037541045518575,0.07746008670897442,0
0.8639728960280236,0.037148341441281874,0.5618412286158359,0.7572813512372112,0.12816039685136227,0.548498961675428,0.3075706102236426,0.3297264307938099,0.18581948588838282,0.816278580193772,0
0.12993398158075176,0.4521021728157396,0.9688618809523255,0.025333879169056384,0.41601485739818256,0.7580767585950724,0.6112206643522159,0.6501601166023641,0.33182483643756844,0.06626739878876331,1
0.07445300145475564,0.41288470174121494,0.5487802270874963,0.6444160805590765,0.9580425388195503,0.4152084917177713,0.931489398392774,0.24368337300014575,0.24659006651958326,0.7413373353652792,1
0.48185224423473083,0.4816598796432875,0.4959672234147481,0.5245805409713953,0.5628584782637366,0.6879923314555305,0.27657494667573745,0.3391988985620549,0.2337132648676522,0.07371055733951226,0
0.8761762869773132,0.9039720607265579,0.19010907976763902,0.6194681889317065,0.9894757522443662,0.03753158660268652,0.13052699915076205,0.26697897407706306,0.004346617925279683,0.3514073851153571,0
0.6178488383655735,0.7894827645987599,0.5877143185987418,0.546557232089234,0.07162441993608049,0.3979635518716569,0.10842656138006157,0.003367736656474052,0.23414739547787922,0.7207684771048636,0
0.7262359630831638,0.030949550151975536,0.21387086429332747,0.25546132840236313,0.6251361903307142,0.43704328396131,0.8919342370479285,0.5489230151311643,0.00960713261743995,0.7311510546156966,0
0.5935871114024366,0.9179416669953346,0.0030811195569180327,0.49602725988598706,0.7253774311117228,0.5024383307023215,0.6246454923652323,0.20662484078420063,0.08007772441887084,0.12790508287013957,0
0.04280629803209901,0.8873509089683883,0.40353393832951934,0.44830940935344477,0.3648877838205037,0.47477833406091197,0.5214272020610171,0.2121883156493436,0.14846142795118744,0.07124182561444858,0
0.05931872033662022,0.889169792364418,0.9907322251390345,0.4788449645800942,0.523370926954408,0.6255521160596248,0.9565989661075779,0.28384880807845125,0.0507933614570224,0.40472664688996574,1
0.6740460012964317,0.06683861210935826,0.34287253911553817,0.9834244406170132,0.4405052466576276,0.4058749975327166,0.8045060909756518,0.1645238272345283,0.29187115053548773,0.37452525926086466,0
0.8960864385874964,0.8168802960743476,0.8668088661119429,0.9751152951385816,0.32814070178695554,0.3323997918289684,0.7920865741516571,0.2628572537988336,0.7853098661951915,0.384505521927732,1
0.546550416629026,0.8128710808578674,0.31029563105106794,0.7044297649623514,0.9526000427844721,0.5883855775017737,0.37716665659796267,0.05017900874268211,0.7042042373224648,0.8549433867433655,1
0.10797962761764301,0.6394248010192143,0.1929630519377893,0.9811284782220201,0.9376771919861914,0.5264427695044313,0.26010104517373667,0.10529806567813138,0.8019960130984598,0.3903420278500003,1
0.7424144736963963,0.6073274776957029,0.8791738601179416,0.6006605300796365,0.6878463051559013,0.29430623513049325,0.9437534283064599,0.07015528296312235,0.16332551155065467,0.7910802230037562,1
0.9196953925558936,0.47546248276188097,0.3426384136160856,0.3873616217199105,0.851945235227045,0.7557818558589773,0.4851135025256871,0.9385367575998702,0.05740116820924002,0.6406350076924292,1
0.6810105917624365,0.10915917877043424,0.7875013355359889,0.2848182849514752,0.23614330141943418,0.48568187993341483,0.4832755547344274,0.3796455710885659,0.48661096100662593,0.3612711415033226,0
0.6014771042989974,0.4794400052586323,0.4679145520893122,0.5893533261245202,0.4716527112842184,0.3284358738322849,0.45155150877401984,0.9818056383600084,0.8090575868798859,0.030107847135405152,0
0.6877496710258003,0.9021571151773545,0.20337764590842822,0.9257652292904659,0.5283219675589146,0.3770677137408781,0.5880055088316788,0.40368228086399927,0.2788302373585171,0.12108228531142284,0
0.9901674284273665,0.3908480450699007,0.8716132790457899,0.5193621945828956,0.4789292627440177,0.42387633943516867,0.5648450993963472,0.07871990641133275,0.9541177846269163,0.12220194592498868,1
0.6869987046826763,0.789953613959477,0.2604120408480226,0.2788374214340572,0.45804152677428833,0.4527313496001605,0.3623011432599794,0.27269437420062503,0.7263423588168736,0.4804227989965695,0
0.27726573426150325,0.05481306803505048,0.3176057858775757,0.09036723429027149,0.6136432233876593,0.6109510222368429,0.931578630600502,0.3818297892648497,0.007291125053418557,0.4488339986364417,1
0.6093112505170505,0.11514958497855465,0.9040591494634977,0.5598289717150792,0.6467289058273907,0.5349406487852905,0.4803087596524577,0.00042444386069762086,0.7195792829222374,0.35822854958029815,1
0.9851283157043832,0.3936897215873698,0.9485811252284804,0.8375237927731704,0.9303289800627541,0.9998170062334026,0.47814366736719827,0.7715664454138361,0.773197663400349,0.8099100768149914,1
0.40633147512663836,0.7311184811565369,0.7348213401826851,0.8508469501698006,0.411162265166653,0.4037543378922087,0.2324324011469695,0.22646284673812844,0.5617087959671653,0.20762974613249663,1
0.6848396123890854,0.6149721631088341,0.4213790767130181,0.02722588636012191,0.2528646543800833,0.39650693063637166,0.809160357900393,0.2768052188085147,0.4865110177733626,0.030315136743576,0
0.5631458882230478,0.33648462807583945,0.10318534919586797,0.10893720874753487,0.46507747754671136,0.17038708961305515,0.905054305053316,0.6521494539931737,0.8478437742312012,0.7006309865164263,0
0.023567570670370297,0.6741100891621499,0.16289958970858676,0.018779332603144794,0.24609526886412636,0.38532115758467966,0.02588326699164023,0.6329845440007364,0.399386841987345,0.4263163478597355,0
0.7856342487494002,0.3161369646566574,0.8061468549107507,0.014580867809020459,0.2723838678921895,0.952903323790662,0.92785202945218,0.6372642923606339,0.3270541765841042,0.6895110105491503,1
0.17455412805359705,0.4490651027424071,0.9171839783208815,0.9548493313932676,0.5706184487250601,0.8500206634204671,0.8043277654164195,0.2262001874970122,0.8289649734551136,0.43588948949163364,1
0.44774744953020074,0.9631558237836195,0.08397417079038239,0.8688075082472309,0.7172879402971736,0.9446451900545302,0.8842335460728558,0.8412327157807785,0.9139333942153213,0.7713298824727479,1
0.6506036440869226,0.8781663253254124,0.4868375501613662,0.24572381875191607,0.1805983903887911,0.40794156021328176,0.8263842622977012,0.21195038598501537,0.6345376744804088,0.428026611875407,0
0.061555074307184654,0.760843692416768,0.5416430628332983,0.7374273760529049,0.4113603566211551,0.6754175213986927,0.43559322700134806,0.3027148669575608,0.05179967042897715,0.8726894602328009,1
0.8926121912902325,0.6796477080148209,0.8273546944107576,0.9820803270639494,0.33965047356849165,0.8153048130916268,0.26214903463089045,0.18016781913378477,0.629590255879476,0.964000804860101,0
0.4965061597046537,0.9897408225475488,0.08465759333736056,0.7586114276055963,0.7821708765428633,0.9991212003438449,0.2837254626217065,0.7116053138272479,0.7950891281149726,0.8468132546021337,1
0.869443198555979,0.31729189320248496,0.374303979417702,0.8769374231671972,0.8846969080622196,0.13855606071559035,0.26043640115701194,0.7582121889722904,0.6716199884844609,0.31526796347530495,0
0.6446817549374483,0.10864958983444684,0.6242360394209161,0.7822580242307403,0.3487781939752389,0.5918695587987692,0.21852483331544026,0.43962910887252094,0.32819602071047704,0.7906736210067482,0
0.2502606233318544,0.8920376213932449,0.7584496597030195,0.5470498652489726,0.6879553893239578,0.25417525822491427,0.016864978232841166,0.5844570323066657,0.16490913018306286,0.9110144878278988,1
0.2429364101223086,0.8805158276257828,0.3422698802094186,0.18894929872325883,0.026971838244291058,0.03794568210761473,0.7590060626832156,0.634018746995445,0.7635703059468435,0.2091688211678958,0
0.7689724244847684,0.3676907472823525,0.3461919273387625,0.9284629577757862,0.9926926820171923,0.8189568232571209,0.8881129362060851,0.30153334593027536,0.4978257221837905,0.38456160423649766,1
0.24294802995296083,0.5804513526922458,0.2892852590048375,0.07164015642914434,0.5783526501211427,0.35110353737657796,0.9710925559662018,0.5045840927098918,0.35348979206278386,0.4449199106316656,1
0.5658658470221286,0.4822969003029913,0.7260421430249857,0.8303663023541865,0.24224900159239016,0.44569781063819114,0.1985768229672097,0.6821185935582155,0.07118575692813467,0.6025101658884767,0
0.7558722033610162,0.6350376955555836,0.7312418372759657,0.8325780961728646,0.7536847613180641,0.3414725353502228,0.41955495742980453,0.6693143272353841,0.6789147164407145,0.37718897789962735,1
0.5075744051281518,0.3566809782416154,0.4519987763653327,0.3282089684415951,0.794669207779807,0.5521665280363313,0.03186432767309966,0.1321575718712532,0.4856371308967573,0.8860695584230949,1
0.46271082744652225,0.28752954459307434,0.5810139553313678,0.6327874615706528,0.8258825932420927,0.9195942843926471,0.2513957059384173,0.9956112466374857,0.19014334390966248,0.1677468198644615,1
0.2355270284075357,0.10124174188194612,0.4837863078766059,0.9089257012413419,0.6527219237695834,0.7489999880839695,0.0004162871896669085,0.06756746158655225,0.057924537042454705,0.19585835752870662,0
0.8054674612745515,0.2526746759400633,0.12532529155319128,0.43355653496499547,0.9787983643905938,0.7766263409102506,0.39230647992423817,0.6622872458420386,0.2745867482082245,0.06628147505977133,0
0.9886476673260799,0.7072486655782119,0.5437080431577938,0.10639685357883044,0.6846923373720757,0.8950435352465282,0.7511128872094682,0.011436266090121716,0.005165696704650613,0.7365105776954909,1
0.046750866319350326,0.8391223024931171,0.49229190718536187,0.06946558361752686,0.738345506662017,0.8762797517891978,0.7113419823030651,0.26779211469587094,0.9494009914821658,0.5498398868574849,0
0.21225975551235265,0.8513027428929641,0.3006973593084873,0.83677610560868,0.2521335928551266,0.28077248837199587,0.11568126855892502,0.38077975845518863,0.7907277971018496,0.06130694173320095,0
0.07239972990480592,0.12224878030556396,0.11787829577442244,0.059963021122900195,0.16094108526646378,0.6080763341890619,0.5037827019445813,0.25721391641291913,0.6206532106544929,0.944021052358346,0
0.3907061313943846,0.4649506184288693,0.869895381316593,0.4285617674901995,0.33104224904889135,0.6297945258793566,0.45454282132048707,0.3646602217097641,0.5925660805500169,0.8863997625207422,1
0.7279148021440778,0.2795051915065313,0.4892039144908341,0.6032035647121441,0.08311740184916216,0.9728197531456452,0.8183396949105588,0.7609513448028986,0.7161288158511252,0.5839754852531884,0
0.3144884345101938,0.21721230276609038,0.04298337204789271,0.004458913870248438,0.3158164235905485,0.21400694693324362,0.2645641407145337,0.21203348059061533,0.2637382567813217,0.8178271244806767,0
0.4686117123776219,0.3375513498625997,0.44667089989198383,0.20232057431667338,0.7089021412716701,0.6160645219248996,0.8049434519604908,0.7899021708326113,0.08936022928713194,0.4243870914788471,1
0.20232215562982847,0.1924590829214996,0.8091986354362818,0.506957234172925,0.0897313615284866,0.8015075993376453,0.1752784101802577,0.388289756749995,0.22512502733735085,0.24819643695336024,1
0.9733702081658778,0.8136904883180986,0.9890400889347177,0.013011668140189836,0.8890267736567158,0.51552291746051,0.42923834085868906,0.6946399813821497,0.10731429730554032,0.7717726556013167,1
0.828931821725091,0.464425429125073,0.4837079951678994,0.092755862324861,0.13353842083530232,0.10701761918043995,0.4046690651516045,0.10570295900695748,0.5646667743533957,0.899983682444337,0
0.9128592935759748,0.12869545135831495,0.33382579052627925,0.9321107895539732,0.48399418742937217,0.8281232390810065,0.4515995540808583,0.07269151518117623,0.45200012449048166,0.00657018971439427,0
0.10084986158329845,0.47265928899029086,0.23522933088181808,0.8748665869748351,0.8399095185910309,0.4277313541565535,0.5692716861939675,0.19143047657457413,0.4666135481880618,0.9770053564439116,1
0.6947364098676502,0.7174492886840215,0.811241885672474,0.2211004099288193,0.8296276150088112,0.3739271096023714,0.3880292372888954,0.90051090259661,0.03400660473520767,0.7251440149626562,1
0.7244976238680507,0.8818451659011445,0.35293795699241026,0.6464815807808043,0.06177492945555818,0.43989543464796077,0.6460924581491796,0.07667617761453205,0.6441337018876734,0.7676338411688498,0
0.6505000912171359,0.48766409539346833,0.49130865298917314,0.33678888319233147,0.5910109387231163,0.07530187593414073,0.09146485746948418,0.6386330199576996,0.6424418286132919,0.9766662769403078,0
0.0916260882731249,0.12570485416106258,0.7567624001806158,0.6833787919306679,0.5796645185611085,0.9722985469450417,0.9015157354944651,0.01730855878001958,0.18518408050791746,0.7351103258426728,1
0.9085759758428721,0.026712126809212644,0.9301227821088424,0.5351465646772465,0.3513591359678402,0.08384717731851654,0.5219753102620354,0.2630586097468258,0.20003482158565178,0.8156748009281335,0
0.44292594951049336,0.6289958277280526,0.7572133911099644,0.9211108926596309,0.2843745089116825,0.14497322808797208,0.9021086745059637,0.26058899681341596,0.7038319962054815,0.46376478215784156,0
0.4997761942552127,0.13048296870816856,0.6402804195958268,0.14005901955693467,0.5282675492484634,0.7293678470092643,0.522491838656505,0.02418096068527631,0.7192330580195064,0.6383926359731562,1
0.31216924897171083,0.26481318120817465,0.789622114258744,0.3776270832110623,0.4380780866501971,0.9057790801356179,0.22324495093582675,0.8615512618769818,0.1872456843973619,0.5212099410308683,1
0.26595254992708817,0.25610537676110867,0.10428585576174076,0.4423239527250057,0.8671359475127262,0.25230969683256044,0.9200281201847805,0.46761140544210045,0.3410759770499644,0.1821049291624195,1
0.1148239330367995,0.5927182523755651,0.06653097627061755,0.37070666307322875,0.46137496906751474,0.24753681102072267,0.6876740355569897,0.1435827212704942,0.5533738754471542,0.32770405158810745,0
0.8846130850882907,0.2598163536410799,0.3325253107341083,0.5265458967909015,0.04354105505865913,0.41598746493091365,0.31240322839231427,0.4596284964506109,0.29811707224720185,0.22584487159270095,0
0.35014751260465116,0.2861506308664252,0.1764605167299924,0.917309909117893,0.7813297296132731,0.9201659132251253,0.36230786984263164,0.2869376378216534,0.9534728288909333,0.7569537203094524,1
0.10788379227521139,0.42391762659078225,0.829722354954826,0.31140322541731547,0.10663237279214921,0.26204768641819376,0.1032015505785473,0.7656334234677271,0.6557861947209658,0.032603015408836145,0
0.07949886939939454,0.16941965988512497,0.5769747682395931,0.8193585176190349,0.23529785082231813,0.8050052174432758,0.5197774712026185,0.2817308571938679,0.9832466609415567,0.7100309506669208,0
0.10511022742485887,0.32169010777157603,0.6471746973835065,0.9955978344239242,0.1946354421048112,0.8338011622546183,0.004494740315263535,0.590643600345488,0.6811486218191174,0.28178408199109894,0
0.7933320313849609,0.9708145698752295,0.7566852982182797,0.5951012725653091,0.15997409944664187,0.56617498871098,0.04472421752075639,0.4023560826586541,0.8281172670192478,0.6050218836793249,0
0.4207818973945834,0.3219522247221165,0.8214271770117163,0.6399554783030285,0.5550973523606771,0.9661721969358288,0.5246791021097853,0.9287977529212854,0.23800275884670297,0.8785697697463155,1
0.5437498541602832,0.6691273962619039,0.12012430178379929,0.5256807041794449,0.551711250181925,0.01350836460982896,0.6990036312299139,5.08204136947521e-05,0.3321797842364175,0.1951171491746948,0
0.7245595429513376,0.8470134185784164,0.15458404310879192,0.908350525466794,0.998563976516077,0.010080922054524488,0.07052062497596534,0.9850461025439501,0.5423932974228349,0.8996335250406963,0
0.9447610650028151,0.3915877652714769,0.11284844105152725,0.2691139881990434,0.3483970079661942,0.9778758339346963,0.06776170414342753,0.5784362404952514,0.5613064323329114,0.4453407973245411,0
0.8214469603787002,0.5943524040896709,0.8488840447478421,0.9321655046543774,0.6622041281953908,0.40889951748147624,0.33213258935464673,0.7689108614025567,0.23771108915173556,0.583751947935625,1
0.6448653165624194,0.26933053594653034,0.3238048058088677,0.6090069196257486,0.053016436169856074,0.14079557933843445,0.7738661598151492,0.22970101192702297,0.23975917964768823,0.3632426399676544,0
0.400002313068469,0.2155472833487343,0.5156400264504641,0.6089793525445921,0.8874857160052333,0.08164464430966978,0.5998700710143479,0.35014474631234616,0.9600252725949161,0.5550876966733466,1
0.6014514242801299,0.7579972301207408,0.9807071372083821,0.8752466565110756,0.8582813130604197,0.9349909321197961,0.29765609699848494,0.4285960157812848,0.566301907060639,0.6272172678905797,1
0.6897232837667967,0.2748385245226225,0.8508095760886308,0.9221377413079885,0.08087721325154706,0.07103304983991643,0.9523806543348416,0.9584003248884507,0.47320595105241514,0.1617368721464506,0
0.8416673693367203,0.5763170113321393,0.1743102775580303,0.1838489886569018,0.9113158567239408,0.5167601553362474,0.39783210565592864,0.7350191812222157,0.8402911128261589,0.9800508609806861,1
0.45683123023931616,0.020663068297010367,0.5698451020080033,0.49773787919599255,0.8640634880238875,0.9644220379195638,0.6575960119395345,0.9943322488799708,0.44636345149211665,0.6856126945231809,1
0.8732434186064649,0.4216681756095453,0.02449130045028447,0.6875711273196372,0.2685351030852453,0.817951132355572,0.728919118741622,0.00143613743738491,0.33946046750666015,0.6533118006745423,0
0.6455216182859601,0.6835671163010837,0.7847220635674623,0.6783839690474472,0.004668788130728019,0.9730932705939079,0.3449537390179127,0.5721525899515981,0.03978631193299942,0.8962746534561854,0
0.8088187497986482,0.47303805268627375,0.4845909841175352,0.15933562694219916,0.28726386675728965,0.4792044347852298,0.28884512527345574,0.3863388094515803,0.9526457257412797,0.9570521269318489,0
0.6179725385791841,0.8586545123487938,0.6743215401231235,0.036953558892881655,0.6907931479031086,0.4175691697735031,0.26703464717376313,0.46020365735437374,0.6275538188988076,0.6748454800285528,1
0.015410053104397137,0.7809855332072376,0.563671286975837,0.8756325568574987,0.4566874671667246,0.21479853975837881,0.7771560462275962,0.4327214657713161,0.5552661476629459,0.6524795573272311,1
0.3470455939977046,0.3318630941877002,0.41362141488081783,0.32377345070785335,0.38417383191586574,0.5406064641482364,0.024470051562173856,0.9564894246026776,0.7622049852051973,0.2673733233344655,0
0.11156677621725264,0.044962108517228594,0.05375076961332703,0.34340450430177627,0.26119365845031617,0.6410744060949927,0.340571909014209,0.2493261489172932,0.28571417514029007,0.6217041053601744,0
0.2866446064282925,0.11826520181770583,0.6991497301412242,0.37187761839647837,0.32894072433083077,0.7451893343451387,0.2120082062866604,0.19582563998090086,0.04037192037253989,0.6033577092700668,0
0.5348170224200048,0.4408742253147452,0.8746856776175792,0.6549551160398159,0.34825585280129556,0.5638479909256766,0.16353203489008816,0.5748664552307946,0.9392071970045003,0.6651714383881728,1
0.961787819045881,0.4620181301146794,0.08712152452007327,0.5198023319677165,0.8607536934908073,0.7138283304389093,0.3774281624070297,0.6971362291557658,0.46078370730960416,0.9408340813064832,0
0.331840728250256,0.1552504184729554,0.09936159845270442,0.258293742115435,0.6844517694087766,0.5734418464426295,0.27130408935493844,0.25289355962586646,0.6044570297412125,0.969286886124801,0
0.4179119175783965,0.39096233719478046,0.7373088232478603,0.7006110319682722,0.5264443208672286,0.4805141747383289,0.45940602111145346,0.30712761705802005,0.7271745899050682,0.5235057225368495,1
0.06734400916984606,0.6942509148048243,0.8372275573341926,0.7360552999100133,0.64019358745311,0.02769795700565636,0.32128593469944333,0.6632516761480759,0.13416464621445712,0.4199210332321949,1
0.5315244700945904,0.9295044936388211,0.9264373878837424,0.6211712685775177,0.5377523136326491,0.968526251185224,0.4418250800926917,0.5732256421521059,0.3743297648823213,0.8709680873153717,1
0.8668203145988624,0.1091956330932079,0.5202164776245038,0.6897869649661287,0.3485534755998939,0.9187489919889663,0.10911313571817649,0.7365771028097161,0.7649234961239191,0.9890522156779571,0
0.7491441904092186,0.2889751519823732,0.3192547547570991,0.4999421840724404,0.917063251894893,0.7658564923942813,0.9938167868490462,0.8109606258530356,0.46522951327257667,0.7714630827878511,1
0.4958153866293583,0.05471012855960844,0.20553425028647587,0.4646719191702853,0.633948489299236,0.9568231108285266,0.12971127424138407,0.7436102485229615,0.04447171808996064,0.380339145681847,0
0.6797234744959975,0.002059803764953183,0.649552702901966,0.9664355955017682,0.7473102761459463,0.9704969671377597,0.20805995349316564,0.7245610532659312,0.3980793899128743,0.07383653305731819,1
0.33077414446136055,0.09463788092126413,0.7210935333524435,0.8758527047048659,0.26898388324685074,0.6398288455350296,0.7275285216254224,0.9471085619256192,0.8544629653728646,0.09531935658192359,0
0.7942842517726711,0.31199020546663003,0.36366383112573786,0.3884599734193942,0.6335005602510545,0.751164765221712,0.8219464773120173,0.9916920158700291,0.33380152499157734,0.6551379820002821,1
0.8132698006673565,0.23715669695629538,0.7638433382332794,0.8948697602514849,0.9611983605915615,0.9934125112420813,0.6128077135756932,0.004267910617157922,0.36557090026157457,0.5308268287237033,1
0.035760758459639,0.37404743894062886,0.5624088406168566,0.902577802391419,0.9926398595022288,0.2254655601004817,0.33446866546558673,0.9500226330586522,0.4018451067794957,0.5091188875633079,1
0.7779106083419914,0.297088105454109,0.7902075379308202,0.5798487108986538,0.042343095271255904,0.8742301042768068,0.7165707749096499,0.4883310847836667,0.9590059236325374,0.8256149356328958,0
0.6296634106957436,0.0009691683799404327,0.6737962163160772,0.01004091876731894,0.2518685866590683,0.8844792463557661,0.37027064730395565,0.10258988630012256,0.8073048615055972,0.015519345798696738,0
0.9664019327432003,0.038912211697740506,0.3977242583265507,0.5349074001112002,0.3969047059678784,0.5907499007645031,0.8653462215447718,0.7487263807039821,0.7125735143800789,0.1638049796369344,0
0.5741538040715336,0.8674035298614091,0.8266159924088866,0.8525765505709052,0.46933220951354404,0.8458034478182352,0.7389882121067037,0.2462491198018305,0.7588001805706304,0.3398812233785927,1
0.04941188526088525,0.8363378655462433,0.54758704005104,0.10881075362545578,0.8157278608114572,0.21629788099017122,0.5537727207776724,0.6793259148020226,0.9161801336098636,0.7602544584916108,1
0.26124778939964977,0.5946204152420125,0.17080947970780525,0.23985797183483326,0.14866347783387246,0.6913465867303383,0.7739976696853255,0.05572569381502179,0.02722936195514658,0.19068142868140936,0
0.3329108063978843,0.640693691268948,0.8361750504993459,0.5671744726291501,0.7141463826002306,0.23333515476920152,0.2302533817211727,0.16179910752300974,0.3227141199497684,0.38063240883182126,1
0.27479643678589716,0.7352527341856985,0.7998456908453311,0.2858767066598279,0.8996122760148619,0.5373557787658095,0.9665123216677121,0.860424090892681,0.8682004694216469,0.4583720086516556,1
0.46493604063796456,0.5974148143362535,0.392111146792649,0.8961229393623028,0.23748191726742496,0.0547499442760665,0.4851544123024818,0.1876884543142998,0.12198094815999982,0.9696126754161628,0
0.19780684582383679,0.18701896509304639,0.1455801300069609,0.3212511525426216,0.598217693481675,0.5452116695954569,0.47069367548594987,0.4504728903245766,0.45488306280584967,0.5438913757077013,0
0.5940079030392984,0.16575385023708045,0.9916104760811814,0.9461432734882725,0.8541444631150917,0.1967933365854907,0.7207204758105286,0.08271451441085664,0.5001026983470519,0.9278014848040903,1
0.02740647473492419,0.5809026871755532,0.7053818575387316,0.9193708672134557,0.8181981433293324,0.04236691353803157,0.7190934023815327,0.09589523076021012,0.27790044471095754,0.07441022375054673,1
0.44277523216121606,0.02628276886345493,0.6653422849189065,0.6450232384152689,0.22051607500971881,0.7062321992717263,0.9050554772800435,0.6973391744800906,0.3484527247742234,0.27954191278653706,0
0.1129369463951484,0.9231447890158802,0.8590678225607127,0.5528167398199386,0.8124584386304583,0.8848388711302105,0.8638356494478127,0.20722288426518165,0.5222877967862769,0.5084643560940965,1
0.3403454366498382,0.7624445261975328,0.5793057727739789,0.7445813586411417,0.34027768344724785,0.48221820862150544,0.5703824560758907,0.0591959097144521,0.6993138789482382,0.18516548235240304,0
0.48205384615420155,0.5595587523383703,0.8739765054619417,0.07003871021831987,0.43573166134211716,0.8133875526748651,0.5029553236499689,0.29797702576082674,0.6812713403730153,0.2851286267219365,1
0.3667329471866755,0.6463217689158296,0.8694390011061558,0.041339789003124516,0.6380250362389347,0.3809895409001124,0.13637859869429325,0.8383802558436938,0.4580744567844449,0.938714629892411,1
0.8017642619843781,0.6679911666124342,0.26418168762557637,0.6259003587313253,0.795981720913731,0.7459953700597968,0.06209997007368884,0.7504343977141933,0.36795655902539637,0.7388643280452466,0
0.6448530220046663,0.02617025215887825,0.6473630438267804,0.5696043657318061,0.2653081487839276,0.04935430540866015,0.3130756360920085,0.40229634420735494,0.48387277897747294,0.24835517406745966,0
0.7151482116869295,0.023462134824510428,0.32016754352043764,0.850345922458686,0.7325033338734588,0.1402323691421551,0.40797584976197554,0.06715242784419506,0.9885447265256627,0.2983715524410945,0
0.34522999934373144,0.8896302643558378,0.7112602685875556,0.19006420519114275,0.11976274880029736,0.608696662373532,0.3351492857621775,0.8433119724383943,0.41126190523428086,0.24745840318907408,1
0.7474401815797709,0.18633511784324652,0.9913968247432332,0.163433147502151,0.8599097488174807,0.4018516114028934,0.5864627245382654,0.2817252907009974,0.5490236018862005,0.06173835273732109,1
0.8691028075870603,0.0370137949785605,0.9826645602214746,0.7370518746220416,0.4602029288128072,0.07933145563707489,0.03979314663810152,0.06918548593791207,0.03666204295409148,0.1352069474333938,0
0.942444653278919,0.10478507066123532,0.7388908677493572,0.4823664226188542,0.7164578183473056,0.6529116706531297,0.025518568452190915,0.2561770274055942,0.06957676877547825,0.054644872679516565,1
0.8056023962306851,0.9175154385716883,0.17298826574677562,0.030766966068962676,0.5684401065181899,0.20800109964814983,0.7129412662805447,0.4142483866897464,0.05659840917718573,0.2649001411020645,0
0.029221548145374365,0.3480159146373599,0.7858461440304878,0.21702684527758231,0.36443234032347804,0.5221937858578859,0.45570936463500744,0.316497408143407,0.3870374740306751,0.015419228157151244,1
0.34556313557351703,0.07197370627620281,0.40313770637675794,0.5668076973496414,0.12044051487620822,0.719376907733009,0.9313319732086918,0.47412898430042283,0.6852994423812746,0.06504015134842211,0
0.7093528392495667,0.17416595567032622,0.7249078338659,0.8460693515555182,0.25605459666107666,0.7514047501220174,0.6163368239462976,0.26324465954201126,0.035761396533895984,0.105038498693384,0
0.9470478319942724,0.34776298117228543,0.12148632741986509,0.6987654867472746,0.4967777594929059,0.49926280153310987,0.07438174029359668,0.14562562858236028,0.43871157724433796,0.32190770457433504,1
0.020000819480371468,0.5175604480278172,0.7192105337319468,0.03448238029844597,0.6097097279765739,0.674253311700977,0.1283288696229531,0.7657513912413757,0.23023597011392016,0.23478949373595026,0
0.7821396147785482,0.8331506913263172,0.5907809733085426,0.09838727074801024,0.7730423562614624,0.8373313491708791,0.7725927908638239,0.02574028679234841,0.5950816021200792,0.6830073334654336,1
0.5872313390353125,0.6617656849384713,0.8453056871328792,0.6428873478228722,0.5163480454741955,0.4474643532754502,0.8986297794126258,0.7329817792540344,0.3354309552161264,0.5911569883194727,1
0.8208283040221951,0.14864918146412653,0.42637276843636385,0.6447752876111231,0.4792035538170406,0.5325463409486799,0.7098321350924168,0.6253514557720533,0.8542327463158543,0.8398468452494258,0
0.5655263039510169,0.7295901040410281,0.6988388812390537,0.4683272477121171,0.819193365209473,0.18902573003791334,0.7359276520167808,0.4927090888526009,0.49768657697387475,0.5166547539351845,1
0.13475240954342504,0.9606381509736791,0.503317003024217,0.7923811243704446,0.6330535736569055,0.08324446317447998,0.6946154077443328,0.8864101634843787,0.19099538581369546,0.7619732551059677,1
0.38534456553978214,0.8286287390476266,0.3873750838855803,0.16397561144941686,0.0823453176484753,0.8262658266320468,0.9170499529766255,0.5896304682757222,0.9671613747283216,0.7334982910538842,0
0.863467234510741,0.9511051892223099,0.42326997053537396,0.11035481078588893,0.08743556477767112,0.9642667548351069,0.5546768178855516,0.0016455476984986728,0.23936858493674418,0.026965891884895066,0
0.7574098289906154,0.020638434399112726,0.5286319212423269,0.228526487111941,0.8042991549282017,0.21854400497842397,0.5832149505281993,0.6481711340708614,0.3464361954036632,0.3911283492374683,1
0.5261259574114645,0.026509058837633215,0.036917987017027976,0.8314783120263965,0.048667614748900356,0.608416773776256,0.5483987571158496,0.043051111818026566,0.6257335068426885,0.1868187961035006,0
0.3707698799009608,0.4310802141437432,0.2949943342181248,0.7999850517349851,0.5850386811339374,0.7488084903949684,0.7748363917136896,0.8442232767254437,0.2612492904900202,0.4177801166909365,0
0.9686737659745576,0.4402179151693607,0.0922122342978493,0.117650730627195,0.630348015612016,0.10955859528463596,0.8982555262753036,0.31049527683331724,0.8773662636920816,0.2104943723459335,0
0.2790832337997222,0.8335237723265642,0.6955373145161241,0.9740832531370209,0.7668246289956352,0.43545348524217475,0.33284040817133864,0.023290626474056886,0.6931000202657827,0.667881762908483,1
0.3324044184276823,0.44577522094857547,0.6446243222032082,0.6648206700360348,0.13227251837501797,0.17736305013890974,0.32224204430309833,0.7161881665764764,0.24778972434433244,0.5589478566770439,1
0.44210386909786326,0.3600683650559886,0.39563522094474446,0.9515164596380555,0.8534252360714853,0.7720216720902036,0.3249907563812967,0.07501087999795308,0.31547814792642725,0.25871117160761525,1
0.10465364285394763,0.056721109585417984,0.5456905070302253,0.7625529380623942,0.7152068169844897,0.2074884138448495,0.5397733531072549,0.8562469035545877,0.11567627640857714,0.24907804007837642,1
0.7684353173152701,0.009629097560638789,0.6853598998078547,0.02458764297368332,0.46403817346316767,0.48906548845986997,0.5202553833631323,0.8066395058991539,0.3535470672977771,0.8866245999973201,1
0.047976138298932325,0.2233850492840761,0.5899806193182586,0.7448562284662847,0.7060918427400749,0.886942501356295,0.7175219064570384,0.4341702532664715,0.6468559588589533,0.1251378706802625,1
0.26856737420352206,0.6481812953323791,0.8572043698020649,0.03760311133692584,0.72417014376495,0.0193274002199334,0.8493190421169999,0.5232228685147314,0.30227403977085365,0.7952021689137018,1
0.5409294255610001,0.8083014592581168,0.903225885705467,0.8735452218200235,0.6247612206349615,0.897661598155036,0.8498106911180562,0.6686754270269782,0.44978880121730513,0.2744285490533501,1
0.4408946663932468,0.08425857711505458,0.6389991440156735,0.3036609758065396,0.2238575945192417,0.7161007735671444,0.22459375612158716,0.6758516786117192,0.4411673166155603,0.2318471772800581,0
0.22272436900372805,0.738159406690632,0.6028502159264705,0.44278718823451924,0.7537537382250566,0.10468777662983098,0.7153265119926416,0.6539246235409926,0.1797215767985617,0.5724259541633544,0
0.15706983094624505,0.2026625297621102,0.3994946906301775,0.9505071987098654,0.07842166213203006,0.06939220271626712,0.9765009350887752,0.9598624494645674,0.11136171784619997,0.814255687791845,0
0.37809440452923326,0.8921600910067394,0.8737041601340663,0.5056744730890661,0.6216824832989223,0.5020372545545814,0.16006514210761225,0.3104335973369676,0.735047574114201,0.8475314708169115,1
0.9165511283390618,0.6279535640703868,0.30054324658139786,0.29457997997110197,0.3367483915221884,0.6894185113352691,0.8812723947633898,0.550534772868467,0.1936385521814633,0.8835803486791495,0
0.11980352549965245,0.2574898473487305,0.6071594993103868,0.39130236205780755,0.04354889793281236,0.6050207369859362,0.40442678923648423,0.3307412787393784,0.2251288233943901,0.6873315912179127,0
0.4662956065835735,0.6009237378679791,0.990528092566167,0.6179686936918454,0.7959287486336177,0.7054648811136036,0.6960232071294656,0.5163858266534688,0.9438129888689122,0.07570272951508628,1
0.27715175456830177,0.31872878276139005,0.1793485478027088,0.52781349531537,0.6028978004439473,0.6455939542045255,0.25147041191952235,0.27337425018528316,0.08696189901197127,0.20873529612497732,0
0.1447055480148416,0.35005813854660917,0.45785620661654836,0.9148789965250478,0.222373556542107,0.8441600585943319,0.04582375154480489,0.19999938156331298,0.3555460335766589,0.6733172614840424,0
0.0005865025115494582,0.7773013809386654,0.1901102585479647,0.7499035099050717,0.48416203853061157,0.9077955398730542,0.6370319324157363,0.8927280963839753,0.38378869528308235,0.059649099799322314,0
0.2532041406017749,0.2808408221940324,0.9950926106891658,0.7644808801131625,0.09315308057498206,0.43454769055980624,0.2238944258528286,0.615819434195671,0.436736080167765,0.7087829788356279,0
0.6525828707372923,0.4165754787753069,0.5456770832987321,0.07519357981990926,0.5274944168475505,0.6953871060133081,0.6811897856122638,0.7445801011879407,0.4740724578720784,0.0601731968110254,1
0.08597179200847693,0.3778529562545865,0.025650969878988295,0.7256981213405417,0.06140209604208857,0.7284097715330995,0.15508423989567022,0.41231899467559807,0.5107533022021582,0.20225615728590773,0
0.24940621574127064,0.8071680960373869,0.556860346152395,0.4775788968692788,0.38242548203829163,0.26070775836816107,0.134066188517298,0.2976613859750261,0.99742718391939,0.7619067141518576,0
0.5317024413309407,0.7818355945004355,0.4181508706394579,0.3560776024880653,0.8130453202491139,0.771509367462552,0.9641113753753494,0.1808393267547349,0.22275171364163293,0.6676275758179014,1
0.01387600775334874,0.7790812872719104,0.5841461765311292,0.9686473795038991,0.755985960269609,0.9703785372705482,0.24680168632459942,0.448940987596279,0.6201747533532297,0.3292351382737051,1
0.4380342068793358,0.33169345749198786,0.8854398001727952,0.4948757727861752,0.3977196019742708,0.5043271919810698,0.7087038956455998,0.20088725246737882,0.6615680603566404,0.7671869747930716,1
0.8737983599802909,0.16437737520650875,0.4462750707748293,0.27255957467574976,0.2399967052895018,0.540173734211634,0.9047003889284604,0.14674474944285565,0.8705977761705731,0.4507438321618559,0
0.26651351321272665,0.0246526087183786,0.8229693962857334,0.6198750264135562,0.6622531225245326,0.8985888638854498,0.24006177894111702,0.3179199867750101,0.27031678611673093,0.8472503511364711,1
0.7646518871740134,0.3015432931399321,0.4243113138941057,0.5251578866335426,0.70260741356024,0.8898785608100663,0.6200987377110531,0.9577271011320471,0.6362709300355038,0.0467617626433281,1
0.16555777421103546,0.43919628713440817,0.46534986871182615,0.11143323295528251,0.44543093107544407,0.45610385532326103,0.4804253487441581,0.9428581039385259,0.08507725105715758,0.8892447755235168,0
0.84474410925659,0.23454691277483541,0.5275406444258673,0.495245920102957,0.06305650839033472,0.02005252017601089,0.6398079170387875,0.21550057013186774,0.07536882586155258,0.6908390063306672,0
0.674329896725726,0.3971138344506092,0.7243804599757515,0.5227210203035185,0.5771824392903535,0.7322889226047747,0.47951865106740266,0.9225336417055627,0.17229272377276705,0.7365505551993596,1
0.4940352097512699,0.6522534711296739,0.8897718409329236,0.5520475985378609,0.4399602714360894,0.9869017503183103,0.4558455579169097,0.3924229133285805,0.44312243232132686,0.6378651728307465,1
0.17253376686782673,0.9566045650500664,0.9965878736327161,0.5976554490831147,0.055160790540920046,0.9975692184708475,0.7851475970464128,0.18910799393291877,0.7584652160866702,0.2227048633792602,1
0.7561144314399728,0.9640705813876258,0.3458616724297946,0.3146888726792787,0.9918725876934119,0.8574945865626059,0.9486316968963614,0.5573715874051579,0.8266528216435752,0.33324723753515717,1
0.6531591074722864,0.9751433258315066,0.6057215720222799,0.826707719791674,0.11696909524152022,0.09719120557122618,0.8477930381238181,0.9017434557050874,0.29773594672019765,0.24378868604851267,0
0.9609973084982066,0.24482717546130428,0.6943651357163345,0.7377297263394945,0.7244383094205938,0.17483407121412775,0.7327706969421058,0.033064209671560096,0.16049626720919385,0.9479432500892137,1
0.6053032156688374,0.8490748895022361,0.7629638675780621,0.7565753344372186,0.4712259996107091,0.2324726439661733,0.7028819010011739,0.4800888225575004,0.360375467155839,0.532859039738379,1
0.21640322603099915,0.30661624201309545,0.38835237774706,0.9144371290820277,0.1929743497491072,0.39605092909031137,0.47082896989642,0.5102924668462374,0.6864594504499654,0.9832749588250278,0
0.3119015002202705,0.3094278193843141,0.5795481913369823,0.8763579213401015,0.03035807357502973,0.40380537458405785,0.9546301230340258,0.7515911693296429,0.7839848578908327,0.8594352785383966,0
0.14060393622181122,0.9922499327403637,0.29452718903736397,0.6159903452532506,0.863780298383064,0.7563474258509951,0.08957991461608783,0.829507814160882,0.2663562331117577,0.2626442757025984,1
0.8996632558814001,0.05975343716033832,0.57902645124392,0.20704781638562286,0.480130904424117,0.8748523825307694,0.09439940108660205,0.9310517908522541,0.21553052597941114,0.15102414580654744,0
0.04093827385346893,0.36908093757011684,0.0025788454786372927,0.6664724420803085,0.7803080579457156,0.9764920724000913,0.6216786604328195,0.9402330241953334,0.4900711922664981,0.42581158189941604,0
0.2374840530613206,0.31035838073040156,0.9669221479812675,0.030803792224318616,0.8644320888252603,0.3267304426592069,0.9829520933105346,0.27009057901927314,0.4200287574590025,0.016945168966387314,1
0.4162871912194205,0.9157173585722321,0.49360045240812,0.19602977622870366,0.10235627543454728,0.8823607646504283,0.11971684478238553,0.9857526596190974,0.26606444697317944,0.33237324371524024,0
0.7354068008716351,0.10776312348481232,0.37892736377157743,0.9911918341581442,0.8851787047203951,0.7993250910784906,0.047192190604415374,0.8642839198295785,0.2349433107620139,0.2927916203868669,0
0.36861775799296936,0.5739453010456936,0.5420332523769057,0.20398486991357967,0.39791948366953955,0.9010421378167063,0.9900759311563939,0.8898535063723054,0.9870503028819523,0.42054554689301893,1
0.7418943227555836,0.018044506192711807,0.38500129649035175,0.21021209365476612,0.29938479784070493,0.6316669422733079,0.9830470025212343,0.6552221794929523,0.894859489856366,0.49290130442063484,0
0.20146111252974208,0.6307085602318236,0.9745703473018572,0.028975183954923267,0.22043889894386326,0.7943871302237923,0.34388803664767587,0.43204793144031484,0.1727890739371365,0.30826434252529555,1
0.5395005644667116,0.8641532048542813,0.3004314750011021,0.595939051326033,0.04321185696667895,0.41180119124260006,0.5513678184410327,0.7009855756943051,0.3227035131773144,0.9815794601347589,0
0.8922602516768333,0.638624220286558,0.45046734628617047,0.7928303530232386,0.9534103481599887,0.2892062596957564,0.08055181735500705,0.6401954037379187,0.20485165990594878,0.1990257916361574,1
0.7691692441729997,0.49761379838443165,0.6872216390561694,0.6244702105773766,0.678105711817546,0.3602706503508505,0.07250522063886933,0.5073605396886913,0.8324511075933949,0.676451306822068,1
0.26042893636527564,0.589915059611276,0.03270976987941443,0.7929013260809858,0.6768970538699287,0.531088855765542,0.9870904247680905,0.3265622837369395,0.9116436897793855,0.5398296924564271,0
0.19172837196482706,0.023707093405378243,0.4521951636038163,0.20615023934485965,0.08254812027070191,0.05174283957646586,0.9671625238044366,0.7901110094410801,0.4095140141760668,0.6424588537795644,0
0.07764197739795786,0.18886678856868244,0.9750545995117889,0.7228061228433732,0.34907497235656837,0.6538304322778598,0.9242003952994956,0.014257642026395234,0.057293897447168285,0.07189670617544908,1
0.9683413079094126,0.5147054479997697,0.35781475383356365,0.7281558488098505,0.10915598067443122,0.8503309024196835,0.9654935430066574,0.13516419143988634,0.1923035656321147,0.25083712865662844,0
0.8840868268087997,0.6997182858898122,0.3851871352352787,0.32319123180112364,0.3611432271552336,0.07831734621201847,0.2689300932074211,0.9367678027999853,0.6631626036833367,0.7165078801151678,0
0.6121527268793885,0.6613397458881334,0.12115741024409887,0.14564897558698864,0.2557484441092004,0.4962525651328964,0.43131972185961664,0.11068275642572178,0.8848214585408919,0.30790375556876204,0
0.757133261379037,0.9314204728362364,0.4113262356323649,0.07639549770738707,0.12344988724595962,0.8178051843336723,0.4129307195263745,0.7143533718852474,0.2985708230455576,0.08804201272777035,0
0.6959957482139105,0.1225624190253467,0.45475658461230783,0.825591462713066,0.33725967989668604,0.3686787607196377,0.9869479789599519,0.6505384926848186,0.9056837428043579,0.18675983862130008,0
0.24084490021528326,0.2815509244284148,0.8909286049743457,0.17521588356758344,0.5053068028586051,0.7499669304986764,0.2638390411619864,0.6027505296703474,0.05578281219141179,0.9814037844517377,1
0.36721405392444295,0.6147607174761446,0.9035562717920379,0.729406930283616,0.27032689870752913,0.5247085812768139,0.06868754652137443,0.5434003936606145,0.39725286627117173,0.33135877514350953,1
0.9243270316892309,0.9534250576079694,0.8326782579565846,0.3726814134643013,0.07956777450709351,0.957476853677942,0.349826542594708,0.46056944806257594,0.8692286504251399,0.5089346896686695,1
0.7181829733749271,0.7900552181009252,0.16746622042882464,0.42417571139324783,0.2468183832386075,0.31743263557971213,0.13772789460441548,0.4839137583840537,0.12821495944030759,0.305485473137727,0
0.16210369037460348,0.8911208819964233,0.6172183310692781,0.643551758894164,0.45895586899656726,0.17233637261359802,0.31435871701637574,0.10636783133276784,0.6478594708738546,0.7189940084717836,1
0.2442250408730623,0.2910097864486094,0.9588053134235833,0.8633590368907712,0.13718605579187437,0.3728771450157098,0.06055703177064553,0.060462555912962124,0.1384940317319897,0.8498584930996783,0
0.1849136880312081,0.2819964308167552,0.46497243376220565,0.4781290553672085,0.6778885042289354,0.6769631805106003,0.9645239252480946,0.37130915623766925,0.6637906946863651,0.6171664680398494,1
0.7404887550009467,0.5633632798968212,0.3995013134401295,0.9350317169018237,0.47303250888418535,0.5837060640456595,0.9661302232604002,0.9365362409493284,0.6958313076483574,0.3515368804547574,0
0.44783393808449934,0.4344619496633195,0.2899569319049078,0.6225636853300937,0.4517001000634775,0.7005804065408355,0.7065468311524261,0.19000041647081278,0.5647369057750521,0.5060295762590248,0
0.6581625264049223,0.7809287038160918,0.6349977939129927,0.12813676182538347,0.09515034456588134,0.14403350565105089,0.8433633356411842,0.8316931239037577,0.8145596519913556,0.9730376303807985,0
0.6489462682436082,0.9097855771951727,0.21022857549755214,0.551907621962674,0.80819656181734,0.23229924002435476,0.11170798842818763,0.894989766008425,0.9499939611135452,0.43138071138292133,0
0.41331765489440286,0.4865636083458985,0.4877379992192623,0.11200538727364562,0.9960122594762787,0.8070908465801389,0.5800406212397077,0.8975185384448052,0.7918069668854972,0.11770398445481511,1
0.32196623569117966,0.3689484963996801,0.9223469236178726,0.4006500840966629,0.1817678988154493,0.3014246682094601,0.21023376586442344,0.8700751302968518,0.7239022392073757,0.30233740314035285,1
0.445979990580597,0.8124442270484092,0.4616864073794428,0.5514227114384257,0.3463963632607069,0.025806818300185053,0.6700562910963721,0.35697601471942175,0.6937125433945758,0.6270722230186905,0
0.060446785063658526,0.7332977018307704,0.8252998088333184,0.7738663294088722,0.6023815144262382,0.16998513248698255,0.3068397860019486,0.23105897338360737,0.6074320437443116,0.2048893824667768,1
0.4585369014496188,0.11952890111927728,0.5240255078376923,0.40711770257242674,0.5260821891486346,0.7398267946375894,0.7168474900762035,0.644616456480772,0.2958474965663944,0.44540056931712235,1
0.8959782960642639,0.6916122957145597,0.24235376449092272,0.6340097385651265,0.10234497964820088,0.5164858537132343,0.8031870045037325,0.5199702836912458,0.3176476241305056,0.49550777172365823,0
0.3518984119856374,0.6618758696182506,0.5971723307428669,0.6367741212781987,0.02989762815744068,0.4602821737611892,0.7836856746612733,0.06102813390036055,0.893436479881148,0.6419355798905327,0
0.4849339887189843,0.10388015043901766,0.9281062503322193,0.1043297361683283,0.4707562191194924,0.9615384962517155,0.5877506149963272,0.10844309358533077,0.18343819360956304,0.6263569113181655,1
0.9151041256374021,0.16258292143431063,0.8512686478955601,0.10460555924525483,0.469146276181323,0.634654443947891,0.3552176164915418,0.320717045337058,0.9231015715754263,0.4035544045868076,1
0.13524640189191772,0.15392913686984022,0.18483644818651823,0.05128812994957588,0.07284420731312158,0.41838872650690695,0.9045158443662238,0.4058173972514494,0.4576094088102308,0.3759912650321069,0
0.4193732443980811,0.6229089231133254,0.45141595565226966,0.23187263637126287,0.17024064342627176,0.033549480549586175,0.5735777112739027,0.991315768367015,0.974242576339954,0.7347618086110722,0
0.0010697873121126023,0.7282883625281928,0.041676397598989334,0.8935860512280953,0.3882677622914351,0.6283662998193085,0.6730266639650854,0.7680543734202874,0.33580631699616614,0.5410081037866813,0
0.10348348994161238,0.7426994742993484,0.8003823834154515,0.7947616792370846,0.6774087635475335,0.03318734867698603,0.5697271702833276,0.4916748658114022,0.7467384415424696,0.297475882310243,1
0.9632422538868813,0.4662479781735346,0.12460893096250625,0.3763077443299927,0.590240678136678,0.17883280583153582,0.5765794322471645,0.02746265632900291,0.5230107935548537,0.3536455648716965,0
0.8268086019655805,0.9020828179031716,0.21698839276037885,0.7900278172255774,0.045250221578555405,0.45543030990222877,0.1683723268357621,0.1434077885848134,0.46678267608432433,0.6178989032743585,0
0.2930572715728945,0.5407371277184926,0.3975058945490296,0.08204143856574475,0.7737529157987281,0.9844788751506203,0.6909530881132708,0.4711712723052468,0.86645837522886,0.4502180960433114,1
0.033085984385873735,0.35007114091608105,0.6870397175420089,0.5805348392605293,0.9449798554769006,0.5296307222732998,0.36410985085240655,0.9650523078769361,0.1479458824573009,0.4654572270348426,1
0.18711564886529886,0.2786570381392497,0.6812640920986224,0.3991221900946528,0.25034643269897827,0.03464339881196565,0.8442380660000776,0.926267362646597,0.712908291588094,0.41812077242754486,1
0.6586887805758107,0.5708052997948871,0.05569171259011818,0.12076693689779439,0.8838505245583852,0.6703384770518218,0.07739931152212376,0.385527891014941,0.8292622919698667,0.7578751745432113,0
0.7578430894649842,0.649194456545029,0.3667431865896109,0.2937540418099118,0.5870007183270967,0.04449885902987727,0.7962035705535402,0.1984090319967391,0.46491855283731776,0.03312058126149331,0
0.7785159038525691,0.8320119766025013,0.2376635815898196,0.4511036114210013,0.1868442146507031,0.7530092170404658,0.39699084064027723,0.2685220448048534,0.32549763457597913,0.9907824755347864,0
0.5931630956483716,0.9114127338275294,0.32022590005943097,0.3929186964932738,0.2353194518084939,0.8614719598452408,0.673287767203594,0.48521841023267864,0.07128265321636273,0.11535849479538451,0
0.17854608443763853,0.9675381599494809,0.07717822049126943,0.5968542940256703,0.9441331560881202,0.7627599026697401,0.13074062675489484,0.8480864584962116,0.14203213843742646,0.3481510672477065,0
0.08663879699974775,0.4052144093391803,0.6796361393076407,0.16179646670726677,0.6698889155563246,0.8628298261295607,0.9290934753718991,0.8406523281395691,0.8981369943786994,0.5204620359604091,1
0.6628925076323307,0.04765108610522928,0.20102256337612168,0.8136418745118581,0.19450706595111134,0.5112446488301535,0.3923653278520838,0.635509655716905,0.351682751128105,0.634518404128425,0
0.022130150208842347,0.5888413292856526,0.41707975667641695,0.2385816279862174,0.02524419910804576,0.18641572305237086,0.14312035206361096,0.9987682801827468,0.0135205210440833,0.20171326169314663,0
0.23486244600104667,0.2221158851132088,0.8017234808727771,0.26486450539538786,0.682214953835764,0.2159199700092982,0.47227150416883823,0.4495745064617539,0.17654446884111497,0.827833172446044,1
0.278321518555543,0.5705777654627588,0.26002945123466026,0.49874596166034757,0.41658778295984134,0.8759961137619744,0.6107439938662781,0.7289344797201781,0.7608529869209795,0.9398884951712212,0
0.17386131583307307,0.9165555500616218,0.08547238098070264,0.9921347693879912,0.8290101390005983,0.6117182038898905,0.104816776742226,0.9099782978525459,0.41644812315827917,0.07530582446451073,0
0.06239855485240697,0.019412984140000478,0.20785585218015734,0.3940364921329653,0.1769950571476775,0.14659205820618115,0.2686881853469433,0.30213175959370764,0.8290627682732354,0.18567841115522365,0
0.7060612178174761,0.17944909770316553,0.895650916902006,0.10190868229019057,0.31537381557128874,0.3483067992188976,0.14600597560469775,0.050184605845390085,0.09633460933231941,0.6184993674240298,1
0.0853444613860661,0.6651017322736373,0.3382515967995897,0.7023107706657712,0.7806952951950025,0.06849623785974801,0.004214477141544104,0.3989803282431532,0.7749143761331001,0.2961728709432756,0
0.004653162876832817,0.7354466911433044,0.34102623036459834,0.4642892727532031,0.8438340883623127,0.6414082242173107,0.40610426958736534,0.7438708715500373,0.9067604315251472,0.4789025192387194,1
0.15504341716549186,0.7368183700244914,0.1186801611106918,0.7098224840109632,0.537337886267074,0.9733765527577326,0.3296162555100478,0.36494552985108386,0.05421896856486541,0.4107898096536218,0
0.9699399350450759,0.45812657387735156,0.7374143739798276,0.42051896936301025,0.8740072351743758,0.35519445404449146,0.6186624835359137,0.7522352381084982,0.07522775189239683,0.9578896358381624,1
0.3782387619818658,0.9834414519842551,0.5721007936391297,0.573351366765583,0.7987051706571887,0.6862823449383754,0.8475462815859663,0.23449651487404366,0.6666291803459108,0.7379523461231978,1
0.42982521800348117,0.11964089794048205,0.4679180269641833,0.7639501338569605,0.7082023762217334,0.2734138306074909,0.18110638965014836,0.098765148653432,0.18592986970936598,0.3015186349391169,0
0.09264432391638266,0.7325808470984945,0.8022201782649429,0.5763396324832402,0.9167602452082525,0.2573736343067652,0.2040024780031814,0.45370134209590485,0.1009359809104724,0.6616355193902316,1
0.23515004044988452,0.4739551924252625,0.024395706492817082,0.3140728414600382,0.7360471707282645,0.322625578102297,0.9652676673053776,0.31782716252050125,0.42648965665597316,0.20175670075940744,0
0.9636533456503293,0.9662595545091291,0.8938246667384685,0.38071707062597093,0.9297661394358231,0.19559619396701655,0.34823675648266006,0.4462395208196217,0.08511417881826788,0.35852047705376344,1
0.32364677118281604,0.10775237891647693,0.800812277273588,0.5445104879993495,0.9639196406360121,0.6893377354297239,0.14711604291651914,0.398059807144443,0.5394038642417746,0.569611861903906,1
0.5122219840525816,0.30363993604907147,0.4608614826090368,0.6742813554157036,0.41761945614892004,0.9541529840729479,0.980103195458496,0.756527681381919,0.6638103249997255,0.5142265183616888,1
0.3024374494123686,0.24880670554675866,0.41822978361481433,0.0998130977176751,0.21698477060083587,0.5172950697418337,0.43361843460037586,0.7866921888518091,0.4142739807512297,0.6923318452446684,0
0.45267522098088664,0.019838604957608696,0.7523407911374501,0.7932847715492105,0.8312227818140825,0.3825532530964917,0.07822766994724939,0.4981557332038513,0.2596615886977528,0.004061195385487992,1
0.7894348914075491,0.8153018486938728,0.5948128424776872,0.8562646880776339,0.6630456573327502,0.38786992893959005,0.7696133364070302,0.14042676230725815,0.5940810920758849,0.4463043435361608,1
0.7559121994505478,0.10571392360972065,0.37701418168000145,0.4437898587581064,0.925610794762752,0.6328073103149593,0.3135216515018683,0.6895202542543798,0.5581997289145493,0.6902490053910523,1
0.3636221538820875,0.24676312414573398,0.12068244407364048,0.9744987661754675,0.3262039557043953,0.0012106765843684641,0.3910917702162835,0.10280690665883085,0.11219451051175677,0.7060022595075643,0
0.8453968493538846,0.47676658135875905,0.28134161491464227,0.4400071607393419,0.8185245215069948,0.6322556440339706,0.5818718768229529,0.08901249064504102,0.1295287561102525,0.9337495242065096,1
0.33008912687246317,0.32212815553295415,0.507091423539334,0.5228503062281281,0.18982922372137112,0.9405499637881182,0.1485689402948478,0.6196636035421131,0.4275001994236707,0.511742437006431,0
0.6175924880724358,0.10807128899879825,0.6064735611024626,0.8820419518293573,0.46613730795155006,0.24723391616528023,0.36197230601172237,0.931172515390877,0.7036131084028218,0.6575205741493125,0
0.19614813045362833,0.40524605793234225,0.5025899745324555,0.0969534894587627,0.46145887533121144,0.11587464783393175,0.8076355117352303,0.370914383688676,0.2121816572934636,0.6369211401231034,1
0.42499124009518785,0.5681201332909837,0.6153355116910152,0.502552790779176,0.6573235998188453,0.6069164593791161,0.5381189317480147,0.23547178344276165,0.8021176983500949,0.606739957434952,1
0.5803872883645852,0.7008081811129079,0.7687310696858566,0.2992029928592794,0.21933896903060723,0.3122318081341352,0.5659725197018212,0.11871309774598982,0.15888858519996862,0.07122779902982013,0
0.14703218125761863,0.9097799520388646,0.5502458285836157,0.952074023788638,0.49462352888063743,0.03299413106767568,0.022590130183673285,0.7780186710510836,0.1588843371316474,0.6697345800084958,0
0.4618835332319574,0.38035967896819267,0.8135061174622162,0.8143709915240449,0.04999212894384486,0.4527771382730732,0.9645864789106007,0.8815251398202969,0.5703385756308512,0.6076601780094337,0
0.8169907328948917,0.9101557962481501,0.6214589316459764,0.2829454840951714,0.4876656544922414,0.8265640795230746,0.9662788527344512,0.28049020432391236,0.8047459602962367,0.10254504056686176,1
0.15154524996249563,0.05264871260178139,0.14353754239473848,0.31770955836803294,0.757063014060213,0.21060819639403028,0.028379961880838245,0.17933659691469983,0.688255886404934,0.04476240324992742,0
0.6169005824043599,0.05481406828979851,0.347435288125407,0.37014403434098886,0.12654823244093238,0.4815835915805263,0.18778914730418317,0.6180333199196639,0.2524544567853,0.9601733454708532,0
0.13640270251552467,0.3821756708017767,0.1955802456344432,0.8233428220712785,0.24563149196535605,0.8987584028458375,0.634548906669787,0.5440366409094944,0.30753878417846003,0.7303020720668988,0
0.053067785197150386,0.13787763785264162,0.0891956553492963,0.04114259121946373,0.422239033837976,0.04903527651419948,0.6618254391175326,0.7898667697211936,0.6614809845216582,0.7393306587855968,0
0.9272622312058161,0.11875888679318714,0.4853245443318037,0.484030915344412,0.8841048674677168,0.980787055153044,0.203890169297944,0.7182933366840276,0.6514084431061338,0.9352899100701636,1
0.7197113321558379,0.15185975158189957,0.9760536111881761,0.6255534727174618,0.5313175407022426,0.09202217907339716,0.38290590547426295,0.016872233782479817,0.4338333656277614,0.18834988451732038,1
0.11349128689737198,0.0849561070011331,0.8055823953751335,0.027273167252743313,0.8024223591996634,0.9290379141326696,0.15425144825459614,0.8701102751160986,0.9184046800558797,0.5571089628413008,1
0.8401465167859787,0.7930756386807425,0.4497313991796137,0.8827522346113922,0.23977100686980224,0.3577077196768297,0.30960896812701133,0.6593560208666032,0.903517671447309,0.6057240788302174,0
0.5918334870021408,0.5655641608045049,0.3921476838181991,0.30616488909164163,0.016660643097476613,0.15681014382497782,0.5021991037010408,0.26242757564665664,0.6230066131345255,0.057580502521084154,0
0.6427019836274486,0.6548964022937944,0.6220996355629209,0.3652168569498122,0.4792574654403311,0.5211925275249912,0.376307723043216,0.24152960341324758,0.3399911093380742,0.576317712297801,1
0.22017887393437685,0.9196773880697733,0.18431148264292152,0.38399886317694787,0.9863807359334871,0.8200367854267373,0.9480359909014215,0.2954873631912509,0.6698449108933426,0.8591021536142011,1
0.5573397082253788,0.5478419165692442,0.7245538035869601,0.7390787466050599,0.027218759606975174,0.001615216434719846,0.9228295021645976,0.9819959523861401,0.6993710245996264,0.9034694335803067,0
0.4912873252826463,0.14120431247289167,0.4465832953976484,0.05694285308150837,0.10484813748700927,0.7278147550197619,0.6913624744815179,0.8554795754744172,0.46623755256773514,0.9735097675679615,0
0.13394783693847112,0.7773726377721202,0.7482135064667843,0.6271184876337624,0.9382060840446284,0.5296173411689875,0.5741708284202217,0.02605380834015436,0.9849145502507941,0.17594636236307692,1
0.054790213609240856,0.15018087557778248,0.7523842594127139,0.5974461470088538,0.17232273217617922,0.34156672520598175,0.832609731316941,0.3267320245024088,0.3571986770974267,0.9690576353253701,0
0.9269590521744555,0.6552327405264359,0.21155478960162521,0.701947033577383,0.7967554269781922,0.15836078188531555,0.10347523143112503,0.387125875274962,0.4369050475633497,0.5325371073409388,0
0.21408404635559675,0.3644215880118583,0.8905555435794216,0.3476201263198052,0.1770838993712237,0.6225631754619116,0.3675263148691944,0.39786396128487234,0.35045749245406144,0.15961897420832316,1
0.7339647454531522,0.3039455106467711,0.2969895383349451,0.7507058851312962,0.4984576952791182,0.9185570866468593,0.7610039147659562,0.42759375904479047,0.19597013112371242,0.4518521186772264,0
0.5080516886256176,0.5433975713581647,0.9097465225438304,0.9951429180630293,0.43696791989872785,0.5835569900132864,0.8986534302237166,0.32325827089684755,0.49666193489805277,0.7229133695697455,1
0.729696450934551,0.5810702101406318,0.9233810326460803,0.8643056402885155,0.06662046983417436,0.37405617226583965,0.6411625370774084,0.31301530909720787,0.13734841997553338,0.9977360579617277,0
0.6103558056020675,0.6173297863983362,0.046386337638481434,0.7294808592308974,0.04710965443519988,0.7766544543162297,0.6886417299317463,0.4072320374791466,0.006728013549913592,0.9519822867816049,0
0.2957505740390025,0.4175297032462021,0.7630255331448164,0.3302397802476451,0.8589240297572753,0.6296435642184169,0.16276084652247136,0.6393981472741375,0.1579017131068946,0.3346298722533976,1
0.7213851383455648,0.2654544614250922,0.8201089380849506,0.9790639354825682,0.8788490134619168,0.13441499246678312,0.49260936959112567,0.24348093065754983,0.9563358181636004,0.09592399661885431,1
0.09754511066938731,0.6729254767102955,0.9478437627017955,0.2757985172398605,0.7537922099640458,0.56030554025094,0.24039944060241503,0.9848358969851351,0.3131475986808838,0.897566166759022,1
0.6029447815009155,0.614132671381033,0.7523226370404714,0.4332571818708604,0.34744807498783437,0.9439880426837324,0.9222483170166998,0.6451286945323769,0.6000477650188449,0.3397475864228068,1
0.6930036697101727,0.06574257126605199,0.08981471878692182,0.6673672221744683,0.7540641916928115,0.4575123432981074,0.7661464964097017,0.12250033825308138,0.28713078717653007,0.6072370739524983,0
0.05379865552864094,0.6694508269647009,0.28183392191348056,0.9952946137737665,0.3222270056990151,0.7519167243652677,0.6351111222028749,0.1019908161345976,0.6544078100642869,0.8998701844277931,0
0.20793684766981813,0.9110794937043507,0.9920712731097404,0.3576111316713013,0.7354006415050621,0.16802980817118296,0.01647856620017807,0.2996876773454965,0.016695556610129336,0.5089244537416229,1
0.27143339492584695,0.03604037935405502,0.4652140553831292,0.44294086973420044,0.324431541032717,0.0348293088830407,0.373265156975629,0.11943073820020655,0.9926428637421115,0.12079724376065226,0
0.8360691655789274,0.44281179330050213,0.783992019141174,0.9953075005045068,0.6573685251377118,0.029630139372864406,0.8576152971518262,0.4019229046454733,0.9081881543280341,0.4237653060776059,1
0.862249788318597,0.2049796758582988,0.847832505412003,0.3131677655746443,0.7763699202599237,0.36003013393258654,0.8297710967398482,0.5380954740151851,0.16012016299648624,0.4630221257884899,1
0.6562852048160077,0.8206252558126184,0.3886632514249817,0.6728201856567593,0.8911515046047227,0.5980310963736729,0.43496189181817857,0.020844138047994787,0.5237181383744098,0.17810057474174346,1
0.027125313303576593,0.6239100975007006,0.8679926861734879,0.36543966079275203,0.5863568984603168,0.777658882616016,0.5835375048941229,0.3343277271947356,0.7811163698832454,0.20549484121725514,1
0.2045175170649267,0.3585248408249664,0.866586607038344,0.6949902305092552,0.26857153767538644,0.6927094987408992,0.24274232784200656,0.5406120399793326,0.4735524646237448,0.7067343110497599,1
0.7050023800191871,0.08740627855052108,0.7208578976279405,0.23364928213038982,0.473252643720097,0.3258000603125437,0.6685015628951161,0.1598360106979535,0.2020367539954342,0.26594940003103473,1
0.09828509498053384,0.48967207598107987,0.4851601553848388,0.6016927765031139,0.2399892899817625,0.7456792407474707,0.48531313806371834,0.8129968838116843,0.6458811986516068,0.8416795321753027,0
0.1417148648280604,0.8791899759633693,0.30523698241953134,0.5190592355559787,0.6588089675763292,0.7163083273114461,0.8615252175782406,0.11221543404254541,0.49080849077483424,0.7763078650590612,1
0.034388242671004376,0.290911160203736,0.14123113206487858,0.870369906281752,0.9916284354191813,0.5912039653737644,0.014859659249356394,0.7817402397512426,0.6319973035631901,0.5112104363341335,0
0.6534783082393625,0.9463221280613885,0.22314934322125668,0.6268179400657355,0.09567799596904514,0.49442433187510426,0.6759646704477844,0.20961264712694772,0.034916097105779254,0.9869620866307101,0
0.6391183070159036,0.4980151893439224,0.22296453450567266,0.9217343207256792,0.5205558099986511,0.23264224386592047,0.5008334753162579,0.7600586053896947,0.046876930309069254,0.6281706681741722,0
0.9992892540078807,0.40404469650749153,0.08133317599008638,0.38537527585825404,0.451683469181445,0.633873097997476,0.41706209007001427,0.04355664189276587,0.1369036282972237,0.10576949882095066,0
0.6361358861465016,0.6678184555260664,0.21308453670794958,0.15236569812991063,0.5750395367135794,0.11627140459683483,0.6961133796366967,0.8886356258671636,0.3326953578280455,0.6329861570423903,0
0.9839780470871093,0.8204780934748586,0.3262234034170097,0.5899006361706899,0.8198502254740886,0.0826196509737529,0.8252572232979624,0.2853016742224568,0.9404984011162477,0.9303977459183022,1
0.35180078666465797,0.466194732804909,0.14672732098931995,0.8992807251479394,0.05506402469310501,0.48949579336275384,0.7868837925372423,0.3066347836824521,0.12554955243235688,0.10776060408181187,0
0.32556247041293396,0.87299529674278,0.3010566849901932,0.3051615165222028,0.6937654450607567,0.36310480151318514,0.3094626778126617,0.06822074054340199,0.29240824832948087,0.3182013344768513,0
0.37890666215123137,0.8645898552028422,0.8847789210100401,0.6103765758077612,0.8950678559011779,0.2500022369491329,0.9812015375659936,0.4756593028339301,0.5581052325199989,0.1552555045220314,1
0.3402329032170215,0.5269341783135303,0.6152466030020677,0.4876761547095605,0.48371272456242353,0.999408611152372,0.7484038902610267,0.9964877772427986,0.7378125646858059,0.998637015834818,1
0.7957692220918834,0.7165782392290414,0.8518099302579113,0.6773998305988592,0.2750544231926666,0.0979411988410197,0.2879719248027113,0.13744449749907595,0.2295819221038875,0.8649513710698248,0
0.8230994826369534,0.04929690020505839,0.6747900549468234,0.8558982419192545,0.23620803774293475,0.23474085774839448,0.9170341188063726,0.6041311067122668,0.664041620694206,0.5555327899952319,0
0.341471142441533,0.5294434069781726,0.9676627340924691,0.4600396928616334,0.35637788237918844,0.9288496117746287,0.892544767151382,0.7855779169442165,0.9693426967789073,0.9441870169815868,1
0.10009416734621424,0.060937773859300215,0.5233188669880137,0.7652206011667853,0.5639215238826775,0.6890720470132201,0.5158934218677788,0.7099994172752867,0.09332935160226741,0.12246622824613007,1
0.7107800808570234,0.23514823828122422,0.1349030791225122,0.6425259485995015,0.411738323086552,0.18969977051372988,0.6580230364072042,0.5882314946145383,0.655906922319421,0.9820104786691026,0
0.7686533525272441,0.44481161331845986,0.62544549265937,0.2703886631912442,0.8286500269591295,0.8716897932075455,0.6749801109987642,0.21571024645301629,0.29104060790178743,0.27703040670734413,1
0.08104797214782722,0.7404652384354873,0.7628918249871326,0.2249717571704961,0.37618001694020153,0.22155013035071947,0.2933901820178507,0.22741450372188932,0.6576594450754738,0.6553336664762249,1
0.7367394717663751,0.9227915218915023,0.11883138787446823,0.1353645852473434,0.9107139923044363,0.16701628540310498,0.49575876906084426,0.8111794407642682,0.9424341588322179,0.4316742638836827,1
0.8152985770929204,0.1791601067092944,0.7652362448188245,0.9963921403958124,0.2908789564032196,0.6234864619370741,0.17648199945371612,0.03731689930448834,0.3839010713289679,0.5829070182778625,0
0.5654746999108208,0.49300386389145257,0.5762627300384577,0.10674113352766901,0.40568995742706426,0.8544702821533008,0.05634551444070601,0.10658349006792678,0.5348635394000746,0.05264094749416803,1
0.8652951801304218,0.2222719870306865,0.38896270198833727,0.33950494113274166,0.47135025536933683,0.09210860747474103,0.9829154017093041,0.019347944971968567,0.38593555137717184,0.41100194119215794,0
0.64290037182551,0.5486905892948151,0.8576142996397806,0.45102868207940905,0.6388909505087326,0.794166446410701,0.7450866750863799,0.546784656267488,0.8019290038181652,0.3661022298255556,1
0.07778788757290289,0.15893666589260402,0.40704770530532697,0.9823286224400515,0.4745791105339481,0.13409853972646024,0.8253781654925046,0.09337115391601869,0.5957536672336334,0.5212947572337971,1
0.23247510523096682,0.024629498741990163,0.03705745476181077,0.7823289517638088,0.6733969173939611,0.5569937879048389,0.93268238883028,0.6764889385583468,0.16006908464260627,0.9958850901753196,0
0.7038648700148079,0.27857035021716425,0.37605936246022065,0.8117450034385314,0.43249683530561944,0.09224242938231475,0.3705831270955541,0.8993776633975477,0.9521680462537304,0.05355767314361448,0
0.9313024074138974,0.4409682017505704,0.9881696550362297,0.25563754466912636,0.42413906344693464,0.866923148810677,0.7453560221568744,0.1256827873540196,0.4093438976370659,0.6979583016174765,1
0.7516043509195334,0.9396896076658777,0.7561285059363947,0.29424539747879863,0.7568147344194317,0.6920840370896104,0.3600216850442569,0.7817307146398227,0.26072441019184567,0.9875723656067257,1
0.8419626425406176,0.9598349679633886,0.9269475296002595,0.04000167321118775,0.6468092068213543,0.2900506246870266,0.7507319733768895,0.511576761471975,0.48581863874593156,0.9454964490392406,1
0.5661527410371758,0.3705212562168313,0.9269814721638298,0.09586775133191971,0.7421560707627368,0.7310419749345538,0.6818508827533484,0.27995920786093287,0.1835594196250122,0.004830845396132877,1
0.06080554204991229,0.5246786431662185,0.837741416305745,0.026750210905252092,0.8045967631915606,0.2409614051759431,0.5273021140565964,0.7483509508462877,0.8924131643197859,0.9860364981193489,1
0.7655280427107912,0.44895103256747226,0.5651544762547801,0.7612203412601083,0.48311546638564196,0.1329858031082235,0.7336507461402447,0.9219755244405836,0.632046986974085,0.6479767038189644,0
0.40358632441708,0.25581711221629344,0.9795511103775063,0.8862034803024917,0.5279998133167837,0.061730793169135545,0.6927822224038092,0.9218682606005966,0.5224965576965344,0.6408749511391122,1
0.10699235896431303,0.5299397334881462,0.5433336485812993,0.40405364307325564,0.4390798846068863,0.6746634973416369,0.9247932053072692,0.5953599085028415,0.3731325127803372,0.10752025877025406,1
0.4823361864017527,0.6457060926697411,0.6425103885135398,0.6169094785557125,0.15430268246055134,0.3362035913100726,0.21636179416704515,0.8997450255267414,0.020272246576901187,0.008444262473710218,0
0.3181680520902498,0.8016070855138712,0.559492422992427,0.485848407081249,0.4523963112800421,0.3662364274554689,0.8146489052558855,0.04155996861095779,0.7183280605501325,0.3762704661213343,1
0.10834997610582531,0.9577933660327255,0.15771446161004898,0.5643893840258412,0.9699042413868372,0.2889737492127794,0.6577736143569854,0.2113274069679436,0.493066991329994,0.5305861529183473,0
0.5243103272651066,0.5914181937736899,0.0398025517973728,0.9602819986000166,0.45606138615021796,0.8324746503651012,0.8846498059769177,0.7504209075005753,0.9496076681234138,0.4845384361442724,0
0.4760915845609195,0.6980370300570731,0.47579913002361174,0.9710990237964073,0.10557813923584136,0.41614987553626615,0.5711178689796822,0.14318879282050823,0.3450362802268382,0.16939300664021362,0
0.6518168659127778,0.4425210317272593,0.2920564938451108,0.0016194626272015844,0.6890399192418866,0.05504630552969192,0.5136340202049353,0.13226514585609428,0.6297196274666866,0.6890613122470374,1
0.3387323304000741,0.24367435880581134,0.4537673372105855,0.006473194804990756,0.062360076824924504,0.02068174705084891,0.006171136492620688,0.14966640435378942,0.1404677415818607,0.7249015876406352,0
0.095798416770014,0.7451990025919571,0.12189467193710513,0.9664864602106398,0.07665502847261385,0.9144613213329885,0.5460553311457085,0.06816295336141054,0.3788032126895502,0.19593158207615147,0
0.9009967109326619,0.8430876736698821,0.03966611503659956,0.9807327844938888,0.28161249022093016,0.3049155479621639,0.08156312101693453,0.8032806734750926,0.7769586294319116,0.42554589531847853,0
0.13511858815032118,0.9699407213709237,0.5900736073918245,0.32935649534217637,0.6311222269098893,0.1215429114746781,0.44606697668026274,0.10854775505448289,0.8982428451950998,0.4846819938701439,1
0.3161454821142513,0.03603360781119269,0.1570488937654293,0.27541475686095973,0.7388212841501937,0.9010499024093366,0.08362846705681515,0.5182553653670514,0.964409975653641,0.14192206349919878,1
0.6176884087705984,0.9709012309363848,0.0019737182771928374,0.8801346582966247,0.2943992848817324,0.9683908615397783,0.6508482751797948,0.13831838532485263,0.2152695376061491,0.9648531777769258,0
0.12494736048478039,0.6862963733203048,0.1942949530007938,0.0023809012366199367,0.01663254499897293,0.09009776033614059,0.20635817658611644,0.801982571464595,0.13025843362768297,0.23510581333835945,0
0.5180626875491181,0.16721576584791176,0.5102804358717837,0.48919616307794633,0.010877501212045226,0.9120196342118247,0.6149412472678799,0.04389704705159825,0.8340737290567546,0.29928411999448556,0
0.8367264601364256,0.1746347067330677,0.3783419954154372,0.632767156933686,0.9473214581015502,0.7090586469224618,0.8489985349339307,0.9454723645057079,0.3118866148914584,0.6099435210095195,1
0.2978052260111219,0.9976835667740889,0.3276453529664447,0.25703166415861056,0.8304534701265411,0.32072592256926036,0.5021295685224525,0.2646887804039463,0.3046840422547362,0.4070352863086195,1
0.3445723816567706,0.25466651594126377,0.46558998899150883,0.7463798789830007,0.21189868923732758,0.8423222092875324,0.5211245559820618,0.8489090164323255,0.7697531149907357,0.14602178288462442,0
0.7336347813479218,0.6315746924991253,0.12808996811225548,0.8612437717997955,0.7684794783148298,0.7704440191313462,0.28964206562026873,0.42834563321317065,0.30535394208700894,0.6280114149684988,0
0.3002515229111963,0.3847465248086809,0.32635830906634034,0.8511497444844663,0.9649773505587628,0.29388552426623904,0.8991206282035084,0.20124578143751692,0.9900657650316641,0.17220109688670082,1
0.34910892983970976,0.4172347747884326,0.809057229473527,0.9858468408324266,0.7741928082806697,0.5238556161423803,0.9632665495148247,0.7651783184363921,0.8159679499629466,0.7703650406321554,1
0.22108118117805997,0.6998398126270421,0.5471788793856209,0.11304181964572135,0.23276036835816105,0.635558981200502,0.6388295098894793,0.07322506451858479,0.6114900043456893,0.9001964059876313,1
0.07898578313093996,0.748694857746615,0.5283275999721532,0.6367083220217292,0.8377284344566087,0.21186387590418443,0.3536567631613402,0.6095541437963142,0.1604580100537375,0.07331031645204655,1
0.3763728603869133,0.8983608901511312,0.4484886816180236,0.6375881013593837,0.02268003947380104,0.8869831892786286,0.8202727492329387,0.6055029761284969,0.7855669018605003,0.13710690379714174,0
0.03042757246242911,0.5782479484003703,0.2648021526254737,0.22095984976835925,0.03549220516637841,0.45943010217042146,0.22528719260041608,0.7500149534205995,0.6773349074652069,0.3358981042875342,0
0.5261438427353927,0.38264821368088253,0.19767113726019325,0.16496120297413464,0.3935755998630255,0.4452611090032862,0.7365888001496099,0.6949761334161713,0.10045786267308898,0.3093958738929332,0
0.8611303156296809,0.992501862931199,0.2763212182281791,0.2661349166224166,0.976766533887275,0.18594936603213852,0.721206872874279,0.2918387884946776,0.5919197516198542,0.030737525180855485,1
0.5062120313473245,0.20177814240551584,0.9051574075804122,0.5062589263325968,0.7459805910530849,0.4130298755856012,0.3004638530960503,0.7242130423662372,0.6905269290522841,0.7262598394980081,1
0.24612511364851986,0.7904931126829803,0.29281744724936265,0.8771212871078307,0.13358281401144412,0.5082996558297009,0.5894363782131851,0.8011273207038326,0.16193495431311877,0.30518510441280855,0
0.7976104415039381,0.3398669089736298,0.6919344089560017,0.026380477309855377,0.6512288819086346,0.2795662965728217,0.1221192406216951,0.009423949664572051,0.3002067181183258,0.5915513382188021,1
0.3717648402507807,0.5658709163882526,0.8362175349064839,0.031346587250376534,0.34639433354277516,0.7034639538820511,0.5463929353674996,0.38433700750404964,0.1280527262126644,0.7440676721268625,1
0.730981713794469,0.008393720034726382,0.7460565542554392,0.6288352451829512,0.12785068641866892,0.3464092145728557,0.35124700473493,0.19533127244447357,0.33467480436455077,0.6587668000407658,0
0.21819612462454185,0.1757109226073289,0.3587970000365237,0.3114550736706744,0.5308349335148376,0.8402714393250384,0.8067019509669355,0.1230130212074757,0.999813132695638,0.738089642033987,1
0.41125612811795775,0.8916134111135035,0.8323069182270126,0.6319784684207908,0.12433160347418637,0.08654354020799149,0.4287402076955382,0.30902549111444966,0.22027831191714564,0.49547196839679497,0
0.21575142702862737,0.8960464946650853,0.669047210466112,0.6808561204707563,0.08382493192694274,0.0564059981255417,0.3498148902018289,0.820892440368276,0.5385169975206501,0.7712688801893145,0
0.2806212320857282,0.6733157022203873,0.20210022371733616,0.12466698460624404,0.08244592523012206,0.15420743078140342,0.6441176950891677,0.6163861240535943,0.9333362098737891,0.42069884137017455,0
0.33051433490886706,0.314491050111,0.3970171336629219,0.43973900221425577,0.13677145575835992,0.6930000900471421,0.4395844702521069,0.943951865647961,0.9448462676533824,0.03612965961461201,0
0.31372912202632786,0.8552627841996535,0.3957837039082289,0.3296301332516479,0.8612157126910301,0.29130944668293923,0.4203714898648455,0.8216098738600156,0.236573161225474,0.09934934054207889,1
0.02848530687502171,0.3868404980638461,0.8430312806753961,0.09938430426938416,0.04128787959501368,0.7165701068430308,0.6563278569650611,0.009782267479347406,0.24552863650169132,0.9769402325810681,1
0.5946943287489932,0.0889670061136838,0.8191522758759903,0.3989769003784156,0.19927008968034365,0.8950221021609956,0.8365196618453794,0.7346766949581246,0.24045149087536866,0.620119769242111,1
0.30792081299232343,0.8697532653721047,0.029655031889501027,0.46420571689107715,0.29225111590746,0.33692546795959777,0.6754630115874597,0.8974249136961742,0.45072886897688214,0.48865171126184914,0
0.7914383288199407,0.8678167991360803,0.5014262885597893,0.09709149153065144,0.24448553622245717,0.7577682299541029,0.8856510472810825,0.221691041137009,0.7852626215785664,0.8888796287940841,1
0.37974543425339635,0.8747607324702631,0.4532143175574155,0.05835649510353147,0.8272902735047685,0.86636438471495,0.02322824639442267,0.7190688475110139,0.38179182579877413,0.42675687405922214,1
0.42653728337495156,0.9485718387905733,0.42086117351723207,0.6162818253767257,0.37245223929093385,0.8595140564991873,0.7352486715405046,0.13594506968179032,0.7632439283873235,0.25464050096610524,0
0.7525584909158476,0.2599953800104139,0.5688047069009513,0.5203862136865673,0.5147972765847121,0.2103501433011351,0.5830675273207917,0.7719635098261841,0.05008409922661927,0.0053457087417407845,0
0.21673097112151052,0.8873873021557944,0.12175253475022918,0.21552403055820168,0.6770025386044797,0.63140462816458,0.14509566483464154,0.08122362618435175,0.09508999069000279,0.592413697955766,0
0.1285754076862634,0.41331535825484933,0.0027275539735459597,0.8476626614088765,0.9550981601626236,0.4653565342502407,0.36203962159603764,0.4209830965434572,0.007964254189626763,0.511416390776525,0
0.13116742153624394,0.5971015452047933,0.08650778482698918,0.1286961859920952,0.5183310852547962,0.22484569376748254,0.510365762616352,0.9069789185821697,0.9870337831513093,0.4037033309959116,0
0.8457498000136756,0.767753070621571,0.46089029983334806,0.28964363462744047,0.24597709712178184,0.23928942774352457,0.13762327069932911,0.971409527906042,0.7438322491117573,0.6763672675950827,0
0.6592390713832847,0.06260939011594469,0.8613667601248279,0.8781469622816122,0.32048808364044046,0.7534548482108521,0.4238586993965636,0.7739806274888034,0.11025049823055266,0.2144980475018815,0
0.1721551160142153,0.09300179681515608,0.738064706227938,0.9450588389875157,0.28732500315818077,0.23427346187988285,0.33374770003179,0.1878294810778316,0.2832506328988932,0.012375248324925536,0
0.3015224162170427,0.7449013985378539,0.4278942622232932,0.31530342477982254,0.7088602204095406,0.5388457785726335,0.11490036186040942,0.8473447627488638,0.8550118431003958,0.48842702968173457,1
0.5101035650320411,0.9394321329117438,0.9584035163452705,0.27949540184001853,0.039985916762544815,0.7789929386329743,0.05808408720745839,0.7695275102937549,0.3404415999821414,0.2079976149673941,0
0.6196591896016665,0.9197556780936583,0.6897331233701757,0.21914277632171764,0.49038786284031644,0.26648926953342134,0.4793193108185061,0.49195836542705174,0.22847254058661515,0.0867786717812794,1
0.2489046623082578,0.8639195250811296,0.08727256972723652,0.42393286055806456,0.7765354771817127,0.8270094610547553,0.13534091868160025,0.7303338849913174,0.9774705542203517,0.620772786023493,1
0.8766987653150872,0.8179935999127721,0.6317732039783751,0.8670099469744466,0.8919668987906298,0.2330964372605201,0.9789603827585015,0.44060008864819333,0.6801003701015784,0.45414645415486987,1
0.5854096894645703,0.902010605648187,0.7493469325606847,0.761915706932334,0.5197719945461309,0.986250949685381,0.05496939943810575,0.012242452933160841,0.6712672927760638,0.9145877009284703,0
0.11335347532860196,0.8827706164540979,0.19809732353301446,0.7298917839000368,0.13520963352572457,0.9595767402292575,0.05297921755287904,0.07973455387586259,0.010764788367917388,0.3973814278436263,0
0.508774711122224,0.5082112587867758,0.7161451794651331,0.6424946980341689,0.46700295452738527,0.5491075255870203,0.9880436309021778,0.34965627531374277,0.500570368958454,0.7045400941768645,1
0.8737988740115763,0.08660393549579459,0.9173817631746343,0.6016161430077057,0.2937086181099451,0.06703638767679188,0.8675284356782985,0.05416085519657554,0.3755742578872002,0.7084740318946211,0
0.8603033695317496,0.962743184385736,0.7227034105451492,0.7358956106888509,0.20421968361925413,0.1328966078305609,0.49317369364656305,0.5167454329293908,0.397709052208678,0.5202244360494838,0
0.2289766012674911,0.9420660166834747,0.9393195868302234,0.3309590299462567,0.6414767520749028,0.9960385564692232,0.8782307678226626,0.9158628295347866,0.26152708451287743,0.09664014184907999,1
0.2229552136063695,0.33730896694795387,0.839155171534805,0.28223272860191007,0.37356245127608456,0.43724269459429654,0.24870829814670636,0.989506465423418,0.7531316695341134,0.41758126663328465,1
0.1645868402359426,0.7184997393979713,0.4778534401486615,0.301023466682229,0.3173392802924504,0.5215083059438513,0.4241588677670498,0.4442205235245148,0.06985981124250229,0.6947538908649252,0
0.3352715097369351,0.6310215318267485,0.4040265958802264,0.0682452469542969,0.2807440885995188,0.22667977204280432,0.8507464835084438,0.3444481919783118,0.1973783070929599,0.6651415222595057,0
0.58604440624433,0.8661511269410782,0.24502529188886601,0.9297595550595728,0.17825227134036303,0.9847810261864327,0.050523258983239616,0.5198035371747801,0.3317711843325033,0.9226232397745926,0
0.03201241206321981,0.4044532009690379,0.25152842837068634,0.8844538349185065,0.7982194087722987,0.7228351924438032,0.2177291592778582,0.20455710067555732,0.817249876510343,0.1491035618731481,0
0.826375062715474,0.162449135221845,0.07485697984429829,0.4803250639413612,0.8823725243587157,0.6055429715928277,0.9270585973510118,0.8145881498880263,0.727182551828816,0.294327219781104,1
0.495729587170043,0.26756639437364005,0.7669526050491717,0.08090715638202939,0.3406526065869737,0.08689479457526517,0.480143724133286,0.3370849265498098,0.019785715133252335,0.9331731460268547,1
0.7265673200323118,0.2744416191189112,0.3894844637548148,0.0802948223227048,0.9003346966188096,0.6990956712057711,0.9738221290196624,0.31898648360419724,0.6103294521301598,0.392168962744623,1
0.901737620601252,0.4334902299856237,0.5074417251041172,0.16290886577883634,0.7701557272902112,0.8476505519016024,0.44170033567785616,0.37203530740959245,0.7507746849101485,0.4624898366371498,1
0.8542698375441847,0.6557317292076253,0.6050509496609227,0.08638903120647567,0.37968419284606547,0.7428775539865753,0.0010411267418992676,0.862668512404774,0.9805608130206009,0.6369336620815687,0
0.3060841212930796,0.18303853603046216,0.5057719349147444,0.8477072737382417,0.9489984899457835,7.79457345241319e-05,0.9693533406453458,0.21941387360121545,0.5450986064745386,0.5007116767550024,1
0.5640348814987893,0.7377869531274033,0.08767941339826357,0.7627966169666353,0.5405153141514316,0.5427982780749665,0.7325838269569513,0.832123855531424,0.6010524753565134,0.5112025848520211,0
0.1668650536096684,0.5529080395324347,0.9314781978924552,0.5012071167737872,0.025633779527040823,0.6850499004648359,0.47043751453644855,0.3721570593871708,0.9882945920369699,0.7925359196299242,1
0.3242974222776569,0.0042566551267302355,0.14331176326171224,0.7472429570057774,0.4185501209487731,0.20512340231288617,0.9110176973437508,0.11162462251260641,0.12896591536772195,0.17330436666318538,0
0.2385305813864944,0.7977511389065689,0.7309205663232046,0.003023390263282133,0.2812454613916632,0.9059645929574974,0.36986818885579453,0.7391128439222839,0.6442980054283756,0.23241426123712028,1
0.2532367593892825,0.43839311173908835,0.002440901111325444,0.9800493907588357,0.15222085122364826,0.6803583649306132,0.5023147319211698,0.4812854674592514,0.07026734993503925,0.04895673054820293,0
0.6289612834142468,0.6552426262761416,0.2392887890176234,0.6030032324637506,0.3891412512407372,0.47833703162554964,0.2446118120702917,0.8733733427288637,0.781429900146411,0.6396517993796011,0
0.8189368503508843,0.5539156683710846,0.21025108212009225,0.7197211891149524,0.3985575103909066,0.5808530285278232,0.5293207999292903,0.3454978876763999,0.12276033281975973,0.44741187401409144,0
