f1,f2,f3,target
6.394267984578837,0.25010755222666936,2.7502931836911926,False
2.2321073814882277,7.364712141640124,6.766994874229113,True
8.921795677048454,0.8693883262941615,4.2192181968527045,True
0.29797219438070344,2.1863797480360336,5.053552881033624,False
0.26535969683863625,1.988376506866485,6.498844377795232,False
5.449414806032166,2.204406220406967,5.892656838759088,False
8.094304566778266,0.06498759678061017,8.05819251832808,True
6.981393949882269,3.4025051651799187,1.5547949981178155,True
9.572130722067811,3.365945451126268,0.9274584338014791,True
0.9671637683346401,8.474943663474598,6.037260313668911,True
8.071282732743802,7.297317866938179,5.362280914547007,True
9.731157639793706,3.785343772083535,5.52040631273227,True
8.294046642529949,6.185197523642461,8.617069003107773,True
5.77352145256762,7.045718362149235,0.45824383655662215,True
2.2789827565154686,2.8938796360210715,0.797919769236275,False
2.327908863610302,1.0100142940972912,2.779736031100921,False
6.356844442644002,3.6483217897008426,3.701809671168826,True
2.095070307714877,2.669778220491134,9.36654587712494,False
6.480353852465935,6.091310056669882,1.7113864819809699,True
7.291267979503492,1.634024937619284,3.794554417576478,True
9.895233506365953,6.399997598540929,5.569497437746462,True
6.846142509898746,8.428519201898096,7.759999115462448,True
2.2904807196410437,0.3210024390403776,3.154530480590819,False
2.6774087597570273,2.109828435863265,9.429097143350544,False
8.763676264726689,3.146778807984779,6.5543866529488,True
3.9563190106066424,9.145475897405435,4.5885185258739885,True
2.6488016649805246,2.4662750769398345,5.613681341631508,False
2.6274160852293527,5.845859902235405,8.978228836024769,True
3.9940050514039727,2.1932075915728335,9.975376064951103,False
5.095262936764645,0.9090941217379389,0.4711637542473457,False
1.0964913035065915,6.2744604170309,7.920793643629641,False
4.22159966799684,0.6352770615195713,3.816192865065368,False
9.961213802400968,5.29114345099137,9.710783776136182,True
8.60779702234498,0.11481021942819636,7.207218193601946,True
6.817103690265748,5.369703304087952,2.668251899525428,True
6.40961798579808,1.1155217359587644,4.34765250669105,False
4.537237063292064,9.538159275210802,8.75852940378194,True
2.6338905075109076,5.005861130502983,1.7865188053013137,False
9.126278393448205,8.70518569836767,2.9844479144863287,True
6.389494948660052,6.089702114381723,1.528392685496348,True
7.625108000751513,5.393790301196257,7.7862647863055825,True
5.303536721951775,0.005718961279435053,3.241560570046731,False
0.19476742385832302,9.29098616264617,8.787218778231843,True
8.316655293611795,3.0751412540266143,0.5792516649418755,True
8.780095992040405,9.46949445297994,0.8565345206787878,True
4.8599046331661375,0.6921251846838361,7.606021652572315,False
7.658344293069877,1.283914644997628,4.752823780987313,True
5.4980359349494385,2.650566289400591,8.724330410852573,True
4.231379402008869,2.1179820544208203,5.392960887794583,False
7.299310690899762,2.0115106338969593,3.1171629130089498,True
9.951493566608946,6.498780576394535,4.381000839145041,True
5.175758410355906,1.2100419586826572,2.2469733703155734,False
3.380855621474553,5.883087184572333,2.30114732596577,True
2.2021738445155945,0.7099308600903254,6.311029572700989,False
2.289417838111544,9.054200130061279,8.596354002537465,True
0.7085734988865344,2.380046343689952,6.689777782962806,False
2.142368073704386,1.32311848725025,9.35514240580671,False
5.7104309332528445,4.726710263117941,7.846194242907534,True
8.074969977666434,1.904099143618777,0.9693081422882333,True
4.310511824063775,4.235786230199208,4.67024668036675,True
7.2907584945985064,6.7336454729330155,9.841652113659661,True
0.9841787115195888,4.026212821022687,3.3930260539496313,False
8.61672536352791,2.4865633392028563,1.902089084408115,True
4.4861354783313185,4.218816398344042,2.7854514466694047,True
2.498064478821005,9.232655992760128,4.43130745053457,True
8.613491047618306,5.503253124498481,0.5058832952488124,True
9.992824684127266,8.36027585079952,9.689962572847513,True
9.263669830081277,8.486957344143054,1.6631111060391401,True
4.856411254507185,2.1374729919918165,4.010402925494526,False
0.5863539997217893,3.789731189769161,9.85308843779726,False
2.6520305817215197,7.840706019485694,4.550083673391433,True
4.230074859901629,9.573176408596732,9.954226894927139,True
5.557683234056182,7.18408275296326,1.5479682527406413,True
2.9670782549456423,9.687093649691588,5.791802908162563,True
5.421952013742742,7.479755603790641,0.5716527290748308,True
5.841775944589712,5.028503829195135,8.527198920482853,True
1.5743272793948326,9.607789032744504,0.8011146524058688,True
1.858249609807232,5.950351064500277,6.752125536040902,False
2.352038950009312,1.1988661394712419,8.902873141294375,False
2.4621534778862486,5.945191535334412,6.193815103321031,True
4.192249153358725,5.836722892912247,5.227827155319589,True
9.347062577364273,2.042591994235364,7.161918007894148,True
2.38685952615846,3.957858467912545,6.716902229599713,False
2.999970797987622,3.1617719627185403,7.518644924144021,False
0.7254311449315731,4.5828552261858615,9.984544408544423,False
9.960964478550945,0.73260721099633,2.1315431226704042,True
2.6520041475040133,9.33259377993709,8.808641736864395,True
8.792702424845428,3.6952708873888396,1.5774683235723197,True
8.33744954639807,7.035399250873709,6.116777657259501,True
9.872330636315043,6.539763177107326,0.07823107152157949,True
8.171041351154617,2.9937875219997787,6.633887149660773,True
9.389300039271038,1.3429111439336772,1.154286704191022,True
1.0703597770941764,5.532236408848159,2.7234821231481634,False
6.048298270302239,7.176121871387979,2.0359731232745295,True
6.342379588850797,2.6398390163040943,4.885318521493765,True
9.053364910793233,8.461037132948555,0.9229846771273342,True
4.235757725637264,2.7668022397225167,0.035456890877823,False
7.711192230196271,6.3711337730137965,2.619552624343482,True
7.412309083479308,5.516804211263913,4.276869189806794,True
0.09669699608339966,0.7524386007376704,8.83106393300143,False
9.03928571559893,5.4559028920552235,8.345950198860168,True
5.82509566489794,1.4809378556748265,1.2744551928213876,False
3.082583499301337,8.9898148874259,7.9612230488804165,True
8.607025820009028,8.989246365264746,2.1007653833975404,True
2.4952973922292445,1.0279362167178563,7.801162418714426,False
8.84134701451009,4.063773898321168,6.206615101507128,True
1.5455333833220464,9.298810156936744,8.64605696219964,True
9.762060329309628,8.107717199403968,8.814162046633244,True
0.24786361898188725,7.365644717550821,3.3218546794642867,False
9.308158860483255,8.022351389371389,8.640640283752795,True
8.10749316574389,2.6680570959447203,7.873745091354712,True
1.0809562640295711,8.721667829060898,8.585932513377816,True
2.224337175456644,8.165866055969289,4.603032346789421,True
3.0519086733860057,7.953454991528618,2.2759548740777036,True
0.2366443470145152,1.9312978832770866,3.282619511977065,False
8.643529420302864,9.668891040483611,2.791249927218714,True
6.414817386076277,3.9967838436006087,9.811496871982602,True
5.362157324787219,9.392371403247157,1.1534175185142759,True
9.704006110222279,1.7856781617246364,9.625343157615555,True
2.654663625229686,1.084025472147111,4.345637585646443,False
7.285450606527043,3.136773141949912,6.0620885330614325,True
5.114230596694781,3.8519543334472717,5.765880434965995,True
2.547225061385819,7.087852838341706,0.01691278218629466,True
9.255751654990828,5.384519970927919,7.194299991448455,True
7.419500778394765,6.706285044329995,3.642214717812642,True
0.6997381112631018,6.642376849112724,3.3020003604259642,False
3.139156450583597,8.480152795063354,7.197542630139502,True
3.003222682112642,3.0928466220865323,4.083929086192168,False
4.024003870577246,2.9565520252594704,1.2728779905915322,False
4.2044633377290825,9.40363670730183,6.773179452727329,True
9.028055457325827,6.1551491595138055,3.0094987456556535,True
5.479372131356982,0.004059396972875273,2.8691371686892717,False
4.2988814998983464,5.79984781195682,6.547056237030716,True
4.649881902470142,4.421597993048074,2.137014009891003,True
4.731861859093263,9.011808258282542,7.9602476012678025,True
1.6969139619805473,0.8479553672512175,5.1545200991521645,False
6.329408557657957,3.351882554098009,8.184234645366642,True
7.511381375407322,6.72795670557167,2.246406659972883,True
1.9912993272657664,0.24425387726826342,2.4484254407835015,False
4.751363442188051,8.49737694624732,0.728282291845691,True
4.144410109977193,6.297653807377137,1.944352367397093,True
6.96354250490505,4.943771690104369,2.4398443957843883,True
6.560580111117841,0.055448181380317596,7.509644766184729,False
7.700461885740251,1.0658729656353894,4.251461939427341,True
1.7588668170653166,9.579660422795397,5.179577504437408,True
0.5021838514064092,2.4919827965997166,8.483363473516597,False
4.564618254701726,8.014166017222644,6.675777325863531,True
9.87892453066448,5.954523184694197,9.500396084431559,True
8.91425925810437,6.1265232276176285,7.192739612759671,True
5.04778164824402,8.30569169721415,5.478719506108284,True
8.972081032332621,7.436554421595849,4.746744368230534,True
2.5919154846501935,2.4723973750965955,6.3766143677615625,False
7.658136842971654,5.212998128279821,6.267484369817813,True
2.745974469175383,0.7748335386473582,2.857281508631525,False
2.717151070821846,3.197095684187623,5.401522225184564,False
1.3837406151615572,2.312614797281868,6.939498122990523,False
7.064191416945523,0.6422885071387807,4.075993696665867,False
5.426111405039153,4.157742341031559,2.0683438951441024,True
4.201435177734256,9.048384783401769,5.840794142042252,True
6.955229864979681,8.567320323039343,7.6559457611806945,True
3.8038102892771164,0.058960835839930725,3.517588026718247,False
7.5347512505938585,8.534479505691046,9.534303384701063,True
4.190212826298218,7.4751566897805075,5.461323097338391,True
6.032525889412414,2.2053869432381887,2.1942163462143616,True
4.3583597604663655,0.2902481994671524,3.3612954369838244,False
6.791418850283497,4.043166691376371,1.6504473120350882,True
4.673901492323101,1.276277972811607,6.222569609740647,False
0.2696645190513769,3.9402025633970474,5.643919830247741,False
0.27102046340312436,6.427496480093358,1.3569948723056424,False
4.616984440515117,0.5028463348862755,3.7910386418813955,False
2.1166028421148155,3.2684580488130854,7.612297078940271,False
3.7912621556413626,7.520098235547849,8.319242851552726,True
2.522715317823806,0.8190623276164255,0.1938328705001069,False
5.394190479225337,9.999078285092093,3.499603437201839,True
6.50144093249875,7.812330496108949,6.517546552438894,True
7.542332040595262,9.496117327159888,1.993606823625329,True
0.20380017320332344,1.5238234578479037,1.2622097487420625,False
6.6945884461991065,5.639695819300191,2.1796454090650363,True
6.994649712461508,7.668980983562408,1.6778914336780226,True
6.072474938909317,7.479256519552858,1.1453287137889767,True
8.193011743110851,9.647207730340877,1.0809874965760657,True
0.2567842549746602,3.119572443946952,6.773472868504088,False
9.581728382058959,3.966544415166273,7.1501470504946845,True
0.7599647784305996,6.906144159329804,6.272423956010444,False
1.0190130544597653,7.7248088495122404,8.502932390887963,True
6.004116148168441,1.2105506506731512,9.838443515146713,False
7.826353463610197,3.47203765308449,4.283780132347444,True
3.7057087621805618,5.059607896770779,3.412311748612832,True
8.495756269995773,8.22330918090058,1.0553887064399858,True
9.607875672145786,6.355851061014459,8.287073110024583,True
7.07308643706077,4.354871450076771,7.337953040133919,True
9.654737312380776,2.7008239638740084,8.08199218806756,True
5.381729064482558,4.834975038831962,4.355744930038943,True
7.310262143051222,2.6839553804922534,8.517131600193318,True
8.307310188906033,0.866628980556744,8.81631184002772,True
2.43863439190956,4.647084666032317,6.103317042305206,False
3.7898930412826406,0.2869999777008958,8.509528363124591,False
1.818398571576918,2.12119850179739,7.978323568280965,False
3.4033884316428367,8.803199797582254,7.011837503322016,True
2.762685757561849,0.10151114438677111,9.480625777770312,False
0.8561296195802126,7.200746641041943,4.885778468487874,True
7.581646534824664,6.9060933944652305,6.459028997409523,True
4.908213350785862,7.929328681323175,0.9305335055467168,True
2.2159640047253015,6.917871552952018,3.062060301300884,True
5.815555853323672,4.732604887595247,5.309219311457678,True
4.255038127052147,7.459354367136096,3.3079129719593015,True
7.028549421857689,2.7091642697619633,2.514036762009415,True
1.2065588475230582,1.925842934515174,1.1955474125505283,False
5.358639653837498,7.62189609484103,1.8514984243766197,True
2.163846398786057,4.841985872127087,7.245850010930516,False
9.766070228830568,5.2463686910860785,2.82998703274955,True
1.0052610809079077,1.9411757809107344,2.274831634825547,False
1.7944154368540333,0.14148367256063832,5.341350892676633,False
2.743113267832673,9.74294931102738,5.533589667986083,True
6.974173929101944,1.262794929584089,8.68461197262944,True
4.908786945237789,8.727197349985346,5.740642196263322,True
4.6939694493051025,4.4046879813601025,1.8436367039008172,True
0.5137671718357784,9.410635967681033,4.7772918726568765,True
8.221156452994304,4.0070744225193975,0.7408217025563979,True
6.294457069519983,0.5360907429253314,1.4919758447365516,False
5.628395970845642,3.0383551184222766,9.939181227102202,True
1.1845156221146158,7.644434453261942,6.063176512429628,True
7.907408298434194,2.2568713706503463,5.225725351302178,True
4.505144648887542,4.427210040193284,8.6016666582618,True
9.90031260466798,3.0538024431936037,6.2102732107214855,True
6.096309122451303,7.40089305484545,9.475902003253779,True
2.0778790582355136,2.11025195305393,6.604281371920367,False
1.5705709338087714,1.7381354832643447,0.7506486890116792,False
0.026757226028857328,4.505037046177024,5.938111951195633,False
2.9125928903102762,2.3147623455602586,7.069558298790333,False
7.029875580937172,4.5403132640704325,6.873849200712428,True
9.239110444825487,7.878280266467313,6.250580071642219,True
6.611830428533678,9.336684584455133,4.251389661042117,True
5.445623787105786,6.476347234024807,9.08411445212606,True
8.266311596500596,0.7140983685581415,1.6592278922072468,True
3.076118126142325,7.489577220696233,5.692070493190924,True
2.886105883058417,1.2435365817470823,6.886779912120938,False
6.997336849757173,9.426762407440407,5.0047217711792555,True
4.937952193450843,0.8044185189930098,0.3986078418361305,False
4.3202866416077255,3.2232158335829997,2.5036790241200393,False
0.913268866309852,9.619111021928367,8.359586139061813,True
5.7519910921993045,9.507862778063524,9.995724168774514,True
6.722815843032393,2.695110259670539,0.40231673144616176,True
7.562688304125571,4.705008232516335,6.515094894336864,True
9.160727879267675,1.8148914722312592,5.853296252778543,True
6.3478471945408685,4.917258021910134,0.9124240629382718,True
3.4796105629465046,3.33308393665092,6.701335095211855,False
8.577330944003526,3.298036635789654,6.936736739834325,True
2.8821779536145575,9.451935395632105,8.135660347379726,True
5.50096608971783,4.5482590860172945,3.1451715717016793,True
3.232737862759947,9.701847268085771,4.041750570007457,True
5.145962523291051,9.881192147817542,6.57660386483129,True
5.42593594357195,4.1324757079932155,1.8758254139452712,True
3.6177935915167527,7.564431540555737,6.254087421450089,True
7.59990536061017,2.0355823835027387,5.492196390853317,True
9.276727608444478,4.381160950723783,6.982500291221722,True
1.2142608336261984,9.731468158216943,6.088716670819649,True
2.392974623276504,1.583781638052324,5.5083900700266994,False
5.522514090537331,0.9320920128152255,9.922571393952197,False
9.12929878484168,4.614478941787834,1.1746614908955755,True
8.321431737689013,4.983755047071953,7.166033259917911,True
5.088720150695117,2.734248967132742,8.347239455766944,False
9.802446326033754,2.4373090607513834,5.512650768804697,True
3.835860132471499,9.218681499315618,5.08240891592894,True
8.79326255146476,8.640269344285882,2.7624740282204097,True
7.9000618200311346,4.149424235513451,9.3424839368252,True
5.077376758096564,8.205494731855783,2.8283898328282664,True
2.9855584977176717,5.869377224141611,9.989023332293387,True
4.89640346655701,1.4859541838278911,5.385805777038737,False
3.4512394169300755,5.51917417070811,5.43430062958673,True
4.553446168665011,3.217773502290374,1.8865237370710541,False
6.9749842762057135,5.717976419849011,2.335624460578931,True
7.755444750992588,0.43647299097301917,7.4470515156519586,True
7.052278810250026,8.114089025648768,3.8607875249098234,True
6.636888294845347,8.207475517095551,9.80818138659785,True
4.953286496164235,0.37019611345576187,5.022911501329659,False
5.901804293095671,8.697003133622154,8.741903740543084,True
4.403062097706771,5.259510868075614,4.569280744742422,True
7.224438275706426,4.099786197463644,6.5478132642773375,True
1.5436121877154885,4.694906009847319,9.692036305742173,False
3.385612340514317,6.927045985868821,6.498366525792726,True
8.517652923506914,8.52341336565893,8.593421841682666,True
3.8000939752265506,3.1666115393339966,7.18717425222983,False
7.594018093343636,8.723830173985363,0.35899099837686577,True
0.6842074718155144,6.311610168546405,9.209290987802968,False
9.974259229562154,7.46766366737927,4.339714719231257,True
0.9844312638319797,6.337478287807913,8.725792326070907,False
4.436785516617058,6.940011627932345,9.03424062050486,True
0.4599096867721275,7.961434651622118,2.933677759652088,True
3.748410897753148,1.4556979569939843,5.3116631814876,False
5.659280619159368,7.925194738809532,1.6998364906809738,True
0.7896835065999463,8.708395986448549,6.197103685374153,True
2.4082979185631306,9.128290160235547,1.4311772012850965,True
4.611499133549976,2.539773394135423,2.5532670815915406,False
0.09397431454871041,8.046330769751464,9.01209423598883,True
6.776108856990795,1.5797562207178695,4.417297836038144,True
3.455656244430817,5.875717051264214,6.389387023600122,True
4.243089384608977,2.5009822440770124,8.453039251425986,False
1.9921699910889235,3.8469324896734545,4.832080610592161,False
2.372057019275746,5.719226923507389,5.748119301786451,True
9.926920436268976,2.9523075388326934,9.779444845768626,True
6.582298159286807,2.744803801782277,5.659290169556989,True
6.857994927340121,7.446688411653252,0.4904425077599994,True
6.064064930764745,4.967272865238703,9.041552908937254,True
2.861941514591945,7.988601195075987,6.07064998164266,True
3.523209558353165,6.3661787800589185,6.2089116313030415,True
6.777644586233595,7.20928376670709,6.591815403167537,True
8.383371169625166,6.282481036868983,9.034037040729679,True
6.463406088905228,3.0893288395263605,4.408231901628116,True
5.795738053684028,7.323597679392383,0.9013337574621894,True
2.9511045162915526,7.474808649383715,1.7564007044430663,True
1.3215979774678355,5.39407758984421,9.714895812113399,False
5.30852373702785,9.13486974481697,8.304726195673974,True
2.569700845632623,8.246898125424073,4.818478298737412,True
8.064884937937665,7.465593507170451,3.3871525380188627,True
1.151697074497594,9.628932928688776,1.4075701500588267,True
9.665002094627521,8.601405968988217,7.242167120755182,True
9.799422427819035,9.672697473000323,8.04587644020562,True
3.657750494055664,7.906819685889374,0.13918655100901178,True
5.365723082690591,4.547860277338747,6.728283818737536,True
6.723407973510131,5.8456009165216605,8.224173012267743,True
9.402918917795542,1.0834610219923069,2.3382190221158314,True
0.2502464964648232,8.842348452148522,5.6140738224987885,True
9.152559087431595,2.2136720007399004,0.6321704116019544,True
8.238553513904476,9.093876384278921,3.021901745292502,True
4.082958557954127,1.3977701250722108,9.462615328819462,False
3.043645843560052,4.926246189782058,0.971919986218216,False
8.872593085285024,1.3566404870633653,4.536437568888926,True
6.704862188501712,7.431401215231715,9.459740857794321,True
4.1912675341472285,7.422690147653158,1.5452290240983502,True
4.148845274368069,0.9902163471052849,4.893470377896145,False
4.081158856977005,9.515215253810595,0.32716286855046905,True
3.7052995873443537,4.433830860607016,9.50555169851427,True
8.554501933059546,0.9935462460613032,6.856802654812854,True
5.444658614821449,9.778425294520467,3.5867384121231796,True
3.981396427443731,1.8980856216107955,1.2215971908726375,False
8.48033188463681,4.547173685705172,6.62768738061978,True
6.417044672332176,5.9714595951954506,0.2135745473637063,True
7.8679459045461675,2.4356889716402366,1.2592388530804288,True
5.645779759079633,0.686101528243559,7.651573758885845,False
2.071573703466585,2.1595135191867474,8.696954267695446,False
3.2855955343223044,1.475541799414437,9.005310356317581,False
0.028355514800163517,8.584061263801763,1.44687980320508,True
1.299921314434368,2.5065419672812386,1.7449712090139347,False
6.610576425973168,0.2578014978619836,0.14860327230708847,False
7.899846642347539,2.3793160609046304,3.2377146196202244,True
1.742462014061772,0.5239901786117651,7.417180569541495,False
5.260855265978671,7.456652750339957,4.762459654232503,True
7.780170393142027,5.132379576091917,1.0905401000384551,True
5.038386897858214,9.454156429701063,0.43365036899171705,True
7.832269959803796,8.669809077598384,5.214512147130841,True
4.580425220976821,9.640261831220286,0.6082540749450582,True
4.7898191099836325,4.016172545125604,6.860974960622327,True
4.902688541442252,9.097008291152292,0.734907157664505,True
0.8079047741079193,6.082974236334399,0.6568223332011391,False
2.7501599955795317,6.330767243010155,5.483564340483605,True
3.251854433186679,9.946277558609236,5.305568374313245,True
4.537154175754717,6.054267915353129,0.9917846167904198,True
7.017794185460662,8.52792737295575,6.5091666488130535,True
7.689627301047386,7.208399166575992,2.150230663274969,True
4.5155491596528154,2.284935743645844,3.389316188351752,False
4.534989029074473,4.159896502614952,0.9508583927563086,True
4.26764006260958,6.651078630603089,3.7430102343553684,True
1.5263892476872376,9.229850357343844,0.6713330813664775,True
8.317718884748546,0.932301017036774,0.9656443256578562,True
7.387959984887157,8.117692852773924,5.563707356153501,True
5.86465082739477,5.615864139920724,3.2964598141620503,True
1.222312853545593,3.5359807963376766,6.653405200029154,False
7.502842502514783,8.68092148869065,7.2106067874614945,True
9.683986253114744,6.00410091224677,3.51646185693149,True
5.779185183898549,2.127388056720061,6.5673630298815215,False
2.242448691075656,1.0821838192726663,8.45373418601345,False
3.6756105061535016,7.626056319368497,5.741000043314627,True
8.072213711523444,8.45155161328358,9.745466021257082,True
8.184268595406696,6.135732805354648,6.426991638298314,True
0.262538314535834,9.290842909949363,8.29460789959663,True
2.6744772515411066,1.804160719608544,7.026987728656047,False
3.0898468882991015,3.398246567772584,0.0610578940365869,False
8.69862706536438,5.663210947613763,4.007843439995156,True
1.4187465415126865,6.331720126555139,0.3065709838090591,False
7.461117620057067,2.1513288003351096,4.198324937645031,True
3.4089598176933276,3.700530924770039,7.215959677426732,False
7.76835619966741,5.6759355661439725,0.8495703997717929,True
0.5260882642552178,1.5740989710715314,6.178381819260306,False
6.7396871061311305,2.7210284354621894,6.619386928082612,True
4.856617048909962,4.420441866977791,2.7316684436476946,True
7.549431436683706,1.1381750811020175,4.299136333978904,True
2.8324647008044934,6.78486254760133,4.866327533642508,True
6.671325587363496,0.45417362604427525,3.9526339608762893,False
5.9932495694445045,0.07687085899882873,3.0141936201843675,False
2.112339792203123,1.37234805257327,2.555195040214593,False
3.281223559378411,0.0772990656931194,7.470141234297678,False
1.756948018758423,3.8020744571523624,7.036712633826636,False
5.002623465562132,8.333542024198783,8.06200186566764,True
0.7207549659215784,8.617643620225886,0.42302261562791377,True
0.18741536585645702,9.211624345024124,8.621100136120663,True
5.757591607368311,5.73399680885843,7.094989615689342,True
4.176939598434806,1.1517337266379823,0.2085655902474881,False
3.247681794455138,8.013221543104521,6.181252633042402,True
8.320259130717071,9.197697517413847,0.8812988129788468,True
8.444843598146969,2.4331647482273366,5.888712883029119,True
5.239625430006316,3.9576669685933297,3.1027456183586133,True
3.395132811484639,3.33068622493132,1.6813270804568659,False
5.104832845421483,1.1402663983855255,5.099520623229719,False
9.059227315800504,3.493752654723803,7.273791056739043,True
8.18948601524852,8.150370057500142,2.362688489467243,True
1.4644421827769438,1.9727180282398327,6.023989852731658,False
7.60215295546892,6.555090105187391,1.7714612894722914,True
7.728480892475602,4.941170250173887,7.544458252469858,True
7.598771496077484,4.48905256995063,9.241542583856594,True
5.644917834027993,6.352983190605935,6.245217794418948,True
8.642468748314162,6.2721740689977175,1.509574013930769,True
0.6828625849575609,4.422080638362848,3.028204351390129,False
2.746736674861592,0.5617212021307805,5.073368852897781,False
3.104078506063109,4.519138637006822,0.5689005083395238,False
8.316966316631214,0.7673100117345499,8.642500339252392,True
8.552933714560902,6.150083884155736,5.070678173339552,True
4.627116589272723,5.54316371338304,7.918177972653585,True
8.958767655568026,4.497337036509062,8.098159176979712,True
6.518374546486099,3.2152676288042836,4.756290279430695,True
1.5086107669563853,0.6187370010110071,1.0350187727039162,False
8.991268339557735,3.4343777583826762,7.1431554916746265,True
5.045490015009574,1.7255891143636493,2.4774372359828423,False
4.377582743092329,4.394217917626243,5.227480352655456,True
1.5874620798154138,3.728519821013271,2.8289357861441786,False
4.087693972473203,3.3836714684141955,5.978858623829895,False
7.892269315636647,6.473053569693069,0.6591185427971746,True
0.9450594751509434,6.78379344840081,2.841469738781137,False
7.237336550024618,6.565640864104779,9.063426971636773,True
8.732796620605388,3.3336203606055657,5.827395145864196,True
1.4142838058431784,3.4982078753584425,9.676965076927447,False
6.984799628118809,3.9195798433536035,5.950412281515748,True
9.380021995657607,3.095818874159609,3.7667930605630016,True
7.916619578635435,8.13184783814801,6.701163999947225,True
8.289589728944645,7.387746721294828,6.854144402775763,True
5.26393339734174,6.460248207334879,4.234063663221037,True
3.618280963467846,3.625976689820444,1.8026292287684464,False
2.1419266120890033,9.476682675343469,4.8627092087272725,True
2.2654304653388726,1.375653531770793,0.7716508430087632,False
8.444283886858834,1.0114076366789415,7.70874720363101,True
8.351198266345559,8.836821654925616,0.3774749235756125,True
3.3676437196428157,7.663076044472415,1.3104904142950802,True
3.767198708225247,1.622472120884505,8.313450566891255,False
7.710978137309884,8.090437196393012,1.655391657440587,True
4.376734051383467,4.108586114965335,6.763629221885329,True
2.3753020144692503,4.441987098052756,2.8492793256335824,False
7.485365180954363,4.489279630333404,5.340111496982612,True
3.094678965627896,8.086238710907864,4.690156050322527,True
8.351133927257074,3.678409582250328,9.47130170244123,True
9.844397935315772,4.616799784409892,2.8177173270377542,True
3.818724341907105,5.274597884614827,9.662681532059473,True
8.1689123958124,8.012592241515476,1.3839853460343121,True
2.500032115890071,6.411790362044472,8.74116945052237,True
5.545407454244312,1.0258973174840935,8.458922767334386,False
8.511660480847787,2.8506301405932843,7.631168302916908,True
2.727912995913566,9.053062089782411,1.473486559916043,True
4.374725601949808,9.464132630117607,2.2203800690698063,True
4.5112799022070895,3.495850781386489,0.2667019080293853,True
0.5325688717107446,5.020071146932354,2.357780738634326,False
9.945253512382912,3.7491267341776755,0.2818754552815006,True
9.308259047499531,8.391762876116056,6.499606842941816,True
7.91380637482176,1.3759958772587166,2.8687939731326817,True
8.297615831528226,6.960719885759836,1.387926918181862,True
7.055361752890804,4.4860147398224655,0.05251198305617932,True
0.7922577127072128,2.559239284370447,8.34963099282381,False
5.488042454438355,7.272347853249318,5.277715058867242,True
1.1118686032423841,2.881015780392305,3.0115119458621997,False
0.47749446618851277,4.1982554375344305,7.938991086394381,False
4.571136166364487,1.10857895290015,9.051468856619985,False
5.96739042818947,0.16435352205894427,5.153757302094061,False
2.419381344209933,1.4357684024626005,4.292388931033337,False
6.148095827759507,2.405642388065435,4.165675952085398,True
6.643713017420091,0.8561395498726176,9.746544909522218,False
0.6767932290884604,5.260594453221705,5.0732769657978665,False
9.883314855964674,5.541519524181955,3.904537325600641,True
4.70135078158486,6.3567079146863,9.810394225515603,True
2.5365026106921276,0.16242231108947625,7.885200162795153,False
3.448024931633913,7.329410214506416,6.282569624756564,True
7.715013741098591,7.351869848123113,3.325186083719849,True
0.44335688295208175,5.460137452076915,8.135088655560882,False
1.7508912705170843,7.791425934782815,4.646228997470377,True
6.95389251996064,6.317358477583378,8.114976818476064,True
0.6310053703222462,7.761903997034217,4.576795774473532,True
2.9344257117503125,0.43806275659123095,1.9946983371518834,False
0.41905941930381996,9.333709799503973,5.153835892544988,True
9.891227022961234,5.430306976541859,2.533137652026174,True
7.532909188188649,1.911034307339109,3.569741760353634,True
7.8084156697842495,8.657982770780576,3.3192468638134454,True
1.244750082443834,3.68019174314673,8.894865170122815,False
7.433077055196212,8.946374949550533,3.8664476826069216,True
9.73723584315309,4.962032265370226,4.975233924936273,True
9.243104666269636,5.1927585353494194,8.011480874017739,True
7.270813243426357,0.7892700605546787,6.024532988302273,True
8.223412795398866,5.454743973446369,3.21211428214594,True
0.8006891107499525,6.609192214581366,3.0649585609075247,False
6.026216277305998,4.261160728830454,6.897648084454863,True
3.5154698377199214,0.42355162850129524,8.70037175056392,False
3.525593103084823,9.98150597773049,2.745553600748576,True
9.800272791942792,9.479043786030863,0.7504116498815927,True
6.375125378832983,3.6331113065098233,8.0109597556217,True
6.794106078146899,9.527893962796078,1.4277946836254973,True
6.075729033208553,7.813119697434665,0.34798965798542025,True
0.6723336306210881,7.785153735068654,3.6632847310714856,True
3.8285440168877773,5.672446417241195,6.050948288547855,True
6.790620569133949,9.488235292655565,3.720133784706837,True
7.630844717985795,5.739217783338956,5.294598815362896,True
3.9803404595244993,6.495607367060315,2.4961165309339792,True
1.1344861258501804,7.356748594794277,4.990439602564668,True
3.869873800392635,5.616727107596471,2.617766765874958,True
2.6028977113990335,4.462731124056162,9.963651121547608,False
2.85576877698158,9.164789095418813,4.912001952542241,True
1.2263742190397087,8.528262903843228,4.520426852453974,True
8.986790307862304,4.4511119274245505,0.8779074110473106,True
6.819292602506372,8.455212189746995,3.195877720999701,True
3.4742529473856454,0.6493907831607115,5.421713612255623,False
8.913316823538889,8.51362050753126,7.118091040072127,True
9.273244567231778,6.377000225640162,7.936963838450027,True
5.087557451743008,1.2136245507845689,2.0098037117768577,False
1.3887687203836574,7.903730608077492,0.2628402680826569,True
5.540214372595951,3.689111655012207,8.036617262885864,True
5.516469339264275,6.119483626205209,0.8621548165193271,True
3.092907175284622,9.995950439343869,7.188696598907195,True
5.256956548303001,7.6916455037469795,8.233393995083906,True
0.7375071291123902,9.72379731513766,6.423385893863813,True
4.499744956629961,6.801089906495809,3.4451478070269967,True
8.779601516504117,7.802629288383084,6.39793929366663,True
1.8196313655213736,9.662646139341067,4.3261828648197485,True
9.107122709468873,0.5541285001777707,1.241611206390122,True
1.5301546681020062,1.6465707989012413,3.226607511545556,False
7.093321325292459,3.4602308234187307,9.409040549315348,True
8.949259168211244,8.459337061558657,2.5060530898199906,True
6.350570913877459,5.508414154831397,1.251702951269027,True
3.028246061088761,5.334780297683805,5.0257314474126265,True
1.6863590174770682,9.416069878685958,1.5419426687956317,True
6.587328733837543,7.20632768437273,6.051389078618554,True
8.42530004113389,5.636180344312958,8.25236267326632,True
0.28373487898877614,0.45461803291341973,6.414537338243601,False
5.7677123147737905,6.511299774855999,7.669590009163111,True
4.1658678366324615,6.389911922088705,4.98038060136116,True
6.271640102980843,2.896716568016058,9.56650169954405,True
4.829448181754195,8.04688154215733,6.849908411956767,True
2.9743387142974234,0.7297302550534579,0.5991303293466899,False
4.39605499920411,4.842511301073592,2.040230135633987,True
6.066602628206363,3.1258249924693304,7.183628851124375,True
7.341997548045468,8.607773657543254,9.753741279148802,True
1.3076615155238647,3.705401980502913,5.616512157483692,False
3.1911588640315722,4.664725670406364,2.674716744541824,False
2.479188825255456,0.9681165256057145,2.902120049699015,False
3.8414983350160603,6.153774441639687,2.4827028038118657,True
8.653075017207177,1.5969966213016096,3.2743582080119493,True
5.776870378935964,3.1271492086227304,7.631213751386285,True
4.982655420599088,5.147248392314845,4.987597083976541,True
3.085404820544293,0.23176298216351032,9.452328040692372,False
5.0544446302377155,9.666866305524755,2.151444225262411,True
3.5289508885635534,0.5054040462789189,4.948942035251763,False
8.82339476368201,6.542600368896171,4.705868533681957,True
5.36690749288927,8.471723653934678,4.309277693475405,True
8.824557309185929,7.275080633593919,7.638567641619895,True
3.6593735251756296,4.005816210147566,5.702816438810293,False
1.9465530188771907,5.532229266211517,0.7353174974284182,False
5.042555291232047,7.644041147072396,2.79720677623982,True
9.890907006207225,6.803986401188608,1.1881101972358954,True
9.75082815413784,3.9390371272860714,7.948972283809458,True
3.390852999525653,9.389485669553753,7.549651722927939,True
1.9905788155244997,5.091225162251821,5.000779035706438,False
0.4530335246707473,1.370363735675204,3.330407053527672,False
4.7374415039519,4.56988559282874,6.062605224038041,True
5.1550573214725395,3.2796584763652623,6.13068121064678,True
1.625020458769394,9.9061573756114,7.393193605736041,True
2.992343425283183,3.3637345215167835,8.28289385957376,False
5.323398298758764,7.087398064354379,2.9979056473741372,True
8.157488332438241,3.683578098657696,6.738063924730166,True
9.798980311791619,5.837021418487863,7.9675481393014715,True
7.253242125518553,6.880436512027717,0.26647154963833186,True
4.745902140850605,9.670706961720509,7.829039914314214,True
7.761620251720721,5.776343958641829,7.214001122963067,True
5.8352327704763995,1.7051206174665934,6.290252411453636,False
6.197358055010894,8.411671249582643,1.4777570830033182,True
6.8072689505067885,0.3157051334209937,9.482051707843013,False
1.0989552133369684,0.18937367506612568,3.136924834458552,False
1.5143125811934544,6.905002609185255,4.103774093227051,True
7.74972301807091,9.205209498972106,8.728177089123204,True
7.358372712686814,0.6228128601443195,1.380824857852102,False
2.073417049712447,3.250495344260548,6.62226799714349,False
5.254771514000353,3.1375259873781713,1.7318242385732774,True
9.121241609240103,3.4232701768184617,3.542869886448128,True
7.719897841487407,7.209245613272927,6.433090999994615,True
6.933133100298209,6.100765800787515,1.922641691367134,True
2.465191355273604,5.580866508074042,2.248670379928167,True
9.72910627590569,2.9761456527690786,2.890041374035249,True
2.0727779485464026,7.049882597401967,3.1704074501844803,True
3.4880317420130655,9.337003747708007,7.954053560023335,True
2.7345753675542306,1.2187410573271507,6.766222457825457,False
3.796941853743825,9.801605373213622,8.183774601305624,True
9.546088633914614,8.046158339565704,2.9045265199293557,True
2.876303416141399,7.141412874983954,3.463635140956165,True
4.423761118648354,2.5644397547348206,4.790792630164832,False
2.020680072005965,5.385779237086528,9.330239337833078,False
6.961713006468226,1.3727295480092294,6.156770344144923,True
5.868304985708152,2.424580384102868,6.698339648931039,True
5.310414897327992,6.379445734086376,0.5249110683946279,True
4.133013660482586,7.173580562502436,1.005449047773479,True
7.707660580982791,0.051814464071300304,5.503525657796167,False
9.290996801699778,4.069074515468834,9.350320985961515,True
8.783996215142283,4.774485204408965,1.9945597466760168,True
9.639140388909357,3.211677021191667,6.458979178902698,True
9.079369587356224,0.8946072051151632,5.741333531753733,True
5.3515227689360465,7.2311767824242335,9.36669379750626,True
9.132297256698525,1.750647754809631,8.822449731648332,True
1.7578870753886255,9.19634811850934,9.9717180308851,True
3.9699457427829965,4.953838973217578,9.366087447777629,True
9.621313800833423,9.26039697896443,8.767431679179234,True
0.09267168480099786,5.679618686644954,1.0730069077353799,False
9.829938883710064,2.8456165235004627,9.890994700887234,True
5.433004835569749,4.939124203418191,9.385605017408723,True
8.510597385779967,4.6802076900629,1.9281139827380978,True
1.1264676102015447,1.6249426253973864,4.589144710323612,False
2.572648802295191,1.8619906912806772,7.36617895492257,False
7.9076766442525575,5.677812224209394,7.5728275025756115,True
1.7549491383846472,8.561465042734577,8.970427617839752,True
8.269898252763095,5.152806589597959,0.8673776984835591,True
6.6925585340995415,1.8478120104733997,1.4061187563429844,True
3.236016700850828,2.48047083667145,2.6078527706544383,False
2.355212528015339,7.53756651781457,9.540348226549126,True
3.0194583969161473,7.228825284009974,0.1143573419416799,True
6.536833670701987,6.927685904227388,0.6212433180053611,True
1.1822484780397258,3.068063420036198,4.054166129683972,False
5.025204712383896,8.951183698162541,7.03557035102256,True
3.1097794838466033,1.1741574584477632,9.161303858506354,False
2.950376001562468,6.14625448143849,2.191286009353439,True
1.3356878219680413,1.531855646891792,7.477348371508565,False
6.057389480890693,4.158456154312247,5.492345088183647,True
4.708280768793115,5.3751768769320085,6.640944393396638,True
2.184116226573259,2.474654293085777,7.547395497248654,False
8.731350584877333,0.8187030647327487,4.467479774964833,True
7.037661251558726,0.7810272214744018,5.641687222734748,False
0.6175804755668379,5.476492487109315,5.054870560925958,False
5.727016742278646,1.498523813824143,3.2811763774220646,False
5.20341541184787,1.1624002218466423,2.0540148553936155,False
5.831476784410175,0.9094164445168784,5.103753540328345,False
8.086920831772371,4.534323001797819,5.132478432016415,True
4.567984757118761,0.5773678093252477,4.623783057389237,False
8.069153525543925,7.2328007982500235,3.959487099532575,True
8.164532259331306,7.458044828318156,5.783112650590354,True
0.4528980272782879,3.4452886656213453,0.6375991211208321,False
9.941236604769202,9.345827988849464,0.6901914616031379,True
9.337755625849306,0.31734871023079037,4.088669358192483,True
7.689720625834827,7.658276829237117,9.78333284924101,True
6.4588081809716344,4.203619388823279,9.92856598580879,True
3.8247961885137203,8.696202853107085,9.067673115245725,True
3.756455338019876,6.8273035410154135,6.617925381254681,True
5.393002639188602,6.5353409841870205,3.4776988713915022,True
1.7847362900411168,5.372584863980013,5.288425395440093,False
7.278581409061281,2.226902159662665,0.03473294944907779,True
0.22735327321966592,2.983629887029818,6.734998577765671,False
5.444453390250208,5.3193360849675875,8.233604373757844,True
2.475120385037756,3.4615973498762678,2.756497277951273,False
9.374103611350668,7.250239459089184,1.1284463876647732,True
8.094781835391945,4.192405984917521,7.660534675139034,True
8.837566218453745,0.1564579636354957,2.0608162185021417,True
1.0089671309250703,0.33576275754280793,5.977848967315527,False
7.032862668649287,0.486763212437491,7.405410784798616,False
4.022653508109063,2.3433927848756166,2.1726921017755343,False
8.637302426700565,0.5644403502446094,5.038958489409345,True
2.892634513539188,8.157862567633169,7.315174831160183,True
3.1890369636919202,5.979176742772624,6.725319014369137,True
3.2066511539298315,3.0176443514420326,1.4326043416332868,False
6.602124238107432,2.210427404460326,3.005009537574196,True
0.6095763710676216,9.485202550267214,8.79713890963883,True
9.115776656205444,6.2599313764833,4.2720058229454345,True
4.956207874930209,9.722902353436858,9.415864098319117,True
6.713425247457224,7.85804595980518,3.1873445731631223,True
4.163246334214446,1.492176078251637,3.76460188507132,False
7.544160972381253,4.735188204122199,8.493409322600405,True
3.007364187951478,7.075767974879722,8.057761599348868,True
9.147411738159054,5.623859495869091,9.677861885466267,True
5.572867581992731,1.3409275105907803,2.4285851608958575,False
2.033367330600544,6.467058515479447,9.222261045112223,True
8.471333859196118,0.9246399652686366,7.245847123072019,True
1.904816184307383,2.684615878549812,6.736719206345785,False
6.029220449890759,8.736204584895397,1.8816329393275533,True
7.616964175372099,7.243052398521491,5.588504762725273,True
4.793942064709148,8.69473851524538,3.329643108188213,True
9.570197605266731,0.15333706228492838,9.371597632022477,True
9.62077556114459,1.173161994433345,9.995720070178116,True
4.789208763423658,2.425931818457415,6.044015340787812,False
2.045131429778937,9.151264595935565,5.520792925478145,True
7.755138820637702,3.8066174437292255,5.3365012741626305,True
3.592595555515757,2.615616273853526,5.1281654002377355,False
4.972772931009834,0.9860823156548004,9.813184568465767,False
4.694904220225585,8.397311815636849,9.14330498897489,True
3.707049214312584,4.139301705786246,5.625247274643543,False
2.212740983162252,1.4592271310254856,2.6077410990976957,False
9.347582502963535,5.791429260374005,4.1757807355517365,True
1.5241141018414328,3.298652859778599,3.7983977474115416,False
8.333627152869852,4.993014823693224,6.546079661210219,True
6.848466123459062,2.5732675763488277,8.215919396923564,True
9.665082672503436,6.416944543987072,4.905955825807824,True
1.68233645951541,7.949755143536342,1.6926571086018172,True
7.203135307620937,4.883163212541324,9.168993896943668,True
5.421368553513552,6.418094631823665,0.5873205158073014,True
0.3382375716469055,8.466973831827223,9.451881112008982,True
6.682155433931528,7.643388435720192,4.123922224155927,True
8.425447168253484,2.3143339207744553,7.0716956370345985,True
0.09141461690661767,5.057329196930651,3.732006926868119,False
6.17835235876803,6.667547295533397,6.165193610843379,True
4.832041536218251,4.878543840030712,0.06612356992158896,True
5.516435609112569,0.11850968127892436,5.294176468416506,False
2.74740737197832,9.774793482325117,0.171425976024272,True
8.1315722091391,6.740329521192104,8.06167698947429,True
9.09773365998766,1.070164286944929,0.9631389025140846,True
1.4889748574025052,1.919320569916132,5.264559854002162,False
8.152143907132826,2.673247366766358,3.9689642249807147,True
3.7305158346368215,4.0602740987388595,5.6500218244796905,False
9.902330316397274,2.2585725262742216,6.840416254703855,True
8.478671020315357,6.537357195591531,8.582191590211872,True
7.595858501768448,0.9350050542710941,3.792640222398159,True
5.527014395296953,0.561149391289657,0.09450172654130617,False
1.7138357522104763,4.99858393112792,4.339096519716623,False
7.843763107901111,5.6585662795103495,8.579603133636693,True
0.9536183547073007,5.28159185641648,0.42551757617045105,False
2.114170558845472,8.681168905816056,8.875543070344936,True
4.755002876452733,0.46561970741743286,0.7434805992565108,False
9.255848100809231,8.993116508650086,5.6350986404798356,True
0.32901780153471893,9.287663612546593,3.1448469322665096,True
9.614691898760059,5.870361040844884,7.522544698468651,True
7.127113999493597,3.98296020395122,0.7693749144134587,True
1.6245025071470587,2.404721943042868,8.34650560091752,False
3.891566073673588,8.965257670027198,3.317298396218286,True
7.556092645208922,1.399505942351973,9.88477957914103,True
7.2416357009431485,5.007928516377252,9.743233274359964,True
0.536964319473936,4.370882528434992,8.386746576131749,False
3.4059274647510596,7.690056533654424,9.548583969146659,True
3.967030493089595,7.735549161313225,0.2962565894516511,True
2.733270286287973,9.925858784507973,4.906034561107933,True
3.558111977058479,9.411428449707254,4.318479462395447,True
6.796948580881589,6.606719075148755,0.8569411763673573,True
6.186158902598878,7.980551738027466,7.131085326783857,True
0.8203800967314856,1.5422096386551842,7.116771547786167,False
6.339008819630509,7.396552889765946,3.1667822868153617,True
1.0655091771126113,0.05195222370030117,3.0826745513629805,False
3.599174973468966,2.6976644323938648,1.3250700449419939,False
1.8739178352787722,4.4884367702145145,5.547400006088678,False
4.080441750831375,0.262619040132972,3.5391428734525885,False
0.9306426045987415,5.980437977942729,3.2443033057241264,False
3.8523791739598368,2.9184735129632102,3.877995593783937,False
0.8469951692852251,9.01136044856433,9.052075743133589,True
9.781730640138873,5.719604307495395,1.695829233923255,True
3.807320234887431,1.3884005895941676,3.0113126537506876,False
4.931239422107847,0.632671502769544,4.34676269262745,False
4.211023397725243,4.842313139339285,0.7692136139515715,True
2.5169973778890284,2.4659006834700294,6.250336877688946,False
5.938063980390787,1.9554822488026047,1.06972367580902,False
3.0465799575125696,9.488234623945651,3.3221721531162696,True
6.2019218787468935,8.040764619573824,3.295417162792602,True
3.3473622374695697,8.154754700030031,8.595084671008351,True
9.742253765046069,1.361244715782648,3.2066515537508766,True
9.472789220161161,2.0085148870207172,3.141832811954414,True
9.645746230947939,9.687252217466956,2.9144815158005324,True
6.9495776767211,4.910073128921023,5.758792816249606,True
2.424242967805731,3.760553023241471,8.16494515432913,False
3.9293512973945988,1.1388782361199812,5.638505086287859,False
5.922270342503855,5.456290854508222,6.8171263313008765,True
5.500991569974728,9.53004611486296,4.616222228331485,True
7.0836705125606345,4.3845495430890855,2.913312079852953,True
6.928352793243428,8.189655680044584,7.956568359959544,True
4.091415902449015,4.993032152889603,6.333360396536635,True
2.4202116767079884,6.586629685323181,7.152363912994262,True
7.890767632200629,0.7396513558228845,9.90700614436968,True
4.792346997726263,4.008050973293736,5.066126430295091,True
9.203921844782958,6.9170886589810765,5.436452033874777,True
7.9072091704925915,3.5952949301625994,8.95501515360899,True
5.369059860245878,6.381803670108411,0.8498193405098775,True
7.689540479200405,6.576016445807657,3.5500881944848963,True
6.469998479834043,0.44296693527849595,9.836082059519827,False
6.774718958641857,3.996177462250823,7.526827777296058,True
9.657167777138282,4.304555438901822,0.10547772784579967,True
2.5873837040365544,5.106762405250446,5.187977668493495,False
5.805182955240041,5.752353982704261,4.457785515049068,True
3.911341686775028,7.7234223246243205,5.8858995654014725,True
5.004657816197345,3.449673875995183,0.2456265302576932,True
1.0454935800606169,4.159754285257126,9.617278656799703,False
1.1606933795897467,9.40676158146193,1.4167517683154829,True
3.1189034389754147,4.553326352258771,2.068673262083145,False
4.829259987793884,4.761625312091635,4.381659382730271,True
6.9676326552366605,3.189094742177004,3.002640831819403,True
8.10185936918698,1.1508526669878594,8.491800080469098,True
6.479699172777137,6.77139332890884,1.6435409285070324,True
9.839004705882779,2.439129465519927,1.7445323282413394,True
1.601357112153593,5.598489524898631,9.584626217339498,False
2.3185554741141035,4.050474362802529,1.8445177515139366,False
6.404788766600781,4.321344524292825,0.2919227434239058,True
6.141069373719198,1.9732443578224634,5.922031583603683,True
3.8883578035570707,7.047356159597344,2.057844793673219,True
7.5232549536049165,8.087297886312609,0.6256375146916437,True
1.0175204872714239,8.719793300098852,1.869598356320934,True
3.259849115988185,4.575504222061855,2.623533954523609,False
8.626365474573074,5.277150196277827,6.391085856661506,True
5.969708292829935,6.113084211390019,5.87004714565218,True
3.479246374367544,8.455178026695592,6.1736267933642495,True
8.137382542609338,7.059883609459801,2.974448346993519,True
6.144845157129195,0.8475196862302781,1.3394776965071065,False
1.1786165266165671,3.053800025354989,1.830445183314835,False
6.9343654171644555,5.108248694871609,4.182391062112586,True
1.3786729853455748,3.83709962837687,1.8575369929276564,False
6.355016420586352,6.934329265293552,6.452600950799504,True
9.99899552563092,5.5491257583249745,4.8964202619220885,True
1.4029653509779705,3.145800146608443,4.510009707466511,False
0.5361126263083682,3.5903917217136883,0.09583439563281226,False
1.365347146624959,8.152159406538619,9.638290894149398,True
5.0543801973067035,4.949698478664036,6.846966705599865,True
4.156304352741119,8.398918021012227,4.886995119396857,True
0.8267062578646689,0.30860705643004804,7.610566185454242,False
2.920899095587066,2.7485291827353397,5.376086182048194,False
1.682089774365737,4.573213872734491,7.42518251929787,False
7.659195549436907,5.497261845380513,1.1321099529202316,True
1.142066513589688,7.751130278639955,8.232828079975667,True
3.6686177210542095,8.226109277962614,0.4161052227023332,True
7.189802411300433,5.463532747219646,9.897757278766832,True
1.024164388774983,8.300707165425397,7.513454947436722,True
2.9770893510289365,9.993126692789078,4.497323428304138,True
3.485769768223138,8.167285851164385,4.39069903383333,True
9.93957684318617,7.756316498807736,2.369460553666812,True
8.107027168394103,5.879238969768106,3.506308411139897,True
7.107539594937995,6.3277063092713846,1.659816176902592,True
1.3923496592677609,2.0661965618677334,2.06942720751766,False
0.5935783363934111,3.5081547895283096,2.8108501879019796,False
5.38768546047638,3.2365361585468166,7.040537617551886,True
2.893332434649436,2.6734306627808015,8.580168449462576,False
9.854883022617942,6.7929931592331005,0.9522516381434276,True
9.62771994993792,7.856910482912973,9.187687118298253,True
9.924862256446744,8.670475904337785,1.2688816861381025,True
8.660787949911569,2.496772419381398,7.11394848839169,True
8.284818026986326,7.614735874798569,6.76234553699946,True
4.894587259156378,5.774255293041614,2.687171520874859,True
4.142250893650377,4.519917225503644,6.336277633502977,True
8.801250813073235,0.930947840426174,5.15613472087699,True
2.782256878517837,9.363361140885752,3.69071174075422,True
9.502540788653826,3.272892801609303,0.024730851419847433,True
7.7413529043769325,7.32724026539487,7.30931937487053,True
4.584492566797177,6.641438208318426,3.582227293409872,True
0.6333068606017467,5.344244643875649,2.1782993501520584,False
4.2964310068523615,2.118514664077382,2.685368383144225,False
8.28343617048808,3.3775515517078736,5.779336402609515,True
5.661421109171403,4.85337904008505,3.437396205526192,True
6.825519260932059,0.4840926115172295,0.9957474191620586,False
7.838897618405682,4.595817626735669,1.2423717923039845,True
8.576515999286139,4.412859488764266,0.006759315121042109,True
9.580317693039722,2.023182063973997,6.885918819115103,True
1.3191308738401353,6.499971993406527,1.5897746290581938,False
9.327255627259243,2.7401945809528216,6.5458796441879405,True
2.5038927854910886,3.7184376764676577,9.03800268835658,False
1.6552507915934378,3.963415669322332,3.055092448442307,False
6.994413715245735,2.3414384148441947,6.554852283835349,True
7.036980397640442,0.01086303691723689,4.768067082609141,False
1.326997920399866,2.26190861459406,6.799827251215791,False
0.09286947608460161,6.955971072880487,8.171090269132984,False
9.88154909464272,4.223139337750599,1.3217515109256084,True
0.708283054005121,3.830699256757727,7.307633817639711,False
1.0242717044950667,3.133514774409062,8.809889949802706,False
1.3712929474354563,7.734604836506241,7.53157800991068,True
1.3314623118621216,9.929401552463851,1.4285306683489385,True
5.30508276546681,0.08474741953009568,6.500202131578069,False
4.400994207798519,7.224320263643223,6.280800383409026,True
1.5137413084428097,4.117098943596781,6.8656616987574,False
8.5996252460215,0.8668803346598852,1.0046511247763878,True
7.524456465479524,5.895739177615131,3.840319093431207,True
9.632487105532642,3.1450366818216935,1.398301888092337,True
2.7696765694484538,0.8424871599798667,5.533966317847301,False
6.000078672258528,6.075930989155233,7.789696525132599,True
6.904760750146538,8.47892104439959,6.584053700851439,True
3.016493335771986,5.177491277972375,5.095225661147126,True
7.478436409812495,2.955420512420667,0.5456913101525296,True
8.979125603569896,9.546715113471528,4.948877199432669,True
1.1274366260380853,4.9958254127265755,5.939297681377232,False
5.282865009361842,9.776969478433356,9.868825328431889,True
9.339244016742159,1.3198288073270203,8.608140039367475,True
5.683803887729609,3.6541246284809867,6.829420490024262,True
7.627259378955857,9.544529839408863,7.703670492246139,True
0.16689401770856205,0.6753256927276718,2.621852771620671,False
0.3982686193718976,0.6046885958820569,7.892899989930914,False
5.06610604274927,6.2857069606057605,5.010489655070751,True
4.154319943754019,7.018106386235163,0.8242781192464588,True
5.365648160700154,6.16047055666748,2.7746773573456007,True
3.0990688561664195,5.113046982953314,2.0319749395782782,True
8.080600809706533,5.363901728894583,3.907315029683497,True
6.342942473532567,8.345264691847527,6.810556847092104,True
0.6611508362121499,6.9867588160549134,7.299583774315415,False
8.464681151407763,0.5790594402313043,0.8621279839148932,True
4.344835886060191,4.533718422971427,6.088324044274436,True
3.092900638735262,7.416935090575542,7.4065818023417815,True
1.1944300690788745,7.0790060711809835,7.014996112238661,True
1.6383263093540756,9.530162017546976,5.230053627284082,True
7.829871015437458,7.20765518093459,1.6696295419238083,True
1.2693060748112484,7.811239799369876,2.687644864092457,True
8.86414759740656,7.714302904896247,0.29356251172803494,True
8.071078466573699,2.719805950213537,0.6387198912314807,True
7.123232482004954,5.76651674714184,0.7707003128638534,True
4.551977776794275,3.601238955217533,4.996100057613832,True
5.668861282384499,3.6768777785681173,2.5511608103907815,True
1.029049150218696,5.739123051920565,7.227783733258665,False
2.2840442315325102,5.088248849106468,0.4403790726280954,False
8.629284949026113,2.4455145035670345,4.717645895777381,True
3.829794743673991,1.5008466824115008,9.311600771571856,False
8.574851977479724,5.528647884958645,9.13947669521129,True
7.406658281065769,4.193693043627985,3.2180201447206125,True
4.162565985013154,7.202879214281971,2.7125795800981667,True
0.7788706996691197,3.7280816673786132,5.020409425595828,False
9.019410092582714,1.7934435027230566,8.043380194587566,True
9.81413863941495,9.540794074604277,0.689264377727451,True
4.650941779168861,2.8230687062090243,8.44846504261328,False
3.273009217261189,5.530913953240676,0.07969173557455522,True
2.0067115345295585,5.638067408241869,3.0390930726808296,False
6.2271752389210455,4.639266905804993,5.9169093498481615,True
4.933606758548849,7.726132629505243,1.954224238728235,True
9.004432972264233,7.6048222032169654,2.4512687437658287,True
0.06377882751804065,4.100361095660199,2.32997741859743,False
3.464236977394062,8.39574006896174,8.77198614251575,True
9.509902621434433,0.014620405355777466,6.573038501759978,True
8.490059877789218,7.272150390409725,1.0394901935155965,True
5.298144890600125,2.3816759452086567,4.920288768498976,False
0.5989507565318963,9.969592701075484,7.116524747001027,True
0.9302663835808822,9.212744029721064,8.972874719314593,True
5.19759218492037,7.008469096986795,3.7249197407408072,True
9.74554790168251,0.8490241751648953,0.9557700533738556,True
1.3351385025095697,8.19962891894216,0.7483048432987749,True
5.678207282892083,4.349828784349853,9.642182747327407,True
2.367717347418965,2.6099093892361003,3.150089154097583,False
8.008168219994952,7.007256063215421,7.3535286878236805,True
3.180577192661006,2.719558718324544,0.7468743580247972,False
2.027126262792337,7.799369824688629,5.847080358041289,True
1.554105513219367,1.643749806997682,4.660551124366617,False
4.065125519092137,5.3592454909002365,9.646347222502287,True
2.0763622561035353,3.083077182125046,2.6500792691470823,False
1.1991355635539358,1.576153770655162,6.860548429505152,False
8.263866879396497,6.968779832370764,0.4032980810866338,True
8.359247509879863,3.2779365888479193,0.9121290379134861,True
2.482187894612551,3.557427555042837,5.134596753787295,False
6.771833769890718,2.601667927212239,9.906766204079071,True
0.31082093358759555,4.043922264471746,4.522011694010627,False
7.480784472087092,2.4985262822155105,4.62043248876239,True
8.038967534438502,1.3979303927312237,0.11956923169412992,True
8.30372331894636,9.825672374836216,1.3071523754397796,True
8.236734151883558,3.7223974381599767,6.302975486038244,True
6.446850157085018,5.823238014140632,2.5882065234652583,True
8.127470916136144,0.21800182738612728,0.6447203604690976,True
9.024960819332815,4.434313238359888,1.2879154899700451,True
9.05077970380153,8.29356177217418,3.3154989125227674,True
0.4269631909043081,4.609949220019407,1.6798920872905643,False
5.738841998067228,8.216854015322838,3.949986882219194,True
0.2948229300029148,6.832129167516828,1.7280721183078918,False
2.1471610597002666,1.8715111371116167,2.798545542807238,False
8.83423798893626,0.34649443731505913,6.191765488458958,True
2.4578477924524544,2.9510516299971643,4.119922062961651,False
5.506886652039805,0.6097906893284277,2.7977598743897136,False
1.372360171320648,1.9945780666658663,8.84652516224965,False
5.258140582527798,6.3075438882475545,8.021680827711275,True
7.948462443018702,9.89403615761534,7.81915766845425,True
3.59112109837565,5.445178060340517,4.846794854405083,True
9.12677016598367,5.023932555437417,3.883812745693004,True
1.7981587369786922,3.1887756732937955,2.190201880730945,False
8.957647816143137,7.785382813284745,0.5859123027811852,True
9.915313234305708,5.2943229196543165,7.668421684502729,True
9.996057468113461,9.73979861733502,1.0013433730495758,True
6.568644213762342,2.6652700106568306,8.162851616087348,True
9.172594825704405,0.5590865585244975,9.963920485064572,True
2.1941158604392488,8.465050904651331,7.973906873794087,True
3.5480463456515987,8.392222523059093,8.452209023662808,True
1.7610036757999004,5.925195091814127,8.062102253593883,False
6.9762656359958,9.139800041285342,0.2820656972715907,True
7.005608033514182,9.475587350700152,5.636064867831937,True
5.631088908640184,1.8823366490525628,9.88006210404643,False
8.816263598977603,4.922267238954053,3.090530721512196,True
4.904364201274793,0.9025737685090285,2.326233580832391,False
2.1880894169157727,5.264485141485109,0.006834963838308061,False
9.178961859206465,2.0146438335214114,1.3048954561918258,True
7.169376326908161,9.18780787307206,8.442840864376507,True
3.2358881130483717,0.21912896243572288,5.866091750912094,False
9.172241474811186,7.743664988198919,8.464808875791347,True
8.606694665915507,9.60558750275758,3.735907800833732,True
9.419232134680417,3.955955623538543,1.0103217018068633,True
3.017651537254691,1.3645166885749005,1.5750388601684584,False
9.486935320263235,7.918425249998718,9.606621003687382,True
6.49180265644814,1.7420267095553066,9.687428963331676,True
6.93560398292543,9.288452089854253,7.869917925955768,True
2.2323721398064245,5.889501557831036,1.753516299902208,True
3.0682322929795802,6.884984395989572,1.273483647235355,True
7.28830955935999,9.487881042212877,9.486981598499028,True
3.916014272776019,9.942831305476306,9.65183940287551,True
0.32382742927087427,6.023886674509712,9.210382164180794,False
9.675316856159355,2.208952504370121,5.655502461203205,True
9.366877935542542,1.4064336814856837,7.453433281019825,True
2.379959251493969,9.823796549403568,1.6788741675158414,True
8.853202533951373,0.8872601257012636,7.089658131452245,True
6.39102687904879,8.866535152178217,4.466299340977939,True
2.652124405628762,2.495408631352788,0.6779478006423378,False
2.566579415427148,1.0803460121462927,0.012811574946899329,False
3.8593709795340994,7.325844944987686,9.691018251056851,True
8.845519975872275,4.9308199347384765,3.78712574774259,True
5.460239676784543,1.014285596371216,4.794892503971605,False
8.640507204685768,6.509695631134774,6.871604042171144,True
1.6265651174848839,0.7370938956137418,8.457624840245604,False
2.9490861311613017,3.1871690795665755,9.516621314341206,False
0.7420040176665932,1.701052031511907,3.7545788407999634,False
7.319850852713169,5.470462586122315,8.981241731199734,True
0.9310468538068661,5.940305440520949,6.136447257788938,False
4.827367864884781,0.30993204052174983,9.424422581019638,False
1.649971947619141,8.897532704040437,1.5710377733078407,True
1.0125781097333564,2.0555047671793716,1.8998425758838544,False
6.971967038073571,7.220381045756756,7.299740056702899,True
2.6526476934997656,2.815230734452653,2.3754828494724567,False
0.49635443038509863,5.717698078577415,8.39854504845651,False
1.535899345167342,3.6082892122727306,4.276059574457135,False
2.945494489662148,6.620202260098677,6.002155280137687,True
1.9967480076094635,0.25735692731685744,1.7083219169222308,False
2.9181146604610753,0.8193609471299235,8.437690743469366,False
3.083534001177294,3.9746734850812295,4.890968121206573,False
6.610400547460049,0.9113687755067923,5.441260292196803,False
1.8488122054204725,8.85492692749539,3.69401664931945,True
4.457752707944581,2.6329596668288424,4.650579561546505,False
2.262422802826669,2.6856199327294963,0.6163936966009931,False
7.522351421152871,6.6746845913456845,0.8570731183991709,True
3.437913865460467,5.414490060060221,9.707055371735757,True
5.8972644230360345,5.536019061579088,8.407971664302504,True
8.184052148653736,4.186320749344505,5.355144119789297,True
8.668940137055623,4.748243881219199,8.816538694176227,True
4.762622810814686,0.7895504977408319,9.027772013391541,False
7.143056991303599,5.021014703156048,9.004550614715917,True
8.004503367206857,6.775348855760303,6.20273114349303,True
1.2028187475543328,7.571887556391934,1.7287897280649445,True
9.84367990249133,9.721648783377569,8.084607213193632,True
1.2618599863853974,4.233748993155995,9.882799363369157,False
4.353932455325072,9.972692267787757,6.272262122323978,True
8.341081186760043,2.5788635998777654,9.108044857315942,True
9.141739368985867,0.670119530486124,3.880991530147507,True
3.973549943570359,3.2612680536973606,2.7620081990724934,False
4.581571811226151,8.73466253372757,7.865506388277717,True
6.230579285888082,5.225620104498092,4.195938342252287,True
4.1444239876897875,1.481997412934446,5.87934133281388,False
7.5837738785767295,9.396499849871098,9.249281667592735,True
5.626837594773225,1.0099044282544867,2.8609285404887244,False
5.356334811459167,3.438691785774645,4.1089003729922045,True
3.8304347287705287,4.8558479228633065,6.089621519524352,True
0.3746567049771343,2.754141420347538,1.4385267062667373,False
6.08655264085627,6.936612531670921,0.38782532481795085,True
8.895742139142575,3.3149407573427068,2.3757929391630714,True
7.457498198391361,9.208349829061653,8.970313621494226,True
0.2023288859327188,8.173859253052775,3.0305495344809663,True
2.803466531846416,4.91619213359317,6.961828446749748,False
0.9821739027274123,8.689000250991986,1.3438552096844048,True
9.742194246033105,4.431106133314289,8.258233317797504,True
2.6941998100876363,4.167727277053828,6.455548114276443,False
1.8793569089261142,2.113905021058976,8.239694342551406,False
7.40944798920008,7.594932952262567,8.671889705502258,True
8.210173923984602,5.152697026095568,1.5897244263900046,True
3.1112309328890886,5.067952752365555,1.356498210170598,True
8.512953409871923,8.79332591359856,0.28948159320185685,True
1.9276344683155822,8.329299330765513,8.36976677608695,True
2.494902613242793,4.5644866712808065,9.180310693411162,False
7.046339452200366,2.7397749847435895,8.235062916891161,True
5.051263749371638,6.3540980907584395,1.2387285889069999,True
0.30563192381993565,3.7246676153530722,5.940435934521513,False
1.7758369416386166,8.704807719184629,5.868802484224268,True
3.4975990164465456,1.6351361451785085,8.944919203121954,False
7.489611344849333,6.888505376159543,2.8506937643476196,True
3.8656567074098467,1.629074055986205,5.722580610203007,False
9.64917609202255,8.571111874383023,6.47379891761482,True
6.776952460909707,2.6908357926895707,4.095071964955421,True
0.20052357499524387,7.8030366426064335,7.675727284118513,True
0.08897986070045771,9.115154380523718,6.473715541750241,True
6.011419504945338,0.08463727114871311,2.5239044136065147,False
8.050855691954864,3.0545969838455678,9.670244433683767,True
6.42740311290164,4.23806800659619,3.7647545227100077,True
3.4870919927208135,2.51998709277876,4.666980154972157,False
6.771961563873133,8.243108214706636,3.9715253997212017,True
1.0231210296860016,5.115137174683017,6.623554525262523,False
8.43283950085777,3.7422976316107146,6.4734212006459035,True
6.090501046380168,2.9847592625329744,1.0810453058584346,True
0.6383705389710992,9.883609658217672,6.405947456146558,True
8.614916002518306,2.6114690792649684,7.110937755717917,True
8.923737976809328,2.9879111191898646,1.4992929635415653,True
7.6547438830362315,8.996870447454949,8.054298226335298,True
8.023637444528116,6.000333011455716,6.60530323681129,True
6.807557503873818,7.212831975926106,6.554005704624416,True
9.974690995782959,2.5942627271198893,4.185656860813416,True
3.8827492100545835,0.3531900482642425,7.080689593758711,False
5.720424340368412,1.899151604113507,7.265498765809035,False
2.223631939762689,5.346351015442131,7.84897055296117,False
9.065265055050547,6.718684759624089,5.073148556068153,True
8.454192442445953,8.406386945964,8.764947843421105,True
1.8113585780400077,0.9760306381270933,1.2794413969605334,False
2.586518505602079,8.083438691424702,7.629182183193025,True
1.8306835701259505,6.797123692899283,3.3563246320511873,True
0.892998220194392,3.552833961198324,7.442099293428081,False
3.0708527133220853,7.880904368075993,3.3131713697077645,True
2.605592354057036,2.9405112165034275,8.512138882114101,False
4.705365676706802,8.663933696925397,5.835746197425805,True
9.44300984000077,0.7121573740407583,8.894260614703878,True
5.004773744927044,8.6749775469823,3.816692198055871,True
2.9835575381746327,0.5406197064257512,8.542397704033437,False
1.3736525917312392,2.002965907951435,4.09191846752104,False
5.694035879734539,9.066209345061276,4.575714330615412,True
3.1638345764870888,7.15668456110036,7.789411774338145,True
4.8758084574810745,6.310327722626951,1.7682426656346073,True
6.34498969152671,0.04713501423993849,2.735278622014996,False
7.611932812149992,1.6860575658290766,7.644837361457579,True
4.895770906300164,7.6356916710549925,0.880413437590446,True
6.144797387250618,6.334875407025942,4.033934803979504,True
9.653278401300332,3.8331642005346067,0.37725318474937986,True
1.9941425122811696,3.73101405427371,0.14077118724632132,False
3.2221313384806907,8.33228666566564,1.9057670994040454,True
6.7674814167711,6.266869286716226,2.4882312287588193,True
6.935247471703971,3.443497740633209,1.2893080042830274,True
3.835504763076937,5.886706881680719,1.6702018726830936,True
8.238438296744103,2.982022534941388,2.908277918094866,True
7.278319114468128,5.963699186155024,3.3783515120793295,True
8.879740438370417,9.954724098279284,3.4273283925755993,True
9.013837761445245,3.592508863666324,1.8842603389086943,True
9.480843537069427,9.182054088414334,4.033916445011253,True
2.284182848358255,7.271688281363213,1.3120577641718256,True
7.3407661931152095,5.896928347992416,1.6898474189014712,True
3.665914513998485,6.505403801212247,0.37363427692595264,True
8.765441375994762,2.557891739252929,5.347334341938405,True
0.48586961581737254,9.946802336570649,6.619699158378946,True
6.535676184007526,0.19741766514145165,6.897497483774261,False
4.167755651795439,3.802537629276146,5.472823847289256,False
4.7439633832773715,1.5312709812443637,6.95192029220909,False
6.303113401629369,3.0111645475679225,6.61664576090722,True
6.6248296588889675,2.699771495371891,6.056343369240041,True
1.3716352297980894,8.306527204708898,1.0491423690009694,True
7.187662245161679,1.1773456843723928,1.1401255268424793,True
1.0626370830639498,1.986466617062822,1.997493861463585,False
2.6299391561373184,5.2314610759258064,2.0167318998218944,False
7.034367502462583,2.9535120100061296,0.39405707628568654,True
4.963547133680927,2.07693984271615,9.331243446518775,False
3.306036161967014,0.027379990573926927,6.716331324652049,False
9.06880044269792,8.352321652632412,6.6902193050164005,True
1.491444926667661,0.9008267357592448,5.117053469646589,False
7.235636168984789,1.0129047859295737,2.5589210275066487,True
2.311602864917459,9.886659307576041,2.9602217871043845,True
4.642773572361484,0.9980891505761746,1.747018089453909,False
0.3944451996869358,2.9056717723767944,8.015961026904474,False
3.1270710696276427,7.385401957921762,0.9499847033058029,True
7.582040048412383,0.45889087093415215,8.519987250744881,True
6.63355027490844,1.7051227635637534,3.575274042377443,True
4.377145167819347,6.2180703333250715,8.784755373974736,True
0.929513154374223,8.149642895364963,1.8286942030364273,True
4.007775142807529,9.62309930149754,2.718330907501901,True
3.8571548975931425,8.50671578036584,7.998990969489501,True
6.488464838722638,7.969095570354069,1.1305655637764611,True
6.961698735237949,0.5864639566517738,9.424669879999,False
1.5939539748216491,4.1602771663089655,5.907503029903385,False
8.02264784045096,6.783931362492055,1.812605605373021,True
3.797507791158876,3.585989148270966,0.2881622957122154,False
6.844641333814728,8.385364765471117,9.734445802253692,True
1.3065532954841586,9.203979856381027,1.1293747937376741,True
4.112842637351743,0.4597232537967,2.6161286722848986,False
3.1423794487387093,7.045681764806231,6.779289210201643,True
7.675287182899103,5.766490081233795,5.650122256873914,True
9.778955575507984,6.698443582143154,3.383006417684232,True
5.231031752246739,7.0058018429755435,0.9524213845169471,True
6.61713262845963,2.485769948507076,3.457494874575037,True
6.762955683574412,3.8487661740671433,8.390330212297872,True
5.583442367021879,9.877916247614772,0.5456611522767585,True
6.433987165568129,1.5692737330174122,8.488455747760007,True
8.518711514460662,8.694156346127679,0.7486524247698478,True
4.916479611444013,2.4089181669723114,9.701450487834002,False
0.5035071452654394,2.22706523168799,6.433173148232518,False
4.032769934617228,2.349999999912872,4.590945947482352,False
8.012612877267221,4.480985856653739,8.565892241780173,True
4.47068119913798,1.1870685205363285,4.97373348066501,False
6.533730031383717,1.0264332148015243,4.1233854767554945,False
5.571310114048331,0.0016971547833644074,0.9089554691153223,False
6.042032760617975,6.190661537463823,3.0459795810364856,True
5.083377403194649,2.0685124884989836,6.714743707791561,False
9.503551299933656,3.63342477569811,0.5427521330556784,True
2.229181143963146,4.544599826035843,5.601508451060681,False
6.197579696770843,4.731336810935889,6.571672064311396,True
7.159135002831553,1.140233583557383,7.593199510791171,True
2.2174710782019003,3.413571145768387,8.298838856344013,False
9.6443368345434,2.919835638082815,5.219850866041359,True
7.020960532599854,0.45778109855034277,1.6415536770539085,False
1.4044918732224887,7.168561126478828,7.215590954513159,True
1.06961505519519,6.108517661386838,1.8754340053160334,False
9.302162591531452,3.9289648991517345,4.570460082929889,True
7.8142040364875465,7.16787914469343,1.07765747287492,True
4.144703451283302,9.266265305373107,8.37466237486465,True
5.888111078979014,7.721451736372288,4.5050459695896405,True
6.584566950002026,9.56190321625751,1.3463601443063278,True
4.988286421026112,5.303643475190842,0.4857160563190521,True
9.353082808316525,8.388161106789164,4.829319635359263,True
5.083328990718833,9.211623140438011,1.7720243850214557,True
5.785543857041766,7.3049466174277775,1.283817820515778,True
3.8740557922066596,6.005460218054113,8.82695863558678,True
5.041101193531644,3.846626387437041,9.795007602050429,True
9.159102416970992,7.623746562617927,2.7359587995611125,True
9.635935376797526,9.704916499121005,4.528457060813667,True
1.3337183101609351,4.127454728076193,7.000142848971251,False
7.484268658779161,2.989131349554243,7.01494310407385,True
8.60707546129158,7.118743563951451,9.355120774625357,True
6.325832845072639,2.008890823253444,6.241675892053882,True
2.9057949547925066,3.452935808985811,6.72373713051317,False
9.813354962348672,6.500863878069779,9.583264528051965,True
5.038934390432496,6.943119737273263,3.223813974138552,True
1.1540525228362541,3.522378024628774,4.803699223906268,False
5.706381942530992,6.671572380522164,4.174779331255218,True
7.47868723376587,8.413893024169116,2.859279802253636,True
8.473010914205489,8.08304779326696,5.227299862092023,True
0.2527214125447208,1.4532671163279554,6.702541787669418,False
1.999024172647168,7.501850186700537,1.6093539434323,True
2.8661554815910995,2.50561007458183,8.393818144651712,False
6.905948503640101,2.95140565961606,7.53593948045165,True
0.3230638324232715,8.140262175544686,1.024800063379766,True
8.680353736544102,7.3949248017285,8.648414852046026,True
7.4241273587286045,5.612705527908107,2.3759547256620452,True
7.843071728708866,7.988217524895704,2.8763865450722026,True
6.644935685916236,9.264848111687796,3.875546486419903,True
9.567019700118268,9.758227220561263,3.126539808946341,True
5.521245975330635,0.12965237674638308,2.513411283723057,False
6.20561695611849,7.809248928758854,8.70118092321335,True
8.299834819551444,9.114863770737387,7.046290688927877,True
6.476323855500006,7.551077052085499,5.466151367012413,True
6.0338697728864155,7.7614674512233215,9.642898231260308,True
2.9417772180449155,1.7742589848826318,6.8265885170153515,False
1.8697658153232366,1.7379513185530515,5.138468527745738,False
3.771982270526456,4.285078144007342,5.56598620595333,True
1.3006653011537228,5.839860576839312,2.55016148132422,False
3.3056278874226908,7.096892963163141,1.5480569779828623,True
1.5370338356962976,3.2263002989351994,0.5085544119522678,False
9.323818655711909,6.1560867609933005,6.61890210964939,True
4.905509411536766,5.7267699055493,3.580855881637394,True
7.840314485705014,3.1785900537218947,2.1996201542755744,True
1.8386909753535896,0.6817646910442587,5.051403504563159,False
4.159312437704217,5.370359525339087,0.9194555393906645,True
2.211980811014528,2.1335381018619595,3.318835149039815,False
3.6079782466273267,2.184452857845147,7.526556895545169,False
5.304988956068247,9.966310826043387,8.236884009252023,True
9.811331976152966,0.08803696295037411,6.689384679943866,True
4.4566724628469245,9.04496458487692,6.137010970607943,True
6.21131697623634,9.588968160739334,6.82551360768528,True
3.2093701050708145,9.159324302986754,9.449876704318376,True
3.858759347840439,5.402373129425615,2.8282899427939743,True
9.113359266286182,8.221090642399663,3.7495804216197914,True
8.028167375082939,4.45556897571718,0.43851660910501744,True
8.982816089058533,1.9251238793367709,5.138947001274335,True
9.48211819648418,1.6739480921349492,9.56276206473399,True
5.37974830964251,0.07330586216845125,0.6547182210371993,False
6.703351261430567,7.735822663692766,8.649508557126312,True
4.242094519411406,1.0392680917367014,5.377542140241612,False
7.027428662675412,9.762239213390277,7.752067404630613,True
6.4656115931834535,9.397511115083134,7.468908256742621,True
1.5375457721764552,4.592252352600417,3.317153754672878,False
0.8752089793419859,0.5426807089144103,7.942147869758903,False
5.580842053178108,5.749622942627916,2.276456349416567,True
2.5864795899117565,3.8803260364477077,6.302172646257879,False
4.330250346392709,0.16890968304141274,6.732987323277127,False
5.348343700610021,6.414227464816396,6.183493589106021,True
7.559605966951775,5.856080133133892,7.008820313830021,True
0.7258944479897711,9.280477501663338,1.0613554186997254,True
7.868918976625699,3.013507098448711,0.8650522143779271,True
7.652742410204625,4.37676149468225,3.9511325822861765,True
6.607231649072405,4.739876773679514,5.334677638103495,True
1.3638146032954679,3.909925654289903,7.974846128334658,False
5.457244686408226,9.601342650804344,1.4407553745848312,True
6.772890455050625,9.141689163846179,7.950171222324593,True
7.2932457661584476,3.73130514900324,9.494651035305127,True
5.53524187764279,5.550697456402619,1.2323515893349901,True
0.05029839074005116,5.966548874533303,5.371520485544609,False
9.469793892288719,3.046911523495084,7.482965867327934,True
9.03546375974546,3.438516498486469,4.126544960262479,True
6.459315035600874,5.12552694547587,1.6095435756439502,True
2.2078796935740796,8.34748366868062,1.9432621534632544,True
1.8135798477365006,7.996600536055314,8.522511277674758,True
8.513877224254742,9.323698654031485,9.943130504254334,True
4.612652036895939,5.496646096791667,2.9065266752008534,True
0.6736275740480135,0.9820240138037195,7.255892573341402,False
4.871904101337485,3.3085093168272337,1.2821514659595157,True
6.554729806969527,1.000450572754229,6.195157771543329,False
9.001185908429218,3.177859372337254,4.50645978214935,True
6.163424302594532,3.0567548940672076,5.8416993284519725,True
5.655520079051098,3.644934356786292,3.1633315949632914,True
4.283073929595911,0.04831882664671383,2.461751385454841,False
2.2152570420651974,7.3981621593861675,4.361240660896884,True
8.401100587806553,1.3430583238288885,7.329727957514147,True
8.778858295079615,4.628483760756103,3.5874160211359674,True
3.054717964453353,5.516718261601971,1.7577016089522535,True
6.0662766607086125,8.417929953382606,8.587136553707992,True
1.400016687161999,5.386180370780224,2.632346505935833,False
8.863358320788956,0.7646237855721538,0.7539995679337663,True
0.18630294871235353,5.071783112855739,0.3119423100830909,False
5.818904904939293,4.051344675511141,5.9003631184071805,True
9.063035773981833,5.515939985261583,5.434693239181185,True
9.987281750118518,4.721039507829259,7.751972388374282,True
3.6581863010300952,2.2330664762435504,7.721448435604628,False
7.33226827212901,2.909991602143739,4.647011421704528,True
5.104119933437855,3.9678515764970745,5.021672696664309,True
6.626784893786967,8.479818401038665,8.065400569278985,True
6.140359765601281,1.6584355203215828,5.1413668051638215,False
4.4622044383900175,1.7914518390862078,9.487118316129784,False
6.594133069529767,9.67735559837513,7.359198088348244,True
4.835034157274309,3.5879553884580595,2.1881911725902836,True
4.876421483736478,0.628611614134692,3.6943518544747436,False
0.4280844083864688,2.0677407471750096,9.077260925729608,False
3.6125136455962883,4.696742290102089,4.5464344979488835,True
0.46437457501178114,9.805897820631023,3.2407111006397757,True
7.037362528476223,5.213729041335506,8.296471556536503,True
8.348722662173934,2.633160693841534,5.4435006208837144,True
1.7384981644645003,6.536753131338843,3.6529677799104765,True
6.533365465568498,8.354690676766445,5.166628975539387,True
3.7632878104354517,9.072424264468196,5.163717821675703,True
3.528980077597257,8.677194218712472,4.8686156267417555,True
4.821100897131259,6.042109802856869,5.018369844707418,True
1.3896830707712993,1.6560582242899213,0.7708822574124685,False
6.434770023883098,2.1151710413575477,1.869056758087676,True
3.6222294421509105,7.173027084540954,1.1833022282354266,True
2.3034633259932455,8.1117262937296,7.2025565887494905,True
4.8151664938948615,4.788146427200822,2.1070395105176343,True
1.6124625986262575,8.333649963952542,0.2244603815429136,True
0.43144331335165376,5.734865113522682,1.61129140367538,False
6.29540424888155,0.39190865239483563,5.722692992304646,False
0.5591200416044417,2.5825964601670846,1.800375395762971,False
9.582383364845537,5.993575227949297,5.636047023357652,True
0.1862003563723691,7.195472995040887,6.617450626291581,False
2.8345462640564048,0.8574850273574453,4.4920336161945675,False
9.927758237079788,8.673023989920944,1.7056678398969627,True
8.303635747042808,6.0083871441120005,7.946160702604512,True
8.204531801304974,1.8188415187009965,6.59648750057853,True
2.645206985452897,7.241867980777559,3.426712745603319,True
4.534701451400918,5.905959909323073,2.2981378717877976,True
3.8546188274184754,1.085701139015155,2.0234854908817512,False
8.595916920106054,5.043595260707127,4.197950126716061,True
1.4956119362645603,0.9629857672320441,4.758691854894773,False
6.14748169480367,0.3903656361812824,7.838682348387684,False
5.0332920813845945,1.1751640657477047,4.822409351124809,False
1.3032884077716433,6.034746508247105,8.275217786520734,False
8.969689528475316,7.748704230678033,6.4923173510653385,True
5.220442296615541,3.703774502487801,0.43438283336481476,True
5.298165189397056,2.2948625637905016,8.023001960078137,False
7.895555851509545,3.812364961990551,5.890480861412065,True
7.41394042282245,7.615392270474919,6.967076031574667,True
0.9771690834678259,1.3388310562460137,4.7714123700454,False
2.3251289062265568,8.590532473014115,2.8326666800895586,True
8.767663131932245,4.086467046872152,1.8902101371787072,True
7.091488372061079,7.894224823051249,5.779871458004462,True
1.1782860398115103,0.07194052450581467,6.545461208031974,False
6.877667367777761,3.1590171462927064,3.622697897745908,True
1.547785805618136,6.515759347779317,2.5363272623198396,True
8.549769262679286,4.235615474333631,3.656440944364717,True
2.7556054287998877,6.806057050634484,7.549719006098334,True
4.132281582959364,7.837884169635375,4.824677570068806,True
3.7021296887914703,5.549113562983285,2.537776454426963,True
3.0665308667459446,3.4435630421485364,7.054946079710852,False
7.357824306046107,8.549989228235969,6.592828491262031,True
7.478141950798877,4.465948774152193,6.9931144229505335,True
1.6179511770813626,2.1445814153808005,4.005609064257229,False
3.3843784630934692,5.5057621459681805,6.970574087244604,True
7.067899335328698,1.6073800913321723,9.645702513745174,True
0.052906334725719706,0.9108858423870403,1.4532843583575372,False
9.258617877978491,4.35377434552764,0.6408045636931059,True
2.21770244619512,0.8003973669580267,0.3775533828507893,False
3.84326010426022,9.844481006312732,6.139655907167139,True
5.210055432205589,7.116058317089812,5.9747256381409635,True
9.457158578456077,8.202287344282205,6.40291314530137,True
4.389720485412358,2.017072428060146,6.568842227068429,False
8.039099091153837,2.860065117086954,0.33609351396258424,True
5.995149128924895,5.158136315528283,2.3167097281806157,True
1.6948289181310217,0.3606113314434878,2.392566252873772,False
0.0028727185462340543,1.5744476085039083,9.968171438272064,False
7.796728789764172,3.5312766335652803,3.9514311705120617,True
5.860801652096985,5.1774270098929485,7.36925540146395,True
0.6861717193705896,0.901658575951505,2.844937870363794,False
8.297648024492998,9.15008973948154,3.4809524824824245,True
9.632876650654888,2.765078486971222,6.063634079922522,True
1.9452519308596106,9.297138408121203,5.749067217458147,True
2.6110750567193906,4.071346261072017,1.0646495639257658,False
0.7238597052670392,2.9425182446812004,9.470154651776625,False
8.029422425723574,9.567093495852752,8.76113046243067,True
8.131473496063743,5.74893878773909,6.941918614713001,True
9.660554556331059,5.631686038049302,7.699671927338335,True
7.574732850466725,9.612387253016143,4.5884842933412395,True
4.607204414645122,5.868265171499795,0.27350697532073864,True
1.162683014409226,0.6755426066125358,6.336617975581885,False
9.941980333654755,6.7691297606509995,2.299301385891541,True
3.157306940289286,9.554456871233603,5.165042172048383,True
0.09723191714424928,8.321770449232286,2.482576093620775,True
0.9300943016209173,6.736979167818138,8.210746894925302,False
0.7602882053368909,9.313962398356626,4.7655545408928965,True
3.535379262161711,8.943162528702066,2.6907578246879904,True
9.471181090634781,6.831073085237685,9.099274589878878,True
4.989993403636831,1.996665390943092,7.354290652428307,False
8.72742498408298,2.0677863232200986,2.0276655878827334,True
2.496954339469575,6.185968991818083,1.5599556847615892,True
1.0668929010539119,9.201881295329896,6.758121248765265,True
6.6342407832045005,6.138269752757525,7.64244212635527,True
5.414739546030245,0.42263126730997747,4.822920812010506,False
6.206674748317667,4.92340377704212,9.853613293244484,True
8.969997731932951,8.687688356245534,4.908053516065467,True
9.843946826775545,9.160068296725573,2.8026662318318705,True
2.220927830798133,5.766651863474097,0.5414817128878413,False
7.99269917779981,4.7832007661204345,5.40767945591827,True
5.024752121216726,3.937169228523979,6.863386465303894,True
1.7480036211904904,9.765071952370418,6.982445680961396,True
4.6007059004643,6.892105490596489,0.11819978610448922,True
2.107523857014477,5.810082189794468,3.2543619991542636,False
6.127780963617714,2.5970076909029807,5.485634003791886,True
2.3713915250754525,4.713453647384554,6.1308404313844775,False
3.6592415112192676,4.987700166101968,2.1053248211065636,True
7.007126268163008,3.7230962786881605,8.543260872408196,True
2.7962953188068407,1.7988922872699586,1.3113916649872392,False
5.758927292079621,2.285667494996686,0.9986974090945311,True
2.699491069025366,2.3580517288550764,4.322187517308349,False
3.8088338223146803,1.4584373533753636,9.591479207466692,False
1.4954805726548293,8.056683615575901,1.7660727665961284,True
4.995978261118506,9.955617702996015,8.493899153966604,True
5.170069749205006,7.205603295246306,7.853329366938784,True
3.000341821534487,5.621384520717112,5.678345192053117,True
3.984019018633276,6.905431759606442,0.600363777240166,True
8.138180692068463,4.765394243521371,6.298622123621545,True
4.498548190637917,3.346565385145628,3.609620210551215,False
5.603500348142645,9.318445757777681,2.577148254524192,True
0.19835333613759998,1.2123748921670374,8.673685839741367,False
9.63116560917914,1.9895811063687319,5.758944574733487,True
6.491309518995751,1.7453883572945839,7.803090980992371,True
3.5510903839089183,6.7319284014735015,4.874937443043617,True
7.3652616476215504,8.896324491382204,3.8107099841284575,True
2.865235765557891,6.317121904834689,1.4484833827806742,True
1.6757553548053383,8.077171439570686,3.373883099989331,True
6.31273408325837,5.716375738737934,8.489007719388086,True
0.7134407817655741,1.6199948894698535,2.2821793938787325,False
3.1687824169556125,2.9135635279441985,2.6747239087063788,False
6.446442931551882,2.7124810135134902,4.448983876479717,True
8.628064836470026,3.631648402504287,5.869197735260105,True
9.655260328224946,4.1398906087367315,1.83886199103384,True
0.23101092316507588,7.277724164324044,6.620225478086397,False
9.404373373379956,7.006969284246843,0.8006473787554713,True
1.6691046503965246,1.0300931405688607,0.6379239959116023,False
8.786909764497414,5.484337438182938,0.2636491336624103,True
3.9701252076016944,7.649963721335958,0.8325120139068665,True
2.6245226426498713,1.5527436200016187,6.548326755433498,False
8.854713170963988,3.0937065354999858,2.4739651931519226,True
2.84175280058089,6.264806846261896,1.3127711062686387,True
8.385177788928747,0.285712930199129,6.635491353038045,True
8.603688174133925,3.2520131665647876,4.761547406553736,True
9.749815454400947,5.405841613922831,2.7241442761231416,True
4.448449323707439,9.695422645545461,6.976228769070474,True
1.7703663997971208,5.975841988365607,6.310475226410597,False
6.358511364258357,5.639844867212874,5.234598043545074,True
6.395282487108121,3.096613281139966,3.471683001641309,True
5.396681221360597,8.047077662464531,4.418603055765344,True
3.657833219483778,2.598070439377244,3.0357291557308894,False
0.0009234639492805563,8.153797891608882,8.479464883826706,True
3.4388491724999426,4.691979552440262,0.083171105963733,True
9.22088395744053,9.469575118681243,4.770670704514571,True
0.09132599576333167,4.304353132692334,2.9292261300238778,False
2.3121539351915854,0.07217985005767535,3.7364387652703357,False
4.117358690661346,5.605543586396155,3.9475207962018333,True
1.6326949533028878,7.371178541033774,3.897232698531959,True
3.783580602749618,2.6298027544624905,4.222393827536926,False
2.3956181493856055,7.6453829407661456,9.09954403439285,True
8.075749404275756,6.846402903785193,2.8467685467345296,True
7.429268921311517,8.08808649099037,4.129038765132473,True
8.53482023391604,1.824071790026428,2.8959529929128545,True
6.368927095483468,6.177294139025154,2.7213413045162405,True
6.227537802755535,1.877894425440112,0.1939539724699635,True
0.4963207222309862,5.349707530597662,1.8593759814152566,False
1.0227348865653973,2.6919513288914554,7.15195942211275,False
7.27107070447535,2.328104979559554,1.5068369369748857,True
4.935795531957453,3.4191285386862624,3.115766852030555,True
7.994623519360702,9.979634461655994,4.636844672034293,True
7.914247142652952,3.3024864703583034,8.435462992680785,True
9.51644041732608,0.5603834440189281,7.756529107125235,True
0.7138469474905684,4.701467765987197,1.921922929264528,False
8.415392879402596,8.172507239995703,8.282520473943315,True
1.2196155618577076,7.681456708511898,2.4896236050723406,True
7.712253330273345,4.4296094214292,7.376190125535086,True
0.33510291570275075,4.608346353122799,7.709959677901886,False
5.211391200572839,9.82115851405614,4.728255449915152,True
6.814423200578532,3.1210936558406974,3.2306318848290614,True
6.291642541306993,0.4218591559473106,9.374209236322338,False
5.209262529175096,2.533127403350889,6.385200120420238,False
1.9872363180239982,8.875195760435425,8.636576657496004,True
2.1778824905510286,1.1292845931623752,6.3290896590174475,False
3.245134876300968,1.6736035640828606,2.7610004383844777,False
1.1964959201073866,7.891437801948885,0.08929855889342142,True
0.41993369021095406,7.834752402510599,4.752706787616501,True
5.962122839316125,3.713986633032337,0.8947990274967443,True
1.576984561973751,0.9140155230421299,6.186448584379411,False
9.30848784518627,9.969731029835355,6.251323302094067,True
0.5977513160942249,6.445748966479185,7.01328140023003,False
7.914662443652127,1.258274576652264,2.3267463085606357,True
9.816757109638335,7.885618257868735,7.56697523201389,True
8.055253765865858,4.387188980965973,1.9296529905015847,True
6.892499802840422,3.581674972504314,1.3473217376095226,True
8.986630442700426,4.853021331625131,4.375000041650592,True
2.9471459644089695,6.970377749956548,1.8977583621965144,True
1.8662672894910382,3.476646790182655,7.324024101227128,False
2.7532446285830314,8.313495933911199,9.14474001978046,True
5.545203101660565,0.6887658336115943,1.5502547807532696,False
2.9567266121073477,2.6334926889543198,3.6711270700453946,False
0.007198287242494716,6.380260624435374,3.7904356966657735,False
4.039780749436663,2.000754445749454,1.7880232058661227,False
2.484313185009688,7.5987743650807795,2.511510083752201,True
3.8306758203217828,6.843086384273186,5.386291301983318,True
9.38376856028435,4.8927495777210686,4.216392913626552,True
6.132160618037519,2.1669231200675663,9.019993155324169,True
3.7397978322450376,3.881118510774686,6.823688165291463,True
1.5227653430017296,6.605678959116411,8.499671933570133,True
3.3880673410717765,9.468590670576692,5.287161668939703,True
7.7447356349082455,4.690390476314629,4.026227298576494,True
2.693992149677271,0.07619793900892069,2.037644115278977,False
9.895699689770874,5.343100285590918,4.620866814155502,True
9.002422630643835,6.055091281436416,9.767118845233156,True
3.5752492494240196,2.1582330727894172,9.207642280693683,False
1.6081195881596433,7.91839111162086,5.954175213340443,True
9.828880889536846,9.439105950534003,6.602996526362221,True
0.370621689393551,0.23303845310115978,4.737268811752252,False
8.196680651532343,0.8116014999659704,4.254202293754719,True
0.8601889120721484,3.0980692518793695,0.05667942621272126,False
3.2969768446546874,5.234020829597882,2.0079441294051814,True
7.872158659534946,0.5539990693653873,2.1143517973253703,True
2.575765739788929,4.040676640356615,7.637949297305263,False
3.538085217874679,6.9499890861022,9.221993912444836,True
1.3092694236750957,8.639294484135775,5.996680317740292,True
7.472213070872428,6.080345656068876,4.082994619337241,True
0.9648324637647543,1.4366241019944703,1.7413507395328265,False
1.7764550752844332,1.4551144781808467,2.075793212684295,False
5.609657341175263,7.705671526427085,7.979656028293523,True
8.461254183769125,1.1721327049930463,8.223484632499709,True
1.8595193831864487,0.723894424828353,2.877142802711463,False
5.856925385635611,0.4767764611121228,2.163221566153636,False
3.991008351501373,8.223671154109537,3.9941012401834106,True
4.140652106232093,3.709766234037868,0.9266431019623156,True
8.795683610259928,9.230361608639031,7.216600169028449,True
3.985798937888564,4.439737813935414,3.114187632022949,True
6.543340699825126,6.533636504409221,3.106564142238253,True
8.74230151533199,7.207252406621938,2.186039594113325,True
8.092738964523832,6.742967569203372,2.4972057628299718,True
2.9637673823628843,7.515062537721684,0.8012708934040658,True
4.378158406995919,9.638066508446435,2.562125404900062,True
5.031506590025856,9.072056538224802,8.745930516764204,True
7.8820415941699125,5.3324412649333786,9.298307515383762,True
2.568357544461036,8.815788722849067,4.093324614175714,True
6.58217428820726,6.11003638501613,2.822908563834331,True
6.782424425955878,6.042764623664823,9.872924582560534,True
6.667816990228424,4.4005350913458985,3.798245291176965,True
8.874808490101767,3.453825861536809,6.670613091833085,True
6.943374894216752,9.646474931423057,1.9327694841719378,True
6.650114258216084,1.716588272861579,6.400643830074603,True
6.571665884309464,7.430161368299335,8.662758820225303,True
2.3123660242740685,8.60505408508721,3.4553636354622483,True
3.999006226928402,1.1233215407771047,5.317484379000805,False
0.01292463556678114,3.1053478978501623,6.723005173973733,False
7.4754483245651695,1.6735966139373148,7.848715693190098,True
4.441168303272992,2.0529656308819746,7.485769305486395,False
7.389254750075727,4.6802448153773835,5.31031054451888,True
6.198037770976228,6.3169520222046405,7.6504160915269,True
7.68936226423857,2.002846057655984,0.20617760714431554,True
1.0515151773673803,3.0750107821502883,5.805109816190664,False
9.61137913601937,4.167729489484463,3.692264703721598,True
5.5722872634529805,9.48312824300795,5.880113584914243,True
2.9517253632846385,7.566634200521669,9.918209006168585,True
7.936193376381773,3.984465434346226,1.7225293267370678,True
4.60822294123894,1.2846865413988218,1.3066363261466918,False
4.465484907323452,8.502223990458223,7.018407388703695,True
4.181630429765799,9.543315076458734,1.7883406102537491,True
2.501676917643212,2.735779692468203,5.72663663658097,False
8.897637329977123,3.8265425848710977,8.26665400808131,True
9.369480311731918,4.791734931826407,8.929294170875211,True
8.89266132682538,4.7635336715737076,1.694816647502444,True
0.7474536844837332,2.395730241923375,4.598720708725967,False
0.15412979683781747,3.297463789303927,4.941238617311731,False
3.3575091254101963,7.337276041801314,5.69617947046679,True
5.330120345603875,6.335075349510167,5.8294435083184695,True
4.139388744647605,1.65984229267779,5.8814291596408355,False
0.4748844651328643,0.3614164924440044,3.423897364090095,False
2.299558636193406,7.555189675998361,1.5851673363025354,True
4.390810657851889,6.955373195933618,4.17717227560283,True
8.053543283676925,1.1716733488933417,1.7183690721393696,True
2.754909147086597,3.651687210101291,5.597009652764125,False
1.9823992830208725,5.590004114332798,7.018194522983014,True
6.52598567008673,8.152024487775003,0.8146300720739363,True
6.778742008921864,7.247479120321567,8.250727589201425,True
1.5019761432203005,0.8650852019402566,7.591836341674111,False
6.466121999863174,1.6656385625830739,8.70872168110917,True
7.169421183433869,6.14984010221548,7.605539483474772,True
6.110870179616569,3.4009188989680106,0.5281153986665987,True
3.4240215129724216,6.250620889375851,1.8799022069175053,True
1.795753966186182,1.11135848958535,4.96557419321692,False
9.666406551095942,7.306919465198831,0.12537488573002076,True
3.7683688042173555,6.821219235158016,0.9696634696993178,True
7.948559298357395,2.3535409992000575,4.438489730134854,True
7.9293550254743685,8.741962305480152,0.8017884847846679,True
8.172658172356574,8.754329077176653,8.385769364720042,True
7.740450907046129,3.731159661188884,3.133963539398952,True
0.4560059744375944,3.9652654543802313,3.0063764712653973,False
1.5882796148021705,9.436435029751776,8.809559888068154,True
8.096830811798776,2.9573190428392815,1.2360488245221501,True
4.274964392305854,0.7230073243599167,3.5374204191531646,False
6.064797243740695,3.173259261740806,3.3453440415852387,True
3.2695488486803006,8.290464130695355,0.345668150235382,True
8.13889192571299,6.102726401882999,5.479763682987333,True
6.936313709198174,0.1854143860713353,8.6309626652916,True
2.8877432449869134,3.995439441435049,5.122722589642752,False
9.012417403961969,2.278293756705121,5.241194621196375,True
9.916408513082008,2.121628913414866,6.478060130760578,True
1.6383542748953361,5.671813569512702,4.347113818252007,True
5.655616145104529,0.2871498344581447,2.0203611352857385,False
9.005703848106153,1.7974759362086978,3.004713584577413,True
9.89201820493928,2.5459887968924733,5.797541868999576,True
4.306288372639311,0.03219641243426441,6.435711759001046,False
5.029780819701067,9.369441493730404,9.766592118609344,True
0.7402228687432566,5.882279145219654,3.413182231386452,False
1.3208824752399162,9.169276849346016,0.9099402554016556,True
5.019623276582266,2.3262086312200534,5.728818586814409,True
2.0839857098064396,8.547352410886953,4.36336648549031,True
2.0167609979382717,8.006456507263945,1.3461381551189422,True
7.381521232233432,2.484199566571342,8.409011489637274,True
2.5652869915845153,6.514730342911626,6.7225211710288955,True
5.045012452980801,8.706675384235957,5.432213625106867,True
2.347400057353445,5.244901942221455,6.87097577042808,True
4.209972202437387,5.243729245767186,0.7248228968398163,True
2.504973808231634,7.671186742528504,3.3418906849396333,True
1.8908874017773603,7.93461819200651,0.29600172812529135,True
0.3823998150794061,0.621534385918906,1.8962342981404379,False
0.49972486965662366,2.9285338658926916,2.6822652593424703,False
9.231269782175234,2.549163327376276,5.772541577392403,True
2.953323587495089,7.256911424140625,1.1407619833421356,True
3.445690154227481,1.4229249728168636,3.0505969025832558,False
2.6037810890461364,4.523938674908513,9.435487982507357,True
0.27217778227845657,2.3159982369196666,6.082666298621885,False
8.348233838465301,3.795893193636796,3.588369558853107,True
3.179757214326324,3.752663228285107,5.383148502814716,False
7.797972863470102,0.21536469675964898,1.7594237038402116,True
2.2211915510565294,6.207306255096151,7.60538622300425,True
0.7045859579004565,0.007427441630921683,1.1396382493889046,False
4.358474022221918,6.918752256335282,9.726591462415167,True
3.6976549399770233,4.237494137760173,8.760806499112103,True
7.6767430871138505,9.04308070574859,2.6282345002204712,True
7.120752211278104,8.08399558936718,2.732710877893033,True
2.434749533565622,9.303212913366448,2.1970616480007434,True
3.2606272862046124,1.0246858947710058,8.763017975301544,False
6.213479386632635,2.431041316140062,4.422649120178509,True
4.447039479166318,0.1685748697760303,7.43704626425533,False
0.7763641906319552,3.8342353792451167,7.377075181730141,False
2.822984568341508,7.645671735841685,9.020985499548853,True
7.039478603121678,4.258190527112711,9.294813182547623,True
3.208989687983219,9.963723438619148,6.0497274766614915,True
5.345851847722626,8.71527342995478,1.0584082391959404,True
2.8653508721572294,7.751428053409869,0.6812131100169971,True
9.252821972949896,4.537709112666502,4.900836820787912,True
9.961180582296617,0.8512028825673956,0.1983746921684082,True
5.631036690146792,6.3424189485386275,8.62451042309552,True
1.923725934577466,8.831920822188978,6.576781689101186,True
5.787341745027485,0.19591369639065048,7.993423590095585,False
2.1806784870980445,6.677666801226506,9.933055349209916,True
0.12720070759161817,4.297151776429691,9.385704761651507,False
2.868806956943658,8.37905527165801,8.189529238188245,True
6.907179078969453,9.983152238818821,7.056635202122578,True
1.046833642554581,8.419031514579894,7.517569841342996,True
3.861529352650812,0.9628785459464673,2.689798693999598,False
5.263868220440222,2.501908901994947,9.866924042047211,True
1.5830666387774361,2.741266021699463,1.2364070888702805,False
7.4856192324237805,8.28404680414785,2.5081257874863994,True
3.9115710652195723,8.884239665475299,5.977339259113994,True
2.1750625108212676,9.968094368414453,7.69617278140858,True
3.066319363449659,4.478767980060181,5.001045931351134,True
6.345184384611812,4.5944708051703484,1.490168585652476,True
3.2911852382417015,1.2875148506443501,5.0249165467883286,False
6.136528503526827,6.018701979223339,0.7057207991775083,True
5.557854804025827,7.813555683537041,5.729118287588324,True
3.3775950018255507,7.854055220903855,3.9954977915227508,True
7.934314018662938,0.10543848738759798,0.8842313606856866,True
4.578989826638833,0.8365909758801471,1.9510257891835259,False
9.332189864522489,7.766840252406773,2.9871892326822094,True
1.1453232278376213,7.31395544542483,7.0807393126566565,True
1.7323291172243682,5.549714913711611,6.411526217308404,True
0.8899752509905345,1.1155948283998185,0.25142110628717074,False
8.375156985075458,2.977712557056372,3.3477808165502134,True
0.4281998010729704,6.487210241431636,2.5010883420348904,False
5.422613517682569,3.4944348944892436,3.4810723461745487,True
0.43016632669146904,3.250874183756096,9.126675691702427,False
9.432229077312368,9.139327647652076,8.508208037070874,True
8.109661176744154,6.280625576013502,6.048608453918675,True
7.183573952034479,9.605317947536346,6.037363510396383,True
5.573830394196805,7.284885981521958,8.449463158756332,True
5.339004867282705,0.20544119301552755,6.0589155251897955,False
3.440402981103886,1.2831242707456803,0.45792125674344875,False
5.339347520438139,9.550360044361065,5.580658487446054,True
8.340071615794564,1.7298799420570121,3.2890459666429486,True
9.552505371950184,6.88736566160021,7.267042886406012,True
2.9558488006087713,6.679560833279935,3.4316324758258263,True
1.9866303828144072,1.5757436335280595,1.7553748658843404,False
0.9247312303517796,3.910072328801051,8.67522944093571,False
5.447959406634107,3.726257651456998,6.4152954394179815,True
9.222152037719576,2.5896434564209536,9.18485546140221,True
9.817809073501543,3.5174079339663655,0.6311477915744179,True
6.810325465992387,9.190607592797749,3.677269174936427,True
3.134129166113401,2.3689307714704313,1.242247119874944,False
6.641179246953443,2.893086596874345,9.33239856929592,True
4.078253946836786,1.2893402676945132,6.669908604531694,False
9.815913054447087,1.2964629595842547,9.700749568755384,True
6.614884270971432,7.67727135547897,9.454684334030091,True
5.481117629099618,5.350436662305751,1.4241603200841324,True
4.113031366737957,5.524071017528897,2.6511688756426,True
4.342126305598444,3.838969550465797,8.376307261332446,True
3.45621824483455,8.962462506589326,2.284722363808971,True
6.512297471336646,4.997875159957602,3.0152122856431074,True
7.794931345244373,9.88827452345523,1.2686534563999408,True
8.112150713204658,0.6988830807298707,3.550503668302415,True
9.569547782016013,9.651332694513487,9.269922971124299,True
3.552783189399491,7.403397600025125,9.77158248723817,True
0.6463007640110963,8.282106609352256,7.243138382953454,True
9.321578742235655,4.5103735627630765,6.432267690052127,True
7.62007374004722,4.966164129636745,7.182334810728075,True
2.166261354699859,0.44667628460667297,2.201692771588497,False
9.852791699790801,4.314204840694011,8.88150923889776,True
9.703092192193012,9.167635724516185,5.493149120929957,True
2.8851331646984804,6.088000910046666,7.701909157030965,True
7.223218591221297,0.32621229451798905,0.565370367854896,True
0.32580425489870835,2.49166574847538,3.9345341062886687,False
3.714145715401532,7.597258500625231,7.642831290973944,True
2.8423463235706867,3.4861796868986996,8.909017156782074,False
6.913847768372488,0.31907199229866845,3.2967033666390555,True
8.234512386686735,5.362708556755068,2.008918796950152,True
4.149023067662543,6.766523365970142,1.7755408221812807,True
2.540612330929184,8.408341637206782,3.891589098206736,True
4.1245813459432625,9.896162320692751,9.580261007399356,True
3.033215066747672,0.0011100289800303198,1.7190898038702296,False
9.755000027293022,7.023597825326257,2.3179012665819734,True
9.042674427802416,8.77071253618278,7.121535155265411,True
0.1778764396474808,5.285674472271187,2.2238750234061744,False
2.5580603124102175,3.934176739936542,4.010976713996396,False
8.84223314114952,3.7453935133365635,1.6591656212544204,True
1.557611565809286,4.636590366411816,2.776262814986942,False
8.393633326987926,6.298390650638703,7.3151737177082,True
1.7734377330344941,5.6678995595182,6.907412083229368,True
0.48253472919573825,3.9894178177967987,6.681032522578848,False
1.5334839221511454,9.570906346074569,2.1199625358087837,True
1.1771530504057437,6.8764511046385675,9.853764648004441,True
7.731484355295214,5.3197008606959315,3.2849728299213634,True
2.155349158051554,0.6437940217177207,2.238414360156052,False
6.286870819245829,2.4736668761622593,9.884797214469845,True
1.5670359858892213,2.444762044566191,4.075691622445435,False
9.538568051910277,3.4112779856265285,1.8454919054758145,True
7.247553173937104,0.8615704350562947,4.7072305813250805,True
2.152730876884185,9.759217967228524,4.377071808221623,True
5.056462139406773,9.560903175361021,6.524104964447486,True
9.924941482913304,4.286571114991156,8.722052547638842,True
4.345561960269188,2.77010751789199,9.60808717970802,True
6.229754233671702,1.4338104785393557,5.68710009562829,True
6.911011922528268,1.358105313410266,4.834814741569549,True
4.439860765940033,1.832882944840033,6.866298654577343,False
4.871898486983329,5.957873113449362,5.3575202410435026,True
6.146505733131354,7.790038443962171,4.838949518908622,True
9.64966907503379,9.023196822089432,4.545182302054748,True
1.2130474556569548,4.898272306591166,3.809964391288897,False
8.88696416814552,3.143679933872293,0.5983223564254914,True
1.9532548730367294,8.77852028484612,1.2173303166700455,True
9.096542861148766,4.296482350796089,5.409951353840646,True
7.546152024791928,8.674978837395466,1.1297988985726548,True
5.887407343442161,1.8880511174975079,9.546670632116337,True
7.713984010295833,2.5384512558747243,3.4592134285912755,True
9.758484368038877,9.5817685904685,7.669979646854982,True
0.3897804165263097,2.1971786722176043,6.033435686991143,False
2.066499830287909,5.170663502317181,0.06453180193181196,True
4.612799381043366,4.76268532517928,8.286671144273082,True
3.467700698558549,9.00152089727299,2.4388804504477655,True
0.17391187292631116,4.518618516972718,1.6742491410464932,False
9.550555351459826,8.220219006472675,9.359906977465114,True
2.1349902300852888,8.748382434244057,9.14116530098483,True
2.8236368873441178,8.14946858866622,3.687939222167931,True
1.861860655811839,6.764946987541796,3.34280689462478,True
3.015997542979668,6.44575219453114,6.483312211504128,True
0.14565799158267279,0.2868168991051523,5.359426856402409,False
0.901808316407543,1.0808803126916278,9.345083313304466,False
9.520210282857223,7.117342347350581,9.236550582430402,True
6.899994605261598,9.263312869126793,0.0353285800601455,True
3.726707500140558,3.653835698186183,3.3909062053345673,True
2.695842233266653,3.199059063027371,7.437087140530075,False
9.493628362946074,9.220664744474426,3.9011163389173875,True
6.030466692736307,2.307798912028185,3.0871584143622552,True
9.115144011480844,5.385202324298742,0.8779581389019497,True
4.8179978185938,7.890080219623759,6.8085286171884,True
1.114549960498833,3.8876348631132873,3.2085886580441647,False
2.2086904837348307,2.455963272877879,8.377465243094566,False
5.533119533298821,8.03000886456713,3.9660492664488656,True
8.420532766808842,0.07236911878613306,3.411597409425756,True
1.9066801948133083,2.6857065780185096,7.351735889413562,False
1.7879023529193616,8.779438190918748,5.792388378389046,True
8.75666362568475,0.22899334552850648,0.6179828312429447,True
0.3294143308103148,9.870647143836326,4.693098079038172,True
0.5972506952949308,2.8760840483700267,3.539388073854981,False
2.588780615273615,3.150197783543268,2.39133440422978,False
2.4838217536603944,4.3159551868546755,1.130033718412251,False
5.982545173459918,8.07217363713811,1.7596884072576435,True
6.370943307257438,6.858290224734796,3.1672100342530585,True
3.8446773856757153,1.3973286000173224,6.160376432399134,False
9.782301774224617,7.7664259994539275,2.146723712214241,True
4.281132654484818,5.095899585906096,2.807877616310972,True
9.632466276277063,8.781452715142782,4.463159810131341,True
2.2671806729343125,7.526650226219217,5.185809436248327,True
7.148796857792825,8.746129970251712,9.715833400717115,True
7.849049325043075,2.0522515550589393,5.5370523559645815,True
7.177200394726851,1.7473793053112452,9.891818031512194,True
2.720514451099405,8.484005364579527,0.1476603054018033,True
0.8707846827738164,0.1570826954260207,0.8761062564949118,False
0.7451718351886272,0.7897122963514114,7.232586954556802,False
9.205347617652334,7.971901586204587,8.182862279671015,True
7.792448801894825,1.7412346188053085,3.854073554242169,True
0.4690692892934001,1.7969813547405844,1.9594130301905843,False
4.631193229604124,9.233509382322055,3.5447338353156077,True
6.889942162557317,6.593672917833842,3.072593331244957,True
0.4270983962554886,2.164199923848221,2.005209404568209,False
5.15226070221201,3.1618749908214347,6.5184030112178615,True
6.122270186780147,1.1071630768416163,8.59965775561432,True
4.163234587390463,2.11369418530165,0.33696309949740155,False
4.804798797021719,1.1918309921083325,7.529995008014788,False
2.0175384082175905,1.7125259061331721,4.261275741694273,False
0.7741593262531099,9.097979288563836,8.557698522867735,True
0.8033715772125083,2.4213233000690213,8.331374266561564,False
7.678779134833803,5.357314424071273,6.76958483584454,True
4.406809112305428,6.0826389829633225,6.194327195799475,True
7.4408255202592875,9.718315471247507,5.190206948019204,True
1.2990919172487236,7.705197837098199,9.741254632523145,True
5.372746314426598,9.338278843346808,7.519780954586466,True
7.506988960885316,7.929057666052306,6.078903143702621,True
1.0871422200520864,1.3515182635444956,8.683332197571282,False
6.424136539517999,1.7138223798781194,2.3550391855574793,True
8.746652344475091,1.2535799684705118,5.855678127645785,True
7.604583997987642,2.910858154224619,0.16401635721636332,True
3.85156223072015,6.710792136285533,8.782301165557127,True
5.983837548811074,0.7214316427942458,1.9778470511413548,False
5.091220643124954,2.5206321747036906,1.3268695733879121,True
1.5455054961261028,7.8060870976998125,3.4899621135574446,True
8.51687002652636,9.566940901305534,3.433714909297879,True
6.734055373261193,2.0974059900683173,2.78195189521089,True
2.220246837375152,5.071352391918541,1.0161999413060896,True
8.06458871680864,6.9823299029690915,1.2516244110301422,True
2.7822125440854917,2.571327198993556,9.44063371891754,False
8.997918752806193,2.150471949965688,6.2244054156701845,True
7.514594720991621,5.217727382427184,2.804078237533817,True
8.501567644220533,0.1426024564124162,9.366485504722952,True
7.53333912249329,6.218205283334713,2.721689012758153,True
0.901340405570964,3.891275134772406,5.13116887554145,False
5.729774728842454,1.8168823821172109,3.7202087934836037,True
1.5607657900176342,0.24267977431518872,5.118095658939951,False
4.818492316054405,6.060444033127288,4.338796161487411,True
6.649124734526687,9.428965294307902,3.989467008176193,True
5.842087483204759,5.1968858198771,4.863432049344125,True
0.029472083776130864,0.8383505385379342,5.783527483119691,False
5.87809514973777,3.6869432214091793,3.4475188198561115,True
1.0280753440975643,6.774279104528728,6.432221900794627,True
1.1934792094078095,1.6130018790503597,2.440297879745245,False
2.8444049430306673,5.627643779571328,7.972735630631974,True
5.662182307027242,7.895886677830857,3.0900872661498924,True
3.82792978129742,6.690778766739979,8.388535995434594,True
9.143093664320919,7.204003263792087,1.7646354590633184,True
5.897516987225888,0.8359705941042817,1.841365958218678,False
4.369514561391286,6.235482331108856,2.092925427038339,True
4.27459477573233,2.9826701290666033,1.0633864315905506,True
8.901319806911141,8.282426620383626,7.8486973411002445,True
1.4424374872477908,8.272309936927902,9.28635135875042,True
0.6904418319016048,2.469814681454614,2.9235378260316915,False
1.9921102273088165,5.600902795312207,7.316021273302125,True
5.866668703536901,8.971989720243194,6.040882939559139,True
7.323289228291666,4.485946680294716,7.432945164343529,True
1.4174278384481065,4.641598498963823,2.5263313861343875,False
3.7377530853722254,3.7957566492742667,0.7540288285051311,True
5.148351791953159,2.1379416056547127,5.198348811117909,True
5.341064410021522,4.4225297628338565,8.769891889896869,True
5.3147166264892185,6.744828463995221,9.360311336319784,True
4.4165382228994865,8.63401156863087,4.10353768467001,True
0.18473589327530737,2.2499722298741656,2.4816877046821095,False
6.480960055321563,1.7140193388218938,6.487017216112597,True
3.1311569648176905,6.501913580243134,9.06976690494632,True
6.583754744911969,6.968179573383653,5.8487035161069,True
5.724676000562439,4.7924983525216724,7.546111211025921,True
4.128170650879942,4.038506366764825,8.07286880000712,True
7.464684481483182,0.10122872113759285,3.152918036035798,True
3.21041086278452,2.695661065310869,1.2210539912119889,False
4.725740797500605,4.598334906201566,6.242406054430466,True
3.907413030009339,7.864864518936015,7.407462906635018,True
9.330594167087714,0.27913839174524946,8.237701355559837,True
9.678008525257049,5.12765489847825,5.229403593187691,True
9.070844035102558,3.1746118888943817,8.20205139294407,True
4.631780016135717,8.528826445913694,7.38201827148425,True
4.726180969635523,1.5668254987136043,2.8785950631407453,False
6.337671978520817,3.285518812871185,1.932037224740425,True
2.6924071886935073,4.7938500023856285,5.7994130693654995,True
7.30328533026467,0.33907377732542265,5.979177346131451,True
0.8728164060872878,5.30078225982148,2.1661960455470597,False
7.155706195504975,4.75170912818792,1.1727679873209695,True
5.000838198509748,4.518347084452358,7.121039450191745,True
8.994846324359237,9.988212408400418,9.697298790920035,True
0.5846615695443269,5.283460032518653,3.9243491909754082,False
8.14835386171101,2.5400982720203102,9.171173253780236,True
1.3640587508727287,1.4282278732402598,2.574218979418669,False
3.472831507711577,8.08265493800497,3.8233219416891617,True
5.6641305133543405,8.551655136832597,0.9626564023028883,True
4.9963780420053805,6.372572699904974,7.213752777152141,True
0.5269992853583061,3.6999708583035895,6.457315296807763,False
1.2794844298485875,0.11009417474531213,7.941109440414669,False
1.3274025493680996,5.128205493720188,3.4186757744405014,False
4.350032715690515,8.443307570517174,7.809495954154225,True
7.190317056375779,8.445859504578138,8.70054023186165,True
7.677099534933386,0.672398756815975,5.777211838250706,True
1.6411111218413932,9.01497819581921,7.623431616139859,True
8.094884905101317,5.4556279891852375,4.009445684898657,True
3.269908479431666,9.368453419886698,8.872446362498913,True
1.4821550045946141,0.7789700660688792,6.564893875562653,False
2.864340252960135,5.319612628532142,6.145668690288155,True
4.3702222795429,1.0561750308588558,5.047013096383159,False
9.03431645580223,4.62389716676654,1.5501030342810473,True
1.3596348329083174,9.650893014766302,6.869317524309791,True
3.2580774256224174,5.093483944158952,8.837529483527554,True
4.298889567808822,2.1315255671363023,8.329665436905456,False
5.89133894170047,4.90664979010743,1.8697071331563686,True
6.423773669519114,5.4228582669554175,2.693973324460729,True
9.994052780601457,4.850927059558902,6.293769264304486,True
6.011904851670337,1.6155149494162013,0.39786816145074066,True
8.760739283915616,3.44379294749686,4.476022163441572,True
2.169706142567854,5.897747027672329,7.453487651336028,True
3.8366485911221226,4.456630958308681,1.9768993182851557,True
6.040767605363876,3.086110861311604,7.883249927242914,True
8.672562623224216,0.008669864462091947,5.889021012751057,True
3.392704307585379,2.5357964548899945,2.401052214209971,False
3.043234476802411,0.9061783478626873,1.289456977043374,False
0.5159083806394149,3.266349494188514,9.254972679273484,False
3.392930669884681,8.451313092944346,1.8163191696602576,True
7.127157630764475,9.53393557459523,2.0971275901963238,True
5.8428110216705145,7.259986535047771,0.03181623849211834,True
0.30126452117476776,4.310164857469646,2.587601967913482,False
3.7106742853391985,5.364044250818906,7.781018571575449,True
2.479085157956643,8.408663837630847,2.7390228881083756,True
6.673206406369242,8.893630491783634,1.0704791796636015,True
9.493720386468702,0.01767231039888517,0.8203659262683305,True
6.0894863812940105,6.058787260062241,9.170963081646535,True
6.627847283948397,1.8225974011194446,5.4046094093432,True
9.67316874024644,8.216263472686485,7.146639070844719,True
2.4981592855753476,4.4158082370912375,5.810169533471244,False
1.252115983953006,4.024176985257856,4.481988348694431,False
3.8295385581919805,7.728642732506048,2.608601327883818,True
4.907144148112421,9.45636777490868,6.019403011263781,True
5.200760306417812,7.311242557082491,6.9845950335567615,True
5.511751706832059,3.7304633271482004,5.789580548565477,True
9.250672128738165,4.181318571252723,6.63675732580152,True
2.643656465378367,5.218330792664192,3.0052520225780754,True
3.0488167224905585,2.0311556205269965,1.7423200076665268,False
0.9662860853604105,0.5008713376347074,9.559439527105644,False
6.73138369506039,1.9355597917607303,4.487023567238918,True
8.418474782586914,1.2243545354099772,1.7611694627094632,True
0.964902042313811,4.616561576281983,4.6070010387555,False
0.5354017039673642,5.622210166876165,5.836908708767975,False
6.846082422001041,6.0690248174619645,0.34483947657812375,True
0.5857768890278392,4.9201401712340465,2.315853356802684,False
3.0734815628404775,6.857690159909114,7.0254092656919305,True
3.318401767429057,8.242275520670113,1.19900368881112,True
1.2071454123138359,1.7240630749027253,8.895936325483458,False
5.542973890320152,6.572320508115521,0.05733096194478815,True
5.54336380456351,8.611506144269192,5.078042612648849,True
7.125611603116177,3.4484197311242335,2.9598458994574193,True
8.271823358432194,7.649413642446565,0.25787162534901986,True
3.3885633398115322,1.1487576413730394,1.9417339958948265,False
3.641050132804936,2.9381552640723707,9.128368487841753,False
8.893327554710552,6.2532168767829255,3.242125532693848,True
3.838167955703604,8.850038836311969,0.8647960851374781,True
4.033400836898926,0.9438132744759808,6.170871630430201,False
4.991241756563673,5.582562377851108,1.047463404506842,True
3.546760837638457,1.846772792392577,9.376489775873297,False
4.659525479995647,0.6576241105167135,1.852327993558498,False
4.726608126079514,3.2072794028258347,6.094743069905036,True
9.287778355081727,4.3654150656043065,5.871626547184482,True
2.6066777942964627,8.587712430990248,5.8360579356850915,True
9.890176218354732,4.93097438326921,9.173518068685603,True
1.6928966938394963,8.985084477364394,5.377127258989518,True
1.1728932719158092,5.966197097474546,3.0918899209140593,True
0.00124208498616718,0.6734920724979765,0.06650843115299399,False
4.253518460456674,8.267958559806083,5.958305398158328,True
6.581713883875961,1.2349573178305462,6.3262257088210525,True
4.3968686304158755,1.2477397493364384,4.522817299733514,False
8.362726429958851,6.701601226636327,7.878958693468377,True
0.007912656446343869,2.60327138289845,9.987537791929666,False
0.4863401796207445,1.7485328787634502,3.987675426454169,False
0.6566821279216295,2.1865301349671107,8.995128961364188,False
6.414074030214931,6.619153060867142,7.476442774984097,True
8.72223336900036,1.2079990294339893,2.5552738987230583,True
0.1689077959015961,3.3584231115068253,6.697245846550887,False
3.5838443514900864,6.052407599249489,9.978408888527794,True
4.468221252764414,5.874655520721711,5.464973388717227,True
4.564617208921412,1.1169465671397993,3.9252001992805385,False
8.050334466120551,7.454361623280203,8.77323543843356,True
8.971300034346381,8.50164878812826,3.9172669641421463,True
9.845330547425007,3.4959992654623417,3.2605061700310523,True
1.6876410172983014,2.483146382140596,6.954445197345666,False
7.8148605717019795,0.5719337568350824,7.92303164351361,True
9.294908778400856,5.525366194326644,1.148989710463758,True
5.299210594738241,3.143043341920315,5.971890881033225,True
0.10038636079232166,0.406113948919119,3.74735536440118,False
2.860030023261607,7.653173683143182,0.70632682003399,True
1.355328238885034,6.568658156343475,7.065123414522296,True
9.472649559325143,6.82703588527078,1.9778556317442597,True
2.7958350244671113,7.425081560237174,5.053119282595664,True
0.1401271767064005,5.5876805003340575,4.141383864202874,False
7.06237422856923,0.26747572376211837,5.58561292865196,True
9.161261481955597,5.3605560493960684,3.946552678119276,True
1.8890289302720509,1.3359903762570857,4.345313051895994,False
4.125095867960176,5.721565089133782,0.956855806985335,True
3.5013222993748725,8.385778218943011,1.0902156151913611,True
2.2784541357433064,8.38647132190086,2.3845128417590313,True
3.9356738034519525,6.101524418534128,9.24288015869483,True
9.063677635131294,4.1913990690558025,5.047554358717445,True
5.244491159366382,3.0722505754448237,7.024966018964626,True
0.4081370021464614,6.541056199553932,0.34295748974864315,False
3.181246147144876,3.170466043625464,7.67802795240243,False
2.0630489476230784,4.081242843701764,4.565159098525364,False
0.5506314913028565,6.488387267421083,1.8339442036332199,True
0.9423872789208332,9.64486417997563,9.270308776774534,True
4.853130902825912,2.4375452579809953,4.317605746171131,True
5.01613530643216,7.914997996832179,2.3780008918895126,True
1.5088068626268325,9.058344277545785,8.704417059863852,True
7.910248117344216,6.8916814240996604,4.895585229586531,True
7.813670764287638,8.764712355096098,8.713565785869012,True
0.9688359189394569,2.4122297514895665,2.623741919506087,False
6.442764085835741,0.21650683508433577,8.21204943407938,False
8.7439755198534,2.3884437529675284,2.4611209139959014,True
8.161863616290429,4.590577173853333,1.9988044746938094,True
4.64802541914139,1.1033188722160836,7.139932121955281,False
5.362501205255434,4.402386839741689,9.252109383814085,True
8.444154439529314,2.0592485044113795,3.71994885476881,True
4.548111789833866,0.8705475075886093,1.71474295322802,False
3.235452102330447,7.452232721970158,4.469168882230856,True
2.320951575744573,6.85378509880112,8.575347680594765,True
4.399282665490714,3.8297516190276304,2.752426701937555,True
5.35289809623581,1.327042585137841,0.6583782832478868,False
6.697586819445469,1.4088331403947407,7.018349641455167,True
6.119710502495817,7.579765963860212,3.441485752388218,True
9.271763109098668,0.6064690905558201,0.7630706693132006,True
5.17564454990925,2.398693487929174,0.4142641476175435,True
4.8045115619750725,8.897527654665506,4.114550364352536,True
4.2310826967325905,8.090240468874029,8.636548934203365,True
1.908550359440846,6.989421147480176,6.61165167729444,True
2.890437153353923,0.7384772638564419,8.093782968762287,False
2.1304204141279524,4.44021081935748,4.463203316133671,False
7.294174874150339,5.747718499159026,7.30301973123699,True
9.57401431319003,6.515693390068269,0.16665679523416133,True
9.842055791592095,3.85429887680273,3.885986806836393,True
3.023894341708784,8.519058372788173,3.739158563800115,True
0.42342698282829216,4.293537695669498,2.098105569555356,False
4.207290361184341,0.14681668475037712,8.026119270185378,False
9.014281136755661,6.197410367605222,4.000148057296827,True
1.3531307766509937,1.9859472970638914,6.3218327225489706,False
0.6377881999695667,4.352210885821667,8.940731578661312,False
9.843049081978307,8.324907285766765,5.383418123586886,True
3.4761597488214004,4.693878008877416,7.213433983630413,True
1.4848835791327197,9.202023495899372,7.467014459301052,True
3.242112907415795,8.589151711905535,2.3926520648355765,True
1.1040486245398318,3.1221105957523054,3.516435940873982,False
0.6662116228162951,8.39216934609879,8.942647885154093,True
9.990915420849053,2.6842541230252404,6.243769545907142,True
4.545939722460455,4.480416296507639,6.108624550810782,True
7.708913184667569,2.1256327178530454,5.425310284644194,True
8.730905065770301,6.989558468837162,9.49698453114175,True
0.49557230283222564,3.4646528579733737,1.6369965009515342,False
2.495931614476995,4.809529781987965,5.168649120878351,True
5.888582817242919,9.605987837991494,6.423666459717485,True
5.4735590587083385,0.5270777714726416,8.811334543998814,False
3.150158064584728,5.5641604209061075,1.685275203730311,True
7.102955196121997,2.1735672873119602,6.886863646825367,True
7.83565347841656,5.911089263565776,2.6249828525319474,True
8.296084223384824,9.426340738600963,0.31097190046277756,True
8.050934635245163,7.815760079900395,8.018610615543958,True
5.263956335989017,1.4699582072369533,3.607888879486083,False
6.880263540498612,6.69561216564242,0.9296479389624557,True
0.2900782626490994,1.1561682330342904,7.837727396727727,False
0.25286126732060876,0.8398129269075538,0.9539994465824497,False
0.4922116147535849,1.0352317853350312,8.03920026765837,False
9.82363121488352,8.14525698689206,2.208612474792445,True
3.472820832427379,1.5333150733907885,8.889438585241443,False
2.9566783845747233,2.255187257331821,1.763611880063266,False
7.030172338230859,6.355153954258901,9.670810251316688,True
8.554788352585446,4.713606127063619,6.620976397390623,True
0.2638543879735511,8.148246902297542,1.2053652530845216,True
8.189567427981284,5.576256230826368,8.913572859596345,True
7.567579388364779,3.4529560368591183,4.319839914414797,True
7.134831454122919,1.8845591777998205,0.03732595707297559,True
9.555514258930073,0.9050172071535678,8.253801901822333,True
1.7843694038269065,5.233433125510883,6.61062460668324,True
3.669368084804474,2.9987174015481646,5.793809115440464,False
6.654829821762503,0.0564253446873797,2.2153462509595734,False
6.5158104296475745,5.925944646910571,6.756353925519887,True
2.348602977476162,9.327489483996148,6.021287556736402,True
1.0068925205581503,1.9504514632248637,8.63571702102215,False
4.760387412348118,5.05001275286647,3.334212100903277,True
4.947099003731843,2.58853237457347,9.894559192564126,True
5.466063047920764,6.767978061072415,2.552590563405994,True
2.136154911043431,8.753874169578099,2.5390004219585194,True
6.100292856880996,4.310871664312522,4.901029934906123,True
4.020082268469293,9.67024471170339,0.08634371773415972,True
1.2635077885848567,2.3067855399537907,5.539053099826407,False
6.823294124437558,5.102320004988452,2.546025392946615,True
8.902759209644636,8.82497582113694,9.56080235364942,True
9.263655115417658,8.649443085133846,7.123422276755642,True
9.489003579140947,1.9432994631879263,1.4530570772760698,True
8.280588597005993,9.48059252284504,5.361150903969599,True
5.477373932855509,6.224691385145703,6.901209068009619,True
4.507407163764322,1.1710380616943805,1.730730873138695,False
4.438190109794865,1.07294072234835,0.6099479951254039,False
6.001310345607289,9.454294735076997,4.061549056195992,True
7.937288190837252,5.521747373707408,4.3751431647185495,True
5.741538377724042,9.977935141797783,1.1887348398528774,True
5.653384638946651,2.711936762174628,5.928152244781484,True
7.558873455561433,3.266798252178554,2.5386492858710397,True
3.4780031619955976,0.22536150648186926,6.517125293068171,False
2.1126523403323407,1.4508992740464866,2.4619385585282885,False
5.780280222715364,8.8529374402613,8.779654493554137,True
3.4698901306540697,3.197298827992836,9.573274371870781,False
8.875214794301096,1.8693879702682892,1.2455831523098393,True
4.108992351856919,7.925150310378427,4.058041596180866,True
2.8686814109599004,0.016940938309577547,3.3086448330493723,False
0.6080983036103049,3.1453299670213197,0.18668862394026986,False
1.7746405696010936,4.9567088181266215,3.6934553217984725,False
9.008434572701422,4.985057547901214,1.82823066086245,True
1.8198579634576473,3.8655975015903685,8.163685283521856,False
1.8206745150192272,9.338044530708174,4.945393880972754,True
1.483022158349404,5.207861942237444,2.635405251878311,False
9.608967144955615,2.8266934086479525,8.688474932140856,True
5.320693611244848,8.22443102194846,9.636917368900429,True
4.348636073198838,9.40467152189142,2.000821016859007,True
1.459845562369294,7.532351652539231,5.678247124417216,True
1.1301928176866538,5.108205646606663,2.340768229451685,False
2.9799961937778416,9.533526858214676,9.717646439015109,True
7.194753863516464,1.7159696886491704,2.3307058876669293,True
7.508943734404513,5.278227365222012,4.673357077687208,True
3.1875464346587368,9.383349289591742,2.4872618252828294,True
4.023129176721446,1.0520453687531361,9.1197022518377,False
6.72401426103372,1.6060337712479555,7.87262455398327,True
9.487891138065407,4.590627804902455,6.880444353145921,True
5.4642009675537775,7.961888705073474,9.162200736595368,True
0.3571207493869544,2.0741717123235706,0.9214568728101358,False
1.415314462558439,1.163011381184137,5.944659129606229,False
1.2860633629812512,9.460460293040251,3.02739476556255,True
6.198843145876777,0.5191816004855088,5.578298663146048,False
3.281092901137753,9.662076693384307,6.525789312833642,True
6.5239215558138355,1.4898698457944082,1.7957074094899983,True
7.912217026214741,5.670166122438955,7.60134293955327,True
0.8743915623845644,6.661708465815199,6.306805501497507,True
7.88022630716403,6.8093270920363,2.3685104021216374,True
2.944493720720942,5.239480327528986,9.283451385304586,True
5.527063904393752,2.417081119079445,9.428048984194936,True
0.4572450737721323,6.918561249817479,7.622574101073272,True
0.29034566586393473,2.486576888500026,8.30617100059379,False
8.3421142416003,8.277509518243685,4.526669818516963,True
2.0176015355662003,8.698430181155679,4.464667264536542,True
9.821001817883113,0.6317271357448218,1.0532691377017311,True
4.449979632884499,8.366725714132459,5.397739058796677,True
2.7301569943924098,4.876355735538615,3.0626296876828905,True
9.475686351456034,3.9060082695049014,2.5479265805105014,True
6.125855849474955,4.427255564352979,8.588701862111254,True
0.6057110467758731,9.001989555418442,2.8433599834053505,True
4.065783588069255,8.397123808653037,0.8957792599264147,True
4.687472255972414,5.813194501426798,5.447549045125609,True
1.3441832515201135,7.131001577495565,5.436025017119724,True
6.925117046756738,0.7165714337908646,9.732359664372638,True
6.963186295210852,5.31676874271654,5.639687148656386,True
3.289935807048485,3.5786060501901273,4.765341439586864,False
7.520027135216916,1.3605537830349346,0.0991889942512647,True
8.218610591459482,8.196178850978406,0.7514497492013406,True
6.07419845336163,3.7758098269880582,3.74213857214757,True
7.067790609092086,5.322458510010442,2.8681276259944943,True
9.973342458097378,6.666765928398917,2.0146296508946717,True
6.675125269569497,0.419757955260337,3.9902382565414385,True
1.8568447968760482,0.7182550197670767,6.323991055838033,False
8.347512385687127,1.814016763903945,7.528731973484345,True
4.102388028456802,6.288735311218679,0.7920868166856132,True
3.977546207507827,7.0164774945877495,1.0337412107971433,True
2.3265623043296593,7.24001853728031,8.125275678612903,True
6.971975644565892,7.005513796967824,3.853193417529157,True
8.241548013180717,3.5928928246727243,3.5466106855182367,True
1.9968851743641958,5.116287093735633,3.523604398592508,True
3.6256782606650195,7.1830899133669295,8.750615851499932,True
2.9734131478588255,1.7312211386862508,9.830909850431151,False
1.603886080113892,6.239445787423498,1.3724096650574469,True
4.352836575814955,9.935090526332818,6.62259958189034,True
7.525238696508617,7.265697845350529,7.182922949179917,True
6.435911670624773,8.765438826015231,8.04103896748309,True
0.40049499287553414,3.3248382293657954,2.2348574420702025,False
2.529969803777008,0.5033020093418572,1.1435567328901708,False
4.596117233761508,9.881108559087954,4.35765170836449,True
0.37816420907826775,8.600809736851572,5.662497250666584,True
5.588582680920069,4.390529761159971,0.05830757858167224,True
0.6489481013206166,3.6635745166044273,9.28703528447357,False
0.10760731875117835,4.01100722379156,0.3996553728240304,False
6.85279908799318,1.7421225653169492,2.3076553658135115,True
0.9391420916487059,0.06921268261795288,3.6472505057568028,False
6.3787621715148894,1.35312550274161,9.663737599573066,True
9.086509381965529,9.001843181736017,4.158618095233826,True
3.1571327753657688,6.714859368613961,2.0134164326956494,True
7.939374497656515,9.038512069975969,1.7814949947014058,True
4.74864363136981,6.9683223817829685,6.651400676824971,True
0.5621985110012417,0.40724715270033296,2.9773643482394494,False
1.744701387011165,9.671418320264603,5.703521536410685,True
9.850469981694161,2.589850092295509,3.9510088869275863,True
8.572078360370254,6.3514097305523425,5.586134856133114,True
2.1240245767980257,1.222882915707596,9.917088676193913,False
2.355001230765609,6.93629835238561,6.72585821258701,True
4.396957515682974,6.602209061924521,8.890694158163528,True
0.7494956954165399,7.472784874289502,6.042873051742737,True
2.741479178122889,4.513465895538192,7.6486861390719945,True
9.774756130174296,9.254669179424484,2.8422945458099145,True
2.8080156552604074,0.19790918938524582,6.3514777806164044,False
5.2270912074583755,7.689402434476346,7.696538759744495,True
1.4907004507984822,4.529280230425806,4.412531497780153,False
3.027077320392512,5.837545936113902,1.819639192143867,True
7.538786207109576,0.5171687054124396,9.783109669668798,True
6.573045378801559,7.16146184837812,7.64416700499447,True
4.171819072627763,5.047240207001444,6.878163304876555,True
9.061309202157496,8.809377034687037,4.516284922692392,True
4.859725652080139,1.8817990335862211,7.661627480951453,False
4.410351798797803,3.901965802494497,2.140929031533606,True
6.599224271552982,4.662881624597857,1.283358948296246,True
2.429030361206058,3.6483642858919083,5.915091050993073,False
9.937949795185093,4.365502035018532,5.381587534731698,True
0.009245422409664972,0.5745330165000428,9.718451141768547,False
2.6854511934775207,5.4782476360925125,9.832410431371297,True
6.353844334438023,1.7171854255943564,9.316959483891456,True
5.040678040142582,8.944499940708429,9.286593548508572,True
5.368388601220131,8.618889488774359,7.143201852858549,True
0.9983681538074773,0.8307127292951622,2.981182634804399,False
8.404130370730416,0.9264888310792962,8.865817611888072,True
3.137904815580581,6.800170529852641,7.2210369276485515,True
3.450696664581927,7.762177807483606,5.193354907961474,True
4.479233347976054,8.449564331515518,7.271613325791346,True
8.317373749836664,2.943779102214882,0.6712615377629016,True
4.005557374564467,6.870953585165886,5.266063304050469,True
1.2684220736117247,8.761185164266337,8.035868675622268,True
9.29648352919502,5.695805875503851,0.6395918907190168,True
0.309787382158736,5.403070652746756,3.8610938942119963,False
9.015371336392866,0.6247006762198215,6.082426976859897,True
4.3582502871507645,9.421340972853153,6.468898011088278,True
3.1163283981710723,9.939660128066755,6.520848162246599,True
9.413081104725926,9.910166890897772,8.728958518206916,True
0.17714388032912365,4.049637042777521,7.2658149313360845,False
2.3724684693028752,0.7981037197664775,9.029782960126916,False
9.872459271666724,1.517203310043207,0.20452140280299624,True
8.363678750030726,5.00282814465622,7.884528908669085,True
8.58746049520114,8.871515955378316,2.661341592775448,True
9.239499359492507,8.024220784315014,5.53478720969255,True
1.707483267555785,8.375689947538268,7.973166792171558,True
9.539227724248494,6.839828683072778,5.105505631446032,True
3.1915422482759426,5.635977581680143,4.396187624263526,True
9.009080439074168,3.2854669448830487,5.269910842405801,True
7.317985033909066,9.366989821011053,4.570753603982883,True
1.1209428343282135,9.85305165440834,5.334493969386783,True
0.4355727667398335,4.951137357614326,7.088116871847765,False
6.8555673019842445,4.023702390544399,0.4141766963117943,True
5.745172784663804,1.2216407706679544,2.531883510048768,False
8.784538939876578,8.564853903530903,8.781719219527112,True
3.5239305508100927,8.447281669053957,3.85831679236585,True
5.337120390921207,6.314951840727049,3.094361823901124,True
2.473254612147927,8.01321044482886,7.848159337232826,True
3.1661394156746834,2.841430978547035,9.883512331035798,False
4.458555988689115,8.249673947614184,3.7629963229152485,True
3.3309817052798127,1.7170103538645287,9.396948372260237,False
7.720098103321577,3.849847486520294,5.8917176984793995,True
0.4216689425737852,3.885924413534405,4.129827791194809,False
3.1890421682420698,8.838443330822226,7.356889866527247,True
5.829698551661494,2.7368019692473777,6.608471525376554,True
1.2112672641048539,1.1762489277455024,2.4861851500265986,False
7.781940926447023,5.865255698374777,4.087169014489755,True
7.605373597730956,4.331399900974663,4.600948414084526,True
3.7338128035292173,5.052616887178386,4.8940513638917515,True
2.362427797501886,7.031764907279864,9.128111152723067,True
0.005342410005948484,9.889418987735091,8.345607063739212,True
9.721461074056162,4.073754036873357,1.7858302295650708,True
5.078290038696817,9.172935456615189,2.017940628819858,True
8.36115714442279,7.688433195111822,5.717665053956581,True
6.647288524229995,9.665083171649165,5.755618442005722,True
8.672666029059595,9.080584273199802,6.698583164776578,True
5.677734071853607,9.180927544767853,2.0219649995326563,True
6.9297931860820725,4.378884946718236,7.784309642175752,True
2.0463677197680563,2.402388999741152,4.2422683792668545,False
0.9168629997665134,9.633450026064478,0.7385211306347295,True
6.8262528709716666,6.2910215548285064,4.279957552739769,True
9.773650913654105,9.420525815782963,5.986675750521643,True
3.777880797189953,2.7064297310728302,2.687814604057066,False
8.103459021014194,8.530064903796337,7.147711374040043,True
3.38883510079079,7.2170650057644,5.4656943744565485,True
1.870093322865125,2.8094928832415844,7.854129517459615,False
4.085161215758948,7.497303515710579,6.176817850556717,True
9.255584068331558,5.646646183268764,5.47577406531447,True
6.120449511195871,7.411108621686484,1.9918833312724948,True
9.476146140580752,5.97955141995981,5.202066115601511,True
2.370248659798281,2.891852675348985,6.672903582156317,False
0.18640454571463905,4.680145446343871,4.402218986386876,False
9.964061543949992,3.6645246107967933,9.881262112081087,True
3.827311810843701,1.745233866794761,5.836423905892497,False
2.397849899003228,3.3249454781096563,6.684346086919758,False
6.917222432854102,6.175806411344728,2.8944607976609946,True
1.7187829404586885,1.569362663067967,1.0807384725847813,False
9.573363959940941,3.4195425811519744,3.9246020896062928,True
1.5089074756261045,8.595651964407564,1.2165681326101085,True
6.148639657495213,1.33672554341833,7.664610094890731,True
9.611724490965592,6.355299066389439,1.3586231708222984,True
2.8625470902322316,9.420186622248307,2.725334725542302,True
0.9465274499981657,6.447581113520128,2.5313676900547977,True
9.398296364374335,6.716419073222212,9.428388935069464,True
4.478512607501584,9.588945420052774,3.0045438571752636,True
2.8338748968197014,5.100672279874612,9.250409302126618,True
9.007478066294631,2.806136289016105,9.09724230294913,True
1.462845835455231,3.421290816452809,5.341047483652124,False
0.17486873152057658,8.230654908000261,7.725418883407427,True
7.726420588189972,7.878370632182419,7.893316364530207,True
5.679718929085919,9.65493032321168,8.29003540532921,True
2.908917272638009,3.3098618827303183,0.8583814878880724,False
8.631532439511716,1.246222427000675,1.3230434115350287,True
6.222982832456827,6.413905616640706,5.068045444970089,True
3.4233699601386167,1.7201723048565554,1.6875986522152542,False
6.001014926545092,5.8931185665200605,4.256971795873916,True
1.0586337418511493,5.249893308388966,5.941700514699918,False
5.877170336476237,8.87148806229215,5.80566173168317,True
3.763856916438799,5.691441989737144,7.161726529239287,True
3.911297734588184,8.27488091945493,7.207429276239403,True
7.7738895027064245,0.633387401120552,6.42819475964315,True
3.665387284321543,5.896598405210172,0.4534705026741559,True
4.181580224807101,5.121840473776893,5.884859490546778,True
3.136639831390813,0.305389186310121,0.31537493295249464,False
7.359329120097731,8.263209575295921,8.123615595733295,True
4.383641705734911,3.563574888605169,8.61343423519116,True
4.127965480547338,6.663393373638201,6.349994669426001,True
9.030973369436133,8.916656224239034,8.331538099005286,True
5.271249188634005,3.6799178507342454,4.164359039521749,True
1.5193570886927588,8.322349596347241,1.123080931116427,True
6.051732603521696,0.3398242443790245,9.393671411170537,False
4.510786394895263,3.055724703517666,7.068887320805866,True
3.7233958905306794,0.4847401433060483,2.2910552996595523,False
2.4292763490749927,0.3155767596940251,9.69432253403435,False
7.991673859467418,8.93321237834184,8.69924495851493,True
4.398302984215899,4.41970361282872,2.1448672794632495,True
8.30533896196099,4.106453489387921,2.6101282496073264,True
4.702173309979818,8.010941517033526,2.189567128728128,True
9.752806844421679,4.037930833335573,5.225129983965063,True
7.955723169902532,0.9626539171134896,6.566372995640118,True
4.325415043103265,3.4798512647375555,2.6046608294805607,True
2.083038969751032,6.55030468833356,7.255298233055644,True
2.305941048949296,7.047179232176822,4.0983553765934255,True
0.3018313064160383,4.102861138832392,0.37525043800152424,False
2.0022840526673322,2.2561399215993605,3.8172009228507586,False
7.5343274846684345,4.297588278001129,8.15885665546066,True
9.004572238742291,8.769768310194907,8.119577635604726,True
4.875017927689635,3.9616326931724744,7.952147785457111,True
0.47856542814900593,7.441437756865044,8.643261900993647,True
0.29808824430437864,1.3486340288437082,9.811266387325583,False
5.7048590519008,7.8338384457201915,3.2795420712736,True
8.909847531243033,0.5492314111707863,3.869678332994404,True
2.144886941765518,9.264488439457313,5.688565094622318,True
8.437547694770462,0.5875655148198267,2.987339998799876,True
2.4450233577066536,1.0219581511637932,1.3666399161760245,False
3.6758313125775866,2.5454932892889426,5.0135287733591305,False
2.6849327721595815,0.8517439233396529,6.713710647719476,False
5.112993167803736,9.910645419264867,1.1560618179977966,True
7.506061587203705,0.17951627598651876,6.966238492144113,True
3.9174064627855465,1.9820646374861473,1.2473725011205106,False
0.7495387253309904,5.212676857100523,6.403715888697335,False
0.7744455417896257,5.70919894114563,2.752714963524927,False
8.341419191238074,2.6165573547131427,5.8742900996979674,True
5.276794556061239,5.789776888480816,5.6225222795476135,True
8.270795263448417,0.08214222845716934,3.2230433381956947,True
0.4965852471595422,0.3995992857868247,4.749874805699249,False
6.365070373216508,3.4610661333143513,7.772588476069297,True
7.8474877968902295,1.1136275645423899,6.242403958705811,True
5.69117816326425,5.327753603742532,2.803039800347944,True
4.995253665804383,0.6270156879762456,4.452237695246777,False
6.075033842250608,1.8230314331448083,1.587955910587836,True
6.652051073791697,6.844369228957122,5.449335107059951,True
3.6140265184793785,5.6059120688113975,1.4918488646581152,True
2.407504221074974,1.0557710575832935,4.321838670376801,False
4.161530856370583,5.76629137648127,6.716574764556348,True
3.7102228865867226,0.6194680567041477,7.09917191347172,False
7.199439866169948,9.553828964338672,9.710750052865194,True
4.124463512553245,4.926782528798247,9.106042747452708,True
2.0093739485826334,1.3979806859384936,4.9356953095807485,False
5.957839171441778,2.6212316593579565,1.8941088391299532,True
2.692146276565061,8.963133299453535,8.500124627358925,True
0.7434813838771315,3.9841303916536273,6.334498137715033,False
6.901732803597909,5.619381057162396,1.1477782265843217,True
5.612253387812812,2.3371461290254825,3.990204345181114,True
9.594187049817958,7.1793802252249215,1.67915075801356,True
0.564169937650445,3.6346466941157196,3.129890186163747,False
7.350234016408458,2.7118303839102484,8.564891381283216,True
6.17428015596821,9.96849436459374,2.7340354670616316,True
3.7853419673712674,3.2912860603235607,5.962974891956816,True
3.9861051319632548,9.992854018860513,0.9312040805108412,True
9.755459951524703,1.8810552425999938,7.422390534532935,True
0.5296980825806585,5.474901298138447,5.181609445618781,False
7.3219993989164625,8.917745076774047,2.529852796001444,True
9.29554060891289,3.5151806550733133,2.1581380140652584,True
7.842475114180596,2.562382464435382,6.203900469704333,True
3.6913040944128337,5.6576702349934695,2.307926026718902,True
2.5763011554543516,3.101240062678313,8.508920275030505,False
9.029857614365334,3.4451418058297714,9.168109921337168,True
4.880884342950871,2.22663459370965,3.1271631706165373,True
4.235428741774424,6.559645967896396,2.909134199094706,True
0.8233731433518943,4.658031107587785,4.281424733577675,False
4.747031247463194,3.562747654557473,4.432446823853127,True
4.239915106495839,2.980761466935461,4.809960948996045,True
5.784802749429495,1.9284798845338647,4.695306194695777,True
8.328431100331198,5.14054011040327,3.4472069858635157,True
0.5103829147068062,3.8701174367211166,6.1793011529873985,False
3.6834980598576506,9.738494922382905,9.043253018210498,True
1.416550512331145,6.800148299157089,1.6787820108583096,True
0.20201821058976388,9.393555895263779,4.801836827029681,True
6.872908034461478,1.1222305179825454,7.9221848658506016,True
4.507394546332347,6.782748921200951,5.156854077282453,True
4.471091882138527,2.823534640576797,9.003357867596906,True
9.601216183235021,6.332922274887385,9.224806758868494,True
6.098640669526372,1.1741301730825748,7.003877089403064,True
6.8871310437038,3.8640018296922074,2.610584105828657,True
5.302200212388972,4.403922231423524,4.050157829156142,True
4.572041184751571,9.086387524789606,3.7960384981267934,True
0.2754861274757525,0.06264807681817808,3.647721799696395,False
1.770384143447823,7.914860465236192,9.068940860093385,True
4.264424609258959,8.91028326353173,5.6289038506816915,True
9.483242631242767,4.792144544481355,8.630123931638797,True
8.913761511704653,1.2000205292240207,5.276653600456153,True
1.9618148519928058,7.941455655220835,6.398572751369792,True
2.921458104769057,6.599463057471976,9.72509076876658,True
2.599787701962729,9.267098916281833,7.999201810300423,True
1.7835416155550887,8.2276757703182,1.4968897208097742,True
6.680322189606657,0.14474504975586555,6.081784927581957,False
5.453559679102762,3.318250285060016,7.908390365580901,True
7.290654480374531,3.0329976088786648,2.670013237856208,True
5.199013493587943,0.7558727700324253,1.5609751187778331,False
3.879385853525732,9.955892543988812,9.572141475230067,True
0.4398781961841536,7.322351691813459,6.608518194731294,True
6.151345886067522,9.598890886136804,9.74398055854938,True
5.370966997285741,6.6432184479242675,8.490085814763997,True
1.4094979483232228,4.8190708663303115,9.04812274767474,False
0.011105128691119015,3.5970649394837917,3.203002307908165,False
1.699888837394885,4.2032405516507145,3.805804685877019,False
2.289958396527373,9.522980693246978,8.981437223383123,True
2.079638470709977,6.677929854537471,7.373000220127168,True
3.3063625588890133,5.029096078828292,3.32065081689728,True
8.119200952922757,6.963167730335391,9.072931483043282,True
4.880465397832136,4.6582295270799,3.121883933698882,True
2.849975095772883,8.81393347642194,3.7192135379558176,True
8.930341818102017,8.442465804712802,9.241406518047121,True
5.679827270168632,7.566727324128096,9.899296944055525,True
4.5254974436368425,4.807459100776273,9.706711688651954,True
1.4992074426811897,4.455962379420741,7.572682837678748,False
9.666327068746227,1.465752389189855,3.2534620688921043,True
4.185272169507572,0.5938736789644739,0.22571711532629823,False
2.2059413482696244,6.231077874603832,3.806877454032386,True
2.857353552057933,6.014204030305099,4.6548682882018975,True
4.839124650580722,8.058378431790942,6.659746516106169,True
7.188045693467908,9.679862510433228,0.19985580088967558,True
5.366243411778489,4.020287058072963,7.2599213685071735,True
1.3843533141485143,6.891434489047086,5.81311994577573,True
3.328131159770634,8.760260810122768,6.763901726938113,True
8.777420298117132,6.122290103358584,1.5038201680654817,True
5.162643900926286,2.566193532948109,7.948068257348824,True
8.057908543035651,3.068436646494556,9.113051811527912,True
1.2783226271495152,5.542940415688284,7.002162365571136,False
8.638947737811053,0.1286674310353053,9.311270869916147,True
8.759526138688633,4.114411755470754,7.086944231488534,True
0.2597756592699785,3.2005735952697023,7.24164621673916,False
9.483604857556273,3.0078027525511377,2.003105852165464,True
5.935785083817096,6.977028593234076,4.732690913161836,True
4.906519212067492,2.8664508020169466,8.994876985011686,True
3.572655721841299,4.989690611153232,0.8178064370374005,True
0.7273856072723461,4.486009295594716,0.05992107197453356,False
6.108965705149613,7.990019627134231,9.228371553107102,True
4.047144208586134,2.4384551660916998,1.8927811871064326,False
9.984335756355328,4.73703348044323,7.613922737426625,True
0.7622181667864669,5.048001388178582,0.7412198330867004,False
4.214385808671689,7.19387221070003,9.233132948652544,True
6.889896046479297,8.802564447350207,3.6207393713873604,True
2.9454569751363477,5.523739151893165,5.69325426550531,True
3.4227317567172024,4.0280777793595615,4.738340589039968,True
0.37313766866622466,8.831241120410745,7.135750442891705,True
6.323189600338315,1.2663374901099889,3.652493773380109,True
3.734125385156416,5.431416437060691,5.4039672184932686,True
8.64740719626919,4.71909994481463,1.9269572548136327,True
7.2344879094022785,9.185112371611403,9.508489730408646,True
6.784579851045404,1.505438674398455,0.4037167837259181,True
2.6386651002739345,7.037202414546759,6.450339763431005,True
0.6017969274360901,4.441021992713333,3.0899180663103385,False
4.014645504652606,7.623324219520483,5.715571128304085,True
7.528552635634566,5.395738557584999,8.397464195858198,True
9.979888945549618,5.876603741541877,3.659036270455849,True
0.1874797098852643,0.8103085004034727,6.981580320144296,False
8.015343908576803,4.988335718138252,4.659162410437498,True
4.784969901169919,2.125695120759652,9.598988696316335,False
8.47958548247935,6.498403629865338,1.6375560648759901,True
6.898120949459719,6.710875629870584,6.140512060696892,True
3.000156782447354,1.22495621868011,6.3312830641926245,False
7.607074151484877,5.790671045846816,9.9876772795816,True
8.782922675397431,3.9150671473071252,5.321423742152248,True
7.659926769104477,2.404513662161146,0.0743790985630266,True
2.6431403047397026,8.572713063840139,7.41674126084166,True
2.356189326867948,1.4299291588858876,3.844276050113594,False
8.363542627688956,9.195220719154076,3.6724337621981915,True
8.116815558639038,4.593721267303819,5.348068736302017,True
0.9992257055664766,2.706690592908293,1.5491391397164977,False
0.17897859077816158,4.313145304093602,0.20667582256957084,False
9.137675046268491,5.524515358840148,3.6920443092613233,True
2.4231015440056014,2.2248517927186615,4.381136233721119,False
1.8237604212380498,0.5567690824459981,1.4850620520642688,False
9.384205991507578,5.979406701393488,8.731756014929028,True
0.8353830997625822,2.1344305497564697,7.202188000727107,False
1.613609406269323,1.4053405583567724,3.520831253379859,False
2.0519460697603984,5.022515776473507,4.660639028130939,True
3.550546379462255,5.299995593141025,2.3649632826413427,True
7.01478387790043,8.947664730409583,5.912569351605433,True
5.199914117282569,2.9078293337900507,8.951800747745656,True
8.910775285991049,5.452304626593736,2.179591952748586,True
2.39248099058205,3.458527190684335,6.693104883499661,False
9.489014837770668,5.5090808618401415,2.970883194425097,True
6.60854651578645,2.981108903159997,4.9753216028304115,True
3.9326735835220026,6.871532493564168,4.019115540613099,True
7.973537511490255,4.687041858853096,9.827469302935027,True
6.188102492496199,4.763416104851564,6.796928214378447,True
6.999920534494134,4.294972785331192,1.3969050499291902,True
2.7964217117918135,1.5946989816853396,7.394381317575842,False
6.512996273178155,9.41624135600719,2.7700725832523556,True
2.8591305848313153,4.9160139722458895,6.272651452068776,True
6.126684406875993,4.831268239937694,4.771758127364989,True
9.768082063012821,9.802528917023096,1.0967936977491943,True
5.117637273902816,2.1373723667764075,1.8251962958120782,True
5.036570536721305,2.2422998106387326,4.7996074374992155,True
9.13615574954781,6.380262439248457,4.952256942753462,True
6.525815791884241,9.140373263832148,6.291845273195177,True
3.617688441680235,2.5121001461878034,6.0283428531695735,False
2.548952772913038,8.95402003243946,4.106620320795179,True
7.249105436803889,2.979034807118073,8.671363065056726,True
9.424047106759163,0.882161952003041,9.603859440621722,True
4.558912624923742,9.301207664791939,4.10140679839202,True
0.3218969096590807,9.625056808812284,1.9635852433324508,True
4.80266830697555,6.043127400752909,8.866539817255603,True
3.6071146993392347,4.2045017448500035,2.003992479215534,True
9.60202434973738,9.386209179351274,6.770285915920601,True
0.2069178383136272,4.789649122926703,7.467405503074462,False
7.293991770560925,0.4807873649111827,6.321099250713651,True
1.7352539205148898,3.02585708490846,3.377452864905889,False
4.418195811473478,5.518327718494239,2.9963367488914905,True
8.909022168977033,0.96638304466103,8.161199802165266,True
7.712073826978117,8.647840011802394,6.568574780526982,True
6.910082145838082,3.2638653647906657,4.482933517436792,True
4.48674054384293,0.6033250624176079,4.492155976900824,False
4.964087792632218,2.6928325968042843,8.752407024817101,True
4.456865807442294,4.902261967896649,4.842565384751982,True
9.947338600394097,9.469097578461108,6.564649138083527,True
7.294180850074653,8.416645480691725,2.3669870351667965,True
9.547608928940631,4.624756081624865,3.0774883275058484,True
2.4248213907907603,9.426691801379105,5.782137202576045,True
2.8173777017470494,2.791359585647971,0.0571672694627301,False
3.7327027084995668,1.0079642144387324,2.732237584315782,False
2.037010474060562,5.895536600371161,4.514989911939261,True
9.989715299768045,5.107137347724546,2.292598113556542,True
7.51210779352709,9.523550953449702,2.2862853406317574,True
0.7272381427636609,3.802545887287503,7.304455940766359,False
3.568078863843449,6.03451836765343,5.324957843859051,True
7.5518467979657276,9.205799258213158,1.913422360800996,True
3.875345656653807,3.6915342529814965,1.7207249288766135,True
2.9451060437203025,2.587323670919032,4.366528949624321,False
9.689833861516409,5.752934296941884,4.94396476023144,True
4.36629642461549,1.6994752358717757,6.761926535459373,False
9.62445495603847,6.642194891483962,4.395122897885109,True
8.368950772112418,2.1865887095447114,3.5382237421124065,True
2.732209533649521,8.785424776584318,2.5301172830346785,True
2.3432382581512012,5.880093262474093,7.8811206952681925,True
7.739276354923518,3.917430390671719,1.6807308114292052,True
9.642607962320511,5.906063169106539,0.16523400563544288,True
2.684692905843866,3.4657591207191185,2.4962509887925854,False
7.379034499045599,6.544985822533339,9.604827908354693,True
1.9597255589475127,3.1710234949633245,1.2855313502969479,False
7.368529658704155,7.634280180735569,4.285621046025368,True
3.5262502646828153,8.14260389993153,2.251433752120533,True
0.11230343314885594,1.9903433507104829,4.13485218895346,False
1.7135230189200035,6.7900993530849565,6.131307134842782,True
1.985875750197006,2.832899475936226,2.8110157358703747,False
8.53880082513479,5.487663986862862,3.6469608757286363,True
6.592319812175221,9.420963344699222,7.110695683521989,True
2.0246722804974757,3.202281032224805,4.1050776500363675,False
4.318864203950624,7.36184539475027,0.7264854298675838,True
3.78995366280084,8.901390970619076,9.529130357597502,True
8.727646834803325,8.149665125475886,6.903697871832209,True
6.44659166842402,1.6561329444102846,8.331252811723889,True
5.6979178431287245,6.726375379078191,3.3955062362485586,True
0.8870176745081537,3.670822962512851,2.586098034580594,False
2.110171056604303,9.631475596029368,3.7017597570841145,True
8.98682724720785,8.53431892121968,1.3885930925216239,True
9.290953907626013,1.4435387440492742,9.584196751894869,True
2.2723702786858455,9.524312740995724,8.116847332548303,True
2.828418878941,6.254494572297292,2.0211293496191884,True
6.116165369999507,2.1037547941732173,1.5355451583634072,True
2.56346559580376,8.055589204362278,6.4327389418779095,True
5.614948528448137,2.7438428092148035,7.146277459833147,True
9.761200475748595,4.507593734836489,4.5321667669351555,True
5.929233161923419,7.223994658354492,6.910984359995105,True
7.2032595621249795,8.674839098283291,0.9678039892324153,True
9.56342594298646,1.3232886189419968,1.005116502382729,True
8.26004710618782,4.972790405439263,3.707755743619301,True
1.3818300483158952,8.012071314860922,5.248211198312166,True
1.5725236159154155,1.415899036379633,0.7340279753659484,False
1.8989223231511487,7.8808432589252835,1.1730321423400258,True
2.5423093377044603,1.8534267349328415,3.405414396970147,False
2.342219787520058,1.1344706499140422,3.0285918540205814,False
9.749851985090693,0.18511549459165888,1.2626039822550283,True
6.3438979274557425,4.23059979088946,2.660677142655541,True
3.650800718610334,3.4997624407948957,0.630150762253765,True
3.127244141934935,0.4668826750556754,1.6144589873140636,False
9.325531693260485,4.0422404005630685,0.5084870841384304,True
2.1061118838417747,1.286648233446056,4.949155078497196,False
2.3647791994005383,9.46850787891,3.369154329103866,True
2.3391801853823435,5.583540300787769,8.32728290515496,True
5.227692248544003,3.1512805123002643,6.4961530390889095,True
9.859935187998222,5.477501516387995,8.11134404402298,True
6.2507657343658485,5.655768326711524,2.881749611908009,True
5.779933051539562,4.508045625638979,3.6656616869892122,True
5.2860003935853275,7.174772793520889,4.033804002325407,True
8.02316761351932,0.021361218054519737,8.701275049644122,True
5.5339739714855565,3.9321119902675883,4.61229472845906,True
8.192924748039799,9.1556988435953,0.6209695112892477,True
0.0948079887361708,1.580656671776458,4.888969979367181,False
7.2184375143790644,1.1457467812401723,1.257479290119451,True
0.3392034170433744,3.6880427122344805,4.463889216551349,False
7.3440216650401355,5.245800937463791,7.885545768769276,True
5.410875839504198,2.454258582968497,2.8068636857537066,True
5.690538140071613,1.7851982061728144,6.316219805071869,True
5.520668750861175,7.425188228464367,4.431217585456471,True
9.410771848527377,9.389550347471099,7.041831514683148,True
1.6966370932882124,9.752399395412485,5.883573976842975,True
1.333360195655341,2.740573011220324,8.011596617772996,False
1.896747561000618,0.5388687703672168,2.711678793328376,False
5.600766429894831,4.475523643871173,8.210046799607426,True
3.042638285247077,7.543624771821915,8.08210885997804,True
6.629634671787804,1.1308939336743518,6.907708565831403,True
6.927179354824883,0.5529570270428241,5.839845673391322,True
7.074762939258356,3.2012866282406227,8.215865985388248,True
7.083603884873871,2.3615915136501076,0.22122710648957877,True
7.655189184755006,4.447653104767456,5.52326181595185,True
2.072529153538979,5.445028314037371,0.8643558861609946,True
3.853941855233086,6.6121792447796714,8.101620351496448,True
9.1202595396731,9.664162631911523,9.368394849509915,True
0.7508544756330271,7.989677361290695,2.8203624355627808,True
1.073922311842892,6.15850883817693,7.045493809540514,True
0.7951025760454111,3.8575690327613987,4.143744149051334,False
1.6494996864371514,9.387167700690348,7.498987513651127,True
9.331835724455269,9.939303953179135,7.523270320988896,True
1.7125205213780037,6.567299423632058,3.724237071349561,True
6.06988882488541,8.469147691781387,9.891255062155539,True
5.694891395569516,7.036154818986903,5.652617577432352,True
3.9217920054014845,8.483022504297509,5.299629898152494,True
9.973011824160869,2.5577092027833825,0.6270050080922629,True
2.888475880451231,8.813116874616908,5.786265865404331,True
3.5683000607868944,2.7022018689898086,2.048774908669304,False
5.421722595949072,1.9443786332140978,8.975135486874473,True
8.396112753169964,7.967356973222538,4.095769368320767,True
6.449474941797739,0.2112201552985571,8.152593025969201,False
3.676531281450833,3.8545989200311617,1.0528441915248254,True
9.197478737919123,7.37252438122264,0.3048417206423004,True
9.330824359542627,2.8941199148500765,9.75293564423961,True
6.5490600455469234,1.9799627155926725,0.0036870290300261566,True
3.061961937712888,7.5527314807494506,8.045364239530834,True
8.4259533385485,4.346499482602811,8.016473904671637,True
2.9048353133051883,5.400248252053431,7.309250850553823,True
0.1719953674266661,2.727748388675332,4.020379231081032,False
8.412924800438269,1.395004971950955,1.9866025561539657,True
2.881723706246486,3.7914495459102158,9.630408654616833,False
9.854269397739632,2.052459699101965,4.36807305484327,True
4.452203388863191,5.426089054551765,7.3219862290100215,True
0.691250944612869,2.9123840638560794,2.8270103301516714,False
5.213608708176917,8.789202009296526,5.4827077852919635,True
9.054522294840343,9.340864529497297,8.223485585861122,True
3.641265723965863,0.31439130022691275,8.354913459878594,False
6.713351729361904,3.301269486705584,1.579478533768841,True
0.47876036267740063,1.140636300778437,7.9659643449386515,False
9.463843393566565,7.979808180483426,9.337720079242922,True
7.977204842776498,9.580903376880721,2.0460369283993196,True
8.440512321472783,7.2337422996817855,9.856518505284928,True
7.523928040211341,4.889745870609481,8.923719707856838,True
0.4576393799984191,5.250540549902408,6.951449003578109,False
0.8463201759358596,2.5601455017317964,3.9974576496687164,False
9.989892086785716,9.681856973378828,2.2505431743504034,True
0.8969342549520343,1.6576021233244742,3.140547361709889,False
4.3797738445497,2.7919793791194647,3.203919841422879,True
1.4296527076898125,4.438350951413029,9.422027511426567,False
8.809405253934713,5.485785582184598,2.05271030508269,True
9.860235890650827,4.504297802071995,7.620815603816116,True
9.460544531938691,7.384999238403889,8.06531727718218,True
6.498165354093421,3.1220090541544865,5.67538162387048,True
5.296861457494338,2.140120412412622,6.647476361237139,True
4.347746460124805,0.1279877204525981,3.7346801867662616,False
2.398216779258716,6.19635836410953,7.497912253373082,True
5.719613355303935,8.774764216023375,3.1220970204891496,True
2.190021968378325,6.717895397579813,1.8010084473955024,True
4.291650772594609,2.7482171422898327,0.2920797907198758,True
4.847970490083059,9.994065473991666,7.118402442913007,True
2.249763772468608,9.140309150686345,6.478555550806867,True
7.138659800398025,5.210666516024739,1.0556038408166002,True
7.827803797414818,3.380719934547727,9.339300095289705,True
4.634571541961944,1.0384409939095718,4.3272783257205045,False
3.9662760051626664,0.2293720966125079,2.6295383352802104,False
9.826679424655541,0.3500010328501135,3.26928452738429,True
1.428757915652774,9.052457820535917,2.8089111363886934,True
6.167590244406798,3.6345259056418575,7.284570078391493,True
0.9979624750579663,0.158759468437647,0.8753018029963444,False
3.6605678672865327,3.22441981793859,3.423862018447962,False
0.5241269739538801,7.395163508399168,1.8348317577716233,True
4.856083390154176,6.276723275835618,7.227911361451404,True
6.222773126070687,4.515525738878196,7.496523949509593,True
5.395180827804954,8.043210239102859,2.010747810870701,True
3.1270825744285258,2.0731166654226465,3.9130867846043635,False
2.178534655125395,0.20388923771282763,1.872605006547311,False
7.924938991637901,0.021537890868371656,2.536151104177561,True
5.622853122263992,9.858117968944201,9.29755575991091,True
3.1090098658127765,8.109691637707721,5.4758839245034165,True
3.0752895869962082,5.064965107124877,5.16063002457678,True
1.08048780010356,6.22363298654235,7.483548712570517,True
5.655103267248826,3.4531413806621094,2.5208023317370754,True
3.937431921865251,8.912136970411385,5.89011844511171,True
6.153456645006575,5.245082872419933,8.176160800317529,True
7.051592372952112,5.9975158354544735,3.639095769499967,True
4.807463829625868,5.405422964815093,4.508724655298563,True
7.9197655123266975,6.31320440286424,7.442610473416453,True
3.8691616328763088,7.508666941788981,0.7237492124310774,True
6.96017026285451,2.6197063421159683,1.9299581304703017,True
9.413110587406296,2.11057647309568,8.441718322331814,True
6.580990751430469,5.208034795948112,2.0524836439071725,True
6.575725841563502,0.16415378044583373,8.424069420071291,False
2.7898420193472995,3.5952025418484492,2.295044064938918,False
7.542396521193039,8.458876724063053,1.075254472812096,True
5.155023649499377,5.475183238607901,3.443080726349943,True
9.061515194566809,9.051611181390095,5.659461508819592,True
2.6548745377617164,4.44103266381486,5.660711093918463,True
5.295958242351219,2.7338110923935033,3.418438655198349,True
1.7932436751550407,6.883778099248582,7.698111355641032,True
3.110441157284005,9.025203896653855,1.4045182230252362,True
8.329747001260685,4.69516710721596,1.8167686538722239,True
2.068594573691408,2.390400568993555,6.672133711657486,False
9.295315815459501,7.924927746528894,4.298904787737111,True
4.394866017263333,0.9400808329480315,1.0171024327398892,False
0.5826696172908963,2.2871861780201677,4.267430833671621,False
2.8653427240686566,3.055381788750412,2.888005988528135,False
3.9402935765562574,6.454807696202235,2.268483094491065,True
1.170831665173525,3.544945143318582,0.7561132725142938,False
6.604972297200695,1.134900474147058,0.758287211823907,True
3.6165012076232426,5.053643840258129,1.656457429844408,True
8.871992825534136,0.9789814967999089,6.259576331765357,True
9.44095057040132,0.9962324522565147,7.221886635085558,True
9.89976238664574,1.9056964657701636,7.236672608843648,True
4.916629593103828,3.98321229358521,4.592101972933937,True
8.301756773039022,7.02634944072298,6.0009071760597354,True
3.977673426370991,9.090240522674124,2.1331663768850326,True
9.291830036215817,1.0063036117047286,3.1377595014371074,True
3.274477414833684,2.127368191728405,4.7787897915078705,False
2.4420974676068283,4.223461743646207,0.8683540925381128,False
5.465417752315009,9.193009415360706,8.693721484455182,True
9.361868962351599,2.9042365424516623,8.60363272494271,True
4.263072923165686,8.777665600775608,3.1302600194475683,True
3.4751487835648653,1.4130416752457842,4.5961524808107965,False
2.701565335493854,6.635648904616125,7.107368705469076,True
1.6117408049564408,4.728921158073323,6.566526664370755,False
9.63177208044976,8.6902845516696,4.571954172977918,True
9.129235324569336,0.20701251923796904,1.1326994569660276,True
9.200606553443107,7.572805651443513,2.409221231704184,True
6.540207886649256,5.967540963172901,2.8826050122197633,True
5.696695642038723,5.654593103567915,8.457176372010514,True
2.0573379331771955,4.178080225298773,9.133135373820597,False
8.864283941788981,6.404563594804618,3.082612954127711,True
6.335206971475636,9.325062777433299,4.601762500446812,True
0.9546464328591886,9.272498632122439,0.6392039576767172,True
3.6295979768099293,5.134043923121215,4.335946661417837,True
9.748297956293907,1.0818369965570374,2.777099101225015,True
3.250618985361543,3.135355636274241,5.154961745073125,False
2.4955989121967272,0.4754358253147617,5.587070882619591,False
6.4640505743644265,2.7659202633938182,7.95481107320675,True
7.990892373952554,1.9380501717165366,9.90151686986091,True
8.656738005506272,7.057323660919243,6.636898330092351,True
7.283022440916951,1.541251327412665,5.982421481036393,True
5.627733706873253,9.282542947927634,2.7453242418567205,True
5.153293154410786,7.729207122180918,7.7301809444557525,True
0.4697866844762222,3.324019331862076,0.1551027439275865,False
6.964025259213994,3.5069811610234582,8.347471766769766,True
3.451403295290787,8.338509487534013,6.387672771153163,True
9.318247297527975,3.0546096969484102,1.2941544188615228,True
1.4857591942173864,0.4692228056305947,9.263750436519008,False
3.2398932174384565,6.371005439587174,8.6948246243357,True
0.2766130173795567,2.879552699252738,6.6993748256227565,False
2.7313834557035097,8.250705193803265,6.4272700875469635,True
7.037242603349768,4.666855965503164,4.717411199196978,True
3.3778204961201497,1.9515402575462537,9.28924213879409,False
2.6746025343619095,9.823584307787684,6.285473839061202,True
9.940636423153252,4.329071176317846,9.858043125532264,True
3.7734969525712203,5.661588294994902,2.7359171490530674,True
0.2057851135392308,8.552443601422068,0.954718931970967,True
4.172994563798646,7.440324631162171,0.5511360732279036,True
2.8480901555653713,3.025747840911629,7.123490143286878,False
0.8775383872570541,7.444469457527663,1.8713984260316985,True
4.2818079400861,3.5070043273811926,3.816470415790093,True
6.858153704299914,2.7864683312966863,6.638347972362477,True
4.014198316743859,7.0390235138174155,0.660612781562061,True
4.522902164705566,6.37459890831768,3.764160265528761,True
5.212357085015845,0.8380721302870631,8.79938369788702,False
8.19759229074364,9.306941170475175,8.614832558628283,True
2.628545812081997,2.5624174376161104,1.042776970948548,False
0.7519612320581215,7.244304067826476,7.2049761608285445,True
0.2867779088083455,1.7393313114603726,5.029539713539145,False
4.950114293265978,6.684975904616625,2.557591038710739,True
8.942694164234148,2.319016073950041,3.5106302941023824,True
9.554648155306072,5.128969833660303,0.14378326989039403,True
6.310304512751373,1.266975028656514,4.3341124494919505,True
4.27410598211094,2.4870393421459323,2.0246988648644115,False
3.1715084520427905,8.13734353684175,3.131263020805364,True
8.498905345638267,1.2116141991677398,7.7589719993912984,True
2.2701931223739837,1.4504970990720378,8.255051580147546,False
7.898400950294385,6.701042684587173,2.799885937801098,True
0.38031591725301794,8.038481079671083,2.722416206494138,True
3.0586583761208175,4.181389438176648,1.6561357301578439,True
3.5899888631423726,6.331127942772561,7.304591129045079,True
0.39888078904699475,8.918713363666894,6.779249707422364,True
4.653404197714266,6.021251825330745,5.939523727656879,True
6.391036930909925,1.547952940492573,0.758564717864848,True
8.061728957786144,8.025575130195307,6.048796353222437,True
0.033456945606094024,6.241436670996903,4.43111740459404,False
8.628560368667062,6.312672403732401,3.653858938108512,True
2.267574374787382,2.257189129210638,6.0544416998729575,False
1.4361373818226852,2.1866470468080124,7.861068184678736,False
4.263595753983384,7.050997481787232,6.080077264037531,True
7.325599500585163,6.6544472384248134,3.6502908501803044,True
7.105281313670221,1.3018336065628355,1.4970156118565736,True
6.471517114665515,1.5359576563755994,1.8599271716055077,True
2.6613379127341927,5.9905210293843725,2.074107254481371,True
8.050600615616817,4.754328280152108,3.9027258079925984,True
7.868790632346229,7.3107021190584485,0.35714180729352285,True
8.942489815426024,1.4413381558480143,7.0901424740250345,True
7.936850505392505,8.940395720700527,3.2379833243221112,True
1.483228679765054,1.968001501907769,4.8523224457291425,False
2.5595042921859044,0.5586249635364349,9.353694701391484,False
5.04817096602865,8.67654608098102,2.2042686957417246,True
0.457741797965705,2.455465475407145,1.0009073586074835,False
9.894425190885554,0.5582850536562467,5.956023705871284,True
2.7789498516714617,4.698408367818757,7.177103039912359,True
4.507636174033999,3.005017135897037,5.333769096575071,True
4.648696367973927,7.6292396873927775,2.965190353901197,True
4.4039014713123015,6.438342967874654,2.9467047962948376,True
7.021486628144217,2.702188006812005,1.0548517378974964,True
5.133902003609191,3.304816134640233,6.433760318768906,True
8.46828198521234,3.2120247259952404,0.27945996534256334,True
1.8334986381458918,1.10359979359955,2.77482021769535,False
1.272656262772116,2.4470577071385646,4.779443245535234,False
6.290769292482139,7.210287738578035,1.5882934921038971,True
8.298320026994666,3.8378834178278765,0.20560196564359923,True
9.722253525873795,9.991880775459622,3.789385977227542,True
8.803298869884784,0.5206110588788593,3.1583989983588023,True
9.920103676316582,6.200321099867723,4.374139832433752,True
8.247768325591213,8.907626339637076,0.9029641384895981,True
6.61486978296745,9.655164863627954,0.08120033347186806,True
3.9587430837870397,2.9624415162519204,4.211697968133999,False
4.29601156849677,4.825687719477788,9.884127360541893,True
8.899009298599598,5.147882741437781,8.090526244979932,True
9.482613884016756,0.0846156501685158,7.465291068337301,True
0.17272088490979276,5.311065578607721,3.663279048359703,False
2.6355620790360046,6.178520046442043,6.92147789867441,True
7.001221973418134,4.64544313675872,7.687061864596768,True
9.418442621537555,8.00007262747939,8.817944312807732,True
7.761813254626851,7.685449396745028,0.7074050112248009,True
0.8888783783819987,3.850352907273129,8.51997720161776,False
1.583991720067205,7.164664900096717,2.314885609012929,True
6.605531616386463,0.6328573879327726,3.7137737370679123,True
3.1918716720473803,6.339019387623481,0.8506794391881645,True
6.39186124602949,1.8199210829643353,3.3705486054886737,True
4.432384631694185,5.840894785325309,1.8362792343215673,True
7.903352436163989,4.023570031208074,1.7152470592262237,True
9.173231462426205,4.5175996511784975,5.303807913207389,True
9.104639207809551,5.0704484120221425,8.103391017904416,True
2.2210838560657953,7.561447362477658,8.987797712248133,True
4.41573860000089,4.1951075300810885,5.242592572248851,True
9.007763539893512,0.3842267052941928,8.75037292136065,True
6.602346200906326,4.043357166222181,1.1191052455222272,True
8.66181302376777,6.877478229842251,5.72215978656118,True
8.651410435364845,6.122480973123637,1.998788181556932,True
9.532943787619365,7.250965480442135,1.2566800521544863,True
8.43147437920345,7.131810927322507,5.250147924563352,True
8.565521181023561,4.084403090819459,2.252523814772056,True
2.5788726085878864,7.260756233393016,0.10554522120752252,True
2.8915883682835575,0.2483685657762713,9.877396592887635,False
6.767899581972046,7.378667433613427,2.8427325283231166,True
4.43023969632268,1.2658859032883807,0.23708688381878784,False
5.213244832812375,8.487842305914434,1.0776227918767822,True
6.670884966339754,9.10706159001674,6.384993276646683,True
5.877609302100191,7.750526224246124,1.8860246248219337,True
8.234667088452095,6.867801664279639,3.890251042111551,True
7.718704584037481,3.967547994099765,5.821816004275827,True
5.685051277312564,3.774518452077383,2.7786804890298122,True
1.3134658828906665,1.15464239311168,7.697928150337675,False
0.2164483313720833,3.171870306801722,5.3327712545632195,False
6.782103902082043,3.643155400480216,4.764544617249822,True
9.183318531702458,8.96034192654925,6.15894146441217,True
7.315329619564663,7.6941062399385585,7.937807784596219,True
5.386619697396995,6.309324050998882,8.950480301724642,True
3.3002656202349447,8.921642279052378,8.220700526694246,True
8.97064503553745,7.431430635383353,6.596813087594428,True
1.9092492643362247,9.548723009261856,4.736227769123604,True
5.909964790834569,0.22919365482587328,0.6499899171056178,False
8.329057485469647,2.8863528049033746,7.7966274213912135,True
2.908412347579945,6.17084858325409,9.357837333029348,True
3.236350197017215,3.185072780271777,1.1025796890552908,False
7.63753800686001,6.033700298427568,6.794153072740206,True
6.106904493516544,4.848661143845895,8.512330128019777,True
2.353519750446782,8.532070485017124,2.6881688696628645,True
8.016546331205669,8.703740472918005,9.311455755267897,True
9.261676851228643,6.662643304373521,6.684636708908583,True
5.959628662006803,1.405552727400411,8.51059645785261,True
0.15419709671445014,0.9196060256901206,1.5466182243395177,False
8.059730178664394,8.812857823783634,0.43940909410491336,True
6.110564945931158,8.256662948189609,1.668138886589795,True
8.423333694527665,4.525700865639193,8.045223581427116,True
3.9755391930382067,2.7498488800250964,5.048971719002226,False
3.716827486527036,2.201337906950057,4.338812877448604,False
2.0778804181795305,3.252694069379072,9.306342768788218,False
9.869503726880088,7.506481256010793,0.8019435360022387,True
3.665404494822174,9.103320553466554,0.9292782139984002,True
3.7247297157236616,3.869385796538375,7.927203235319983,True
6.729867702308708,9.280010115945046,4.394730049241582,True
1.7734117409867756,1.2092838472280543,4.88283564918344,False
4.957622567443172,7.068125520092354,3.0566029455341237,True
9.542110709098093,0.028272026420442797,3.0389312450647807,True
6.60514714081717,5.773746519462309,3.102753997840461,True
1.4040741153230551,1.3091760073256697,6.455589004077683,False
0.969346930129712,4.180714297589948,8.163603700444357,False
2.278326761778582,3.7158679104886616,5.923262127344123,False
3.0980170945581698,2.4753737548412182,2.8528158379965864,False
3.651697076571746,3.594927763445457,2.4017441574731127,True
8.854895427781177,0.6057510354670737,1.6317679988874323,True
2.632765897092375,5.489181476338429,3.5138272663610284,True
8.660501318797792,1.5618722816669972,5.314208245048308,True
3.9671300498677384,6.116775909489557,3.3116308317099588,True
6.114522658916109,7.401036731892674,9.884705127018261,True
3.5013843251812937,8.60071602040173,6.381497679036798,True
4.148017466630175,3.321532939249919,3.6473682421502795,True
3.2738680133559352,6.2821502485644345,6.923091945091018,True
6.295354777176402,8.732676252432295,8.0544366348649,True
3.9723938511030066,7.637039511635631,6.975008467088889,True
8.594657720958146,2.4670806830840233,7.60324560258921,True
0.2650116947944303,2.762592911068422,5.285696512061069,False
5.677441802720589,9.123107161949047,8.382925108813586,True
7.107819885630385,2.733827829091009,3.1805016640550834,True
2.3968100475391463,3.4412275733643325,1.3182580482194928,False
4.358977842458849,1.5274752889630305,8.272414166846003,False
6.002345123013061,9.694194008606548,2.4352674307408897,True
8.504224334723702,4.159463561297178,7.8373977318174735,True
0.20660933730131448,9.84795160429471,2.5691179782013265,True
1.3569681887311902,3.8522336206744976,8.603378419597707,False
1.0237876724662176,0.29299162576027604,9.003204182664867,False
5.5024484836958525,6.155689961711373,6.778001262400232,True
4.051206129181582,1.6110857767725506,4.991651287938813,False
3.2135030652537635,0.6210880546756548,0.11603208781028052,False
0.9168639035608961,8.52180233632607,4.567494268930429,True
4.3154849669930995,4.907494466964318,2.197765819584453,True
3.4853715883493033,8.747060736749987,5.2668782386504756,True
6.73739222934371,3.592649671170356,4.655138345127284,True
9.693131926528526,1.4369729377365348,2.0880188154250554,True
9.30654729804682,0.12767045686964962,9.809817501766139,True
6.916927527923754,2.8830293217307847,8.439196604256574,True
3.5880448005134458,0.2201923430473185,8.345676887002462,False
3.4496969459603966,1.5308590337159023,0.20555824266034972,False
1.5556595829349518,8.229741612616598,1.9013503604907733,True
4.356704980030911,3.960972752903169,2.7370237639971418,True
4.788190703234665,6.182859166830854,4.8636721812771615,True
4.534261519018421,4.631653615024533,2.65320840535559,True
8.222210198381916,6.514820906693203,3.8909198718025486,True
6.618535739869591,6.282859526575924,3.1522056423242804,True
2.0847487236432216,6.769646666720926,2.2129457208056493,True
3.200482807013738,1.2313633087440068,6.206797890887794,False
1.3172282561118298,0.9293349963436259,0.5506611482127055,False
2.7515779513622016,9.127181615154422,5.16143925109032,True
6.003147118962523,2.6899873167306287,0.9622485413111859,True
6.672129940481806,7.602741357277422,4.552294301143961,True
2.7993285913948904,5.915366026711789,5.815991116709518,True
9.790332577037718,3.6091652268136096,7.333469350492031,True
6.798680505871035,7.88129379840493,2.973154863467186,True
7.880345996558194,7.2868229761675165,7.205057108427896,True
0.030787995153498393,2.7209219352838545,0.8240997233075742,False
2.5743083252413426,3.3773287572336597,4.9739904292498665,False
5.678794786373652,9.769992493056428,2.2237992001408315,True
6.548373676246168,7.539472136132638,4.820412841881952,True
7.748099069713181,0.6987585147512343,2.70630329337476,True
5.310287615804215,7.595649818538602,2.124603017549794,True
8.673973208177538,0.7482163781101248,6.887749307920627,True
6.431784817361329,9.785702242990848,9.819674523256682,True
4.548993751361975,4.5518894018145435,6.012946657481605,True
4.121201354187141,8.237184044707433,5.509824394131321,True
4.731692164498509,9.651624632360788,6.656140976370346,True
2.7254006904103587,6.4644789152184075,2.6992648130957866,True
9.423565605255172,7.205913407249795,2.7759439953393015,True
0.6459582137458553,2.291182888752469,9.535538902334403,False
4.359422776583114,6.82722039154565,6.400634311722532,True
3.9864047599477956,1.360565962209651,5.476977410218008,False
6.710006560957453,6.963158290652603,1.5212489342387947,True
